{"raw_detected_boxes": [[], [], [{"x2": 762.0, "y1": 112.0, "x1": 129.0, "y2": 849.0}], [], [], [], [], []], "raw_pdffigures_output": {"regionless-captions": [], "figures": [{"figType": "Figure", "name": "1", "captionBoundary": {"x2": 457.1508483886719, "y1": 627.2447509765625, "x1": 182.33999633789062, "y2": 634.4476318359375}, "imageText": [], "regionBoundary": {"x2": 560.0, "y1": 80.0, "x1": 91.0, "y2": 618.0}, "caption": "Figure 1: Design for the USC/ISI Japanese-English MT system.", "page": 2}]}, "figures": [{"page_width": 0, "caption_boundary": {"x2": 634.9317338731554, "y1": 871.1732652452257, "x1": 253.24999491373697, "y2": 881.177266438802}, "name": "1", "caption_text": "Figure 1: Design for the USC/ISI Japanese-English MT system.", "figure_type": "Figure", "uri": null, "page_height": 0, "figure_boundary": {"x2": 774.0, "y1": 112.0, "x1": 127.0, "y2": 858.0}, "page": 2, "dpi": 0}], "error": null, "pdf": "/work/host-output/f3125d995046ecf8cf43c2d9175630eafaa90ba9/1994.amta-1.18.pdf", "dpi": 100}