{"raw_detected_boxes": [[], [], [], [], [], [], [{"x2": 589.0, "y1": 102.0, "x1": 219.0, "y2": 490.0}], []], "raw_pdffigures_output": {"regionless-captions": [], "figures": [{"figType": "Figure", "name": "1", "captionBoundary": {"x2": 442.0570983886719, "y1": 352.8024597167969, "x1": 187.97999572753906, "y2": 360.3595886230469}, "imageText": [], "regionBoundary": {"x2": 446.0, "y1": 72.0, "x1": 151.0, "y2": 343.0}, "caption": "Figure 1: ILustrate Design: Lexical Component View", "page": 6}]}, "figures": [{"page_width": 0, "caption_boundary": {"x2": 613.9681922064887, "y1": 490.003416273329, "x1": 261.0833273993598, "y2": 500.49942864312067}, "name": "1", "caption_text": "Figure 1: ILustrate Design: Lexical Component View", "figure_type": "Figure", "uri": null, "page_height": 0, "figure_boundary": {"x2": 606.0, "y1": 100.0, "x1": 218.0, "y2": 503.0}, "page": 6, "dpi": 0}], "error": null, "pdf": "/work/host-output/c1d5eb093e7d31adaecf1a9adc7574da27102299/1994.amta-1.6.pdf", "dpi": 100}