{"raw_detected_boxes": [[], [{"x2": 748.0, "y1": 443.0, "x1": 435.0, "y2": 630.0}], [{"x2": 411.0, "y1": 189.0, "x1": 109.0, "y2": 414.0}], []], "raw_pdffigures_output": {"regionless-captions": [], "figures": [{"figType": "Figure", "name": "2", "captionBoundary": {"x2": 254.3260498046875, "y1": 300.8578796386719, "x1": 89.52100372314453, "y2": 307.9179992675781}, "imageText": [], "regionBoundary": {"x2": 300.0, "y1": 130.0, "x1": 78.0, "y2": 299.0}, "caption": "Fig. 2: A screenshot of the Form tutor.", "page": 2}, {"figType": "Figure", "name": "1", "captionBoundary": {"x2": 511.2485046386719, "y1": 468.8578796386719, "x1": 336.0010070800781, "y2": 475.9179992675781}, "imageText": [], "regionBoundary": {"x2": 542.0, "y1": 316.0, "x1": 313.0, "y2": 455.0}, "caption": "Fig. 1: A screenshot of the Balloon tutor.", "page": 1}]}, "figures": [{"page_width": 0, "caption_boundary": {"x2": 710.0673675537109, "y1": 651.1914994981554, "x1": 466.6680653889974, "y2": 660.9972212049696}, "name": "1", "caption_text": "Fig. 1: A screenshot of the Balloon tutor.", "figure_type": "Figure", "uri": null, "page_height": 0, "figure_boundary": {"x2": 752.0, "y1": 439.0, "x1": 435.0, "y2": 631.0}, "page": 1, "dpi": 0}, {"page_width": 0, "caption_boundary": {"x2": 353.2306247287326, "y1": 417.858166164822, "x1": 124.33472739325629, "y2": 427.6638878716363}, "name": "2", "caption_text": "Fig. 2: A screenshot of the Form tutor.", "figure_type": "Figure", "uri": null, "page_height": 0, "figure_boundary": {"x2": 416.0, "y1": 181.0, "x1": 109.0, "y2": 431.0}, "page": 2, "dpi": 0}], "error": null, "pdf": "/work/host-output/c869b2821e3555e4a11a0d11c6443d510e0a3aea/2007.sigdial-1.43.pdf", "dpi": 100}