{"raw_detected_boxes": [[], [], [{"x2": 685.0, "y1": 753.0, "x1": 142.0, "y2": 900.0}], [], [], [], [], [], [], [], [{"x2": 687.0, "y1": 649.0, "x1": 140.0, "y2": 817.0}], [{"x2": 671.0, "y1": 126.0, "x1": 139.0, "y2": 294.0}], [{"x2": 656.0, "y1": 191.0, "x1": 144.0, "y2": 653.0}], [], [{"x2": 657.0, "y1": 167.0, "x1": 156.0, "y2": 644.0}], [{"x2": 604.0, "y1": 295.0, "x1": 140.0, "y2": 447.0}], [{"x2": 656.0, "y1": 171.0, "x1": 161.0, "y2": 648.0}], [{"x2": 654.0, "y1": 191.0, "x1": 142.0, "y2": 653.0}], [{"x2": 624.0, "y1": 297.0, "x1": 157.0, "y2": 747.0}], [], [{"x2": 624.0, "y1": 167.0, "x1": 157.0, "y2": 649.0}], [], [], [{"x2": 678.0, "y1": 326.0, "x1": 156.0, "y2": 855.0}], [{"x2": 647.0, "y1": 225.0, "x1": 177.0, "y2": 836.0}], [], [], [], []], "raw_pdffigures_output": {"regionless-captions": [], "figures": [{"figType": "Table", "name": "2", "captionBoundary": {"x2": 489.1960754394531, "y1": 609.866455078125, "x1": 106.08451843261719, "y2": 628.6470336914062}, "imageText": ["original", "0.00123", "0.00136", "\u2013ing", "0.00119", "0.00132", "\u2013ed", "0.00127", "0.00132", "genitive", "\u2019s", "0.00125", "0.00131", "plural", "\u2013s", "0.00119", "0.00132", "3rd", "person", "singular", "\u2013s", "0.0012", "0.00132", "Morph", "Standard", "deviation", "Morphological", "complexity", "Syntactic", "complexity"], "regionBoundary": {"x2": 499.0, "y1": 465.8900146484375, "x1": 98.0, "y2": 591.8900146484375}, "caption": "TABLE 2 Dispersion across individual measuring points of morphological and syntactic complexity scores in the mixed-genre corpus by morph.", "page": 10}, {"figType": "Figure", "name": "2", "captionBoundary": {"x2": 487.5093994140625, "y1": 501.1060791015625, "x1": 107.77200317382812, "y2": 534.1339721679688}, "imageText": [], "regionBoundary": {"x2": 497.0, "y1": 84.8900146484375, "x1": 98.0, "y2": 483.8900146484375}, "caption": "FIGURE 2 Morphological ranking of morphs according to textual morph complexity in the mixed-genre corpus. Abscissa indexes increased morphological complexity.", "page": 14}, {"figType": "Figure", "name": "6", "captionBoundary": {"x2": 477.6020812988281, "y1": 501.1060791015625, "x1": 117.674560546875, "y2": 534.1339721679688}, "imageText": [], "regionBoundary": {"x2": 497.0, "y1": 84.8900146484375, "x1": 98.0, "y2": 483.8900146484375}, "caption": "FIGURE 6 Syntactic ranking of constructions according to textual construction complexity in the mixed-genre corpus. Abscissa indexes increased syntactic complexity.", "page": 20}, {"figType": "Table", "name": "1", "captionBoundary": {"x2": 480.01263427734375, "y1": 668.27294921875, "x1": 115.26164245605469, "y2": 687.0535278320312}, "imageText": ["The", "Gospel", "of", "Mark", "religious", "14,009", "Euro-Congo", "corpus", "newspaper", "14,007", "Total", "42,026", "literary", "14,010", "Alice\u2019s", "Adventures", "in", "Wonder-", "land", "Text", "/", "Corpus", "Genre", "Number", "of", "words"], "regionBoundary": {"x2": 502.0, "y1": 539.8900146484375, "x1": 98.0, "y2": 650.8900146484375}, "caption": "TABLE 1 Number of words per corpus component of the mixed-genre corpus.", "page": 2}, {"figType": "Figure", "name": "4", "captionBoundary": {"x2": 434.6980285644531, "y1": 501.1060791015625, "x1": 160.5726318359375, "y2": 505.6392517089844}, "imageText": [], "regionBoundary": {"x2": 497.0, "y1": 84.8900146484375, "x1": 98.0, "y2": 483.8900146484375}, "caption": "FIGURE 4 Morphological by syntactic complexity of", "page": 17}, {"figType": "Figure", "name": "1", "captionBoundary": {"x2": 488.300537109375, "y1": 501.1060791015625, "x1": 106.97766876220703, "y2": 534.1339721679688}, "imageText": [], "regionBoundary": {"x2": 497.0, "y1": 84.8900146484375, "x1": 98.0, "y2": 483.8900146484375}, "caption": "FIGURE 1 Morphological by syntactic complexity of morph-manipulated texts and original text. Abscissa indexes increased syntactic complexity, ordinate indexes increased morphological complexity.", "page": 12}, {"figType": "Figure", "name": "5", "captionBoundary": {"x2": 483.86285400390625, "y1": 594.1890869140625, "x1": 111.41217041015625, "y2": 627.2169799804688}, "imageText": [], "regionBoundary": {"x2": 497.0, "y1": 177.8900146484375, "x1": 98.0, "y2": 576.8900146484375}, "caption": "FIGURE 5 Morphological ranking of constructions according to textual construction complexity in the mixed-genre corpus. Abscissa indexes increased morphological complexity.", "page": 18}, {"figType": "Figure", "name": "3", "captionBoundary": {"x2": 494.6125793457031, "y1": 501.1060791015625, "x1": 100.6645736694336, "y2": 534.1339721679688}, "imageText": [], "regionBoundary": {"x2": 497.0, "y1": 84.8900146484375, "x1": 98.0, "y2": 483.8900146484375}, "caption": "FIGURE 3 Syntactic ranking of morphs according to textual morph complexity in the mixed-genre corpus. Abscissa indexes increased syntactic complexity.", "page": 16}, {"figType": "Table", "name": "3", "captionBoundary": {"x2": 494.88494873046875, "y1": 229.69259643554688, "x1": 100.3902587890625, "y2": 248.47314453125}, "imageText": ["original", "0.00123", "0.00133", "going", "to", "0.00124", "0.00125", "passive", "0.00125", "0.00132", "perfect", "0.00125", "0.00128", "progressive", "0.00123", "0.00153", "will", "0.00121", "0.00133", "Construction", "Standard", "deviation", "Morphological", "complexity", "Syntactic", "complexity"], "regionBoundary": {"x2": 484.0, "y1": 84.8900146484375, "x1": 98.0, "y2": 211.8900146484375}, "caption": "TABLE 3 Dispersion across individual measuring points of morphological and syntactic complexity scores in the mixed-genre corpus by construction.", "page": 11}, {"figType": "Table", "name": "4", "captionBoundary": {"x2": 492.0489196777344, "y1": 339.1368103027344, "x1": 103.23348999023438, "y2": 386.4119873046875}, "imageText": ["Brown\u2019s", "order", "of", "acquisition", "Morphological", "complexity", "Morpheme", "Morph", "Progressive", "\u2013ing", "\u2013ing", "Plural", "\u2013s", "\u2013ed", "Genitive", "\u2013s", "Genitive", "\u2013s", "Past", "\u2013ed", "Plural", "\u2013s", "3rd", "ps", "sg", "\u2013s", "regular", "3rd", "ps", "sg", "\u2013s"], "regionBoundary": {"x2": 436.0, "y1": 209.8900146484375, "x1": 98.0, "y2": 321.8900146484375}, "caption": "TABLE 4 Mean ranking of grammatical morphemes according to Brown\u2019s acquisitional order (Brown 1973 in Goldschneider and DeKeyser 2005: 72) and morphological complexity ranking of the five morphs in the mixed-genre corpus.", "page": 15}]}, "figures": [{"page_width": 0, "caption_boundary": {"x2": 666.6842142740885, "y1": 928.1568739149305, "x1": 160.08561452229816, "y2": 954.2410108778212}, "name": "1", "caption_text": "TABLE 1 Number of words per corpus component of the mixed-genre corpus.", "figure_type": "Table", "uri": null, "page_height": 0, "figure_boundary": {"x2": 696.0, "y1": 749.0, "x1": 137.0, "y2": 904.0}, "page": 2, "dpi": 0}, {"page_width": 0, "caption_boundary": {"x2": 679.4389936659071, "y1": 847.0367431640625, "x1": 147.33960893419052, "y2": 873.1208801269531}, "name": "2", "caption_text": "TABLE 2 Dispersion across individual measuring points of morphological and syntactic complexity scores in the mixed-genre corpus by morph.", "figure_type": "Table", "uri": null, "page_height": 0, "figure_boundary": {"x2": 692.0, "y1": 646.0, "x1": 137.0, "y2": 823.0}, "page": 10, "dpi": 0}, {"page_width": 0, "caption_boundary": {"x2": 687.3402065700955, "y1": 319.01749504937067, "x1": 139.43091498480902, "y2": 345.1015896267361}, "name": "3", "caption_text": "TABLE 3 Dispersion across individual measuring points of morphological and syntactic complexity scores in the mixed-genre corpus by construction.", "figure_type": "Table", "uri": null, "page_height": 0, "figure_boundary": {"x2": 672.0, "y1": 118.0, "x1": 137.0, "y2": 295.0}, "page": 11, "dpi": 0}, {"page_width": 0, "caption_boundary": {"x2": 678.1951904296875, "y1": 695.9806654188368, "x1": 148.5800955030653, "y2": 741.8527391221788}, "name": "1",