{"raw_detected_boxes": [[], [{"x2": 478.0, "y1": 381.0, "x1": 241.0, "y2": 558.0}], [], [], [], [], [], [{"x2": 514.0, "y1": 238.0, "x1": 329.0, "y2": 294.0}], [{"x2": 540.0, "y1": 194.0, "x1": 303.0, "y2": 433.0}], [], [], [], [], [], [], [], [], [], [], [], [], [], [{"x2": 633.0, "y1": 271.0, "x1": 214.0, "y2": 325.0}], [], [], [], [], [{"x2": 631.0, "y1": 194.0, "x1": 215.0, "y2": 398.0}], [], [], [], [], [{"x2": 629.0, "y1": 272.0, "x1": 214.0, "y2": 330.0}], [{"x2": 561.0, "y1": 746.0, "x1": 225.0, "y2": 853.0}], [], [], [], [], [], [], [], [], [], [{"x2": 632.0, "y1": 243.0, "x1": 214.0, "y2": 442.0}], [{"x2": 515.0, "y1": 243.0, "x1": 321.0, "y2": 410.0}], [], [], [], [], [{"x2": 617.0, "y1": 223.0, "x1": 237.0, "y2": 481.0}], [], [], [], [], [], [], [{"x2": 549.0, "y1": 230.0, "x1": 298.0, "y2": 849.0}], [], [{"x2": 554.0, "y1": 425.0, "x1": 220.0, "y2": 825.0}], [], [{"x2": 479.0, "y1": 294.0, "x1": 232.0, "y2": 427.0}], [{"x2": 585.0, "y1": 203.0, "x1": 242.0, "y2": 415.0}], [], [], [], [], [], [], [], [], [], [], [], [], [], [], [], [], [], [], [{"x2": 616.0, "y1": 191.0, "x1": 298.0, "y2": 455.0}], [], [], [], [], [], [], [], [], [], [], [], [], [], [], [], [], [], [], [], [], [], [], [], [], []], "raw_pdffigures_output": {"regionless-captions": [], "figures": [{"figType": "Table", "name": "3", "captionBoundary": {"x2": 458.9992370605469, "y1": 142.62088012695312, "x1": 152.99998474121094, "y2": 182.18902587890625}, "imageText": ["=", "5.3", "OLD(dog)", "runs", "(0.5\u21e5", "1)", "+", "(0\u21e5", "5)", "=", "0.5", "barks", "(0.3\u21e5", "1)", "+", "(5\u21e5", "1)", "=", "barks", "5", "dog", "runs", "1", "\u21e5", "barks", "0.3", "1", "OLD", "runs", "barks", "runs", "0.5", "0"], "regionBoundary": {"x2": 453.0, "y1": 195.0, "x1": 153.0, "y2": 243.0}, "caption": "TABLE 3: The adjective old as the distributional function encoded in the matrix on the left. The function is applied to the noun dog via matrixby-vector multiplication to obtain a compositional distributional representation of old dog (right).", "page": 32}, {"figType": "Table", "name": "2", "captionBoundary": {"x2": 459.01910400390625, "y1": 142.62088012695312, "x1": 152.9999542236328, "y2": 182.18902587890625}, "imageText": ["runs", "1", "4", "0", "1", "4", "0", "0", "barks", "5", "0", "7", "12", "7", "35", "0", "additive", "multiplicative", "dog", "cat", "old", "old", "+", "dog", "old", "+", "cat", "old", "dog", "old", "cat"], "regionBoundary": {"x2": 458.0, "y1": 195.0, "x1": 154.0, "y2": 234.0}, "caption": "TABLE 2: Left: distributional vectors representing the words dog, cat and old. Center: adding the old vector to dog and cat, respectively, to derive old dog and old cat vectors. Right: The same derivations using component-wise multiplication.", "page": 22}, {"figType": "Table", "name": "5", "captionBoundary": {"x2": 458.9974060058594, "y1": 142.62088012695312, "x1": 152.99998474121094, "y2": 158.27899169921875}, "imageText": ["some", "cats", "some", "co\u21b5ee", "some", "dogs", "some", "tea", "most", "cats", "some", "breakfast", "most", "dogs", "some", "dinner", "many", "cats", "some", "chocolate", "many", "dogs", "another", "bottle", "most", "rabbits", "some", "beer", "some", "breeds", "another", "drink", "most", "animals", "some", "cake", "some", "horses", "some", "toast", "some", "babies", "more", "beer"], "regionBoundary": {"x2": 379.0, "y1": 171.0, "x1": 230.0, "y2": 304.0}, "caption": "TABLE 5: A choice of nearest neighbours (among top 20) of the corpusderived vectors for some cats and some co\u21b5ee.", "page": 44}, {"figType": "Figure", "name": "2", "captionBoundary": {"x2": 459.0003967285156, "y1": 303.784912109375, "x1": 153.0, "y2": 379.2189025878906}, "imageText": ["old()", "dog", "old(dog)", "ba", "rk", "s", "runs", "4", "5", "2", "3", "0", "1", "0.0", "0.2", "0.4", "0.6", "0.8", "1.0", "old", "old", "+", "dog", "dog", "ba", "rk", "s", "runs", "12", "8", "10", "4", "6", "0", "2", "0.0", "0.5", "1.0", "1.5"], "regionBoundary": {"x2": 455.0, "y1": 140.0, "x1": 154.45599365234375, "y2": 288.2919921875}, "caption": "FIGURE 2: Mixture-based composition, such as the additive model illustrated in the left panel, takes distributional vectors representing two words and \u201cmixes\u201d them (e.g., adds their components) to obtain the representation of a phrase. In a function-based model, such as the one illustrated on the right, one of the two words is not a vector, but a function exerting an action on the argument vector to move it to a new position in semantic space.", "page": 27}, {"figType": "Figure", "name": "3", "captionBoundary": {"x2": 459.0004577636719, "y1": 362.389892578125, "x1": 153.0, "y2": 437.82391357421875}, "imageText": ["function", "to", "estimate", "training", "example", "(input)", "training", "example", "(output)", "pie", "meat", "girls.eat.pie", "boys.eat.pie", "girls", "boys", "EAT", "PIE", "STEP", "2:", "ESTIMATE", "V", "TENSOR", "cats.eat.meat", "dogs.eat.meat", "cats", "dogs", "EAT", "EAT", "PIE", "EAT", "MEAT", "EAT", "MEAT"], "regionBoundary": {"x2": 443.939453125, "y1": 159.0, "x1": 168.3393096923828, "y2": 348.0}, "caption": "FIGURE 3: Estimating a tensor for eat in two steps. We first estimate matrices for eat meat, eat pie, etc., by regression on input subject and output subject-eat-object vector pairs (directly extracted from the corpus). We then estimate the tensor for eat by regression with the matrices estimated in the first step as output examples, and the vectors for the corresponding objects as input examples (from Grefenstette et al. 2013).", "page": 49}, {"figType": "Table", "name": "1", "captionBoundary": {"x2": 458.9947509765625, "y1": 142.62088012695312, "x1": 153.0, "y2": 158.27899169921875}, "imageText": ["dog", "hyena", "cat", "runs", "1", "1", "4", "barks", "5", "2", "0"], "regionBoundary": {"x2": 372.0, "y1": 172.0, "x1": 237.0, "y2": 214.0}, "caption": "TABLE 1: Distributional vectors representing the words dog, hyena and cat.", "page": 7}, {"figType": "Figure", "name": "4", "captionBoundary": {"x2": 456.04296875, "y1": 345.4989013671875, "x1": 155.94400024414062, "y2": 349.2019958496094}, "imageText": ["hopes", "die", "last", "sleep", "on", "this", "idea", "some", "ideas", "are", "dangerous", "driving", "was", "a", "bad", "idea", "great", "ideas", "will", "last", "colorless", "green", "ideas", "sleep", "furiously"], "regionBoundary": {"x2": 444.021728515625, "y1": 138.0, "x1": 168.12911987304688, "y2": 328.7655944824219}, "caption": "FIGURE 4: Nonsensical sentences might be isolated in semantic space.", "page": 80}, {"figType": "Table", "name": "4", "captionBoundary": {"x2": 458.9932861328125, "y1": 142.62088012695312, "x1": 153.0, "y2": 158.27899169921875}, "imageText": ["bad", "luck", "electronic", "communities", "historical", "map", "bad", "electronic", "storage", "topographical", "bad", "weekend", "electronic", "transmission", "atlas", "good", "spirit", "purpose", "historical", "material", "important", "route", "nice", "girl", "little", "war", "important", "transport", "good", "girl", "great", "war", "important", "road", "big", "girl", "major", "war", "major", "road", "guy", "small", "war", "red", "cover", "special", "collection", "young", "husband", "black", "cover", "general", "collection", "small", "son", "hardback", "small", "collection", "small", "daughter", "red", "label", "archives", "mistress"], "regionBoundary": {"x2": 458.0, "y1": 172.0, "x1": 154.0, "y2": 319.0}, "caption": "TABLE 4: The 3 nearest neighbours of the corpus-derived distributional vectors of 9 randomly selected ANs (from Baroni and Zamparelli 2010).", "page": 43}, {"figType": "Figure", "name": "1", "captionBoundary": {"x2": 439.6728820800781, "y1": 328.98590087890625, "x1": 172.32000732421875, "y2": 332.6889953613281}, "imageText": ["dog=(1,5)", "hyena=(1,2)", "cat=(4,0)", "ba", "rk", "s", "runs", "6", "4", "5", "2", "3", "0", "1", "0", "1", "2", "3", "4", "5", "6"], "regionBoundary": {"x2": 390.0, "y1": 140.0, "x1": 219.83099365234375,