{"raw_detected_boxes": [[], [], [{"x2": 658.0, "y1": 745.0, "x1": 166.0, "y2": 950.0}], [{"x2": 721.0, "y1": 574.0, "x1": 125.0, "y2": 741.0}], [{"x2": 707.0, "y1": 133.0, "x1": 120.0, "y2": 384.0}, {"x2": 716.0, "y1": 755.0, "x1": 107.0, "y2": 949.0}], [{"x2": 644.0, "y1": 572.0, "x1": 200.0, "y2": 761.0}], []], "raw_pdffigures_output": {"regionless-captions": [], "figures": [{"figType": "Table", "name": "1", "captionBoundary": {"x2": 374.4466552734375, "y1": 695.758544921875, "x1": 219.71800231933594, "y2": 701.760986328125}, "imageText": ["Total", "3", "139", "14,3", "11,5", "44", "723", "5", "892", "CDGFr-devel", "1", "995", "11,1", "7,0", "22", "195", "3", "526", "Zola", "100", "30,0", "25,0", "3", "004", "1", "029", "C\u00e9line", "91", "19,8", "25,1", "1", "801", "603", "Camus", "319", "16,5", "12,4", "5", "253", "1", "268", "Le", "Cl\u00e9zio", "528", "18,7", "10,2", "9", "894", "1", "730", "Nantes", "Passion", "42", "22,8", "13,4", "957", "436", "Univers", "64", "25,3", "13,5", "1", "619", "643", "total", "longueur", "total", "formes", "\ufb02\u00e9chies", "diff.", "moyenne", "\u00e9cart-type", "Corpus", "Phrases", "Mots", "(ponctuations", "comprises)"], "regionBoundary": {"x2": 475.0, "y1": 531.8900146484375, "x1": 119.0, "y2": 683.8900146484375}, "caption": "TABLE 1 \u2013 Caract\u00e9ristiques des corpus", "page": 2}, {"figType": "Table", "name": "4", "captionBoundary": {"x2": 423.15704345703125, "y1": 559.7385864257812, "x1": 185.40899658203125, "y2": 565.7410278320312}, "imageText": ["Total", "3", "139", "1", "280", "(40,8", "%)", "39", "372", "1", "661", "(4,2", "%)", "CDGFr-devel", "1", "995", "864", "(43,3", "%)", "19", "340", "1", "095", "(5,7", "%)", "Zola", "100", "41", "(41,0", "%)", "2", "646", "65", "(2,7", "%)", "C\u00e9line", "91", "36", "(39,6", "%)", "1", "560", "68", "(4,4", "%)", "Camus", "319", "158", "(49,5", "%)", "4", "707", "216", "(4,6", "%)", "Le", "Cl\u00e9zio", "528", "151", "(28,6", "%)", "8", "791", "187", "(2,1", "%)", "Nantes", "Passion", "42", "9", "(21,4", "%)", "868", "9", "(1,0", "%)", "Univers", "64", "21", "(32,8", "%)", "1", "460", "21", "(1,4", "%)", "total", "non-projectives", "(%)", "total", "discontinues", "(%)", "Corpus", "Structures", "de", "d\u00e9pendances", "D\u00e9pendances"], "regionBoundary": {"x2": 466.0, "y1": 407.8900146484375, "x1": 142.0, "y2": 547.8900146484375}, "caption": "TABLE 4 \u2013 Statistiques sur les d\u00e9pendances et les structures", "page": 5}, {"figType": "Figure", "name": "1", "captionBoundary": {"x2": 531.79638671875, "y1": 304.9085388183594, "x1": 62.36899948120117, "y2": 310.9110107421875}, "imageText": ["#\u2199copred", "#\u2199clit-g-obj", "#\u2199re\ufb02ex", "det", "aux-g", "pred", "re\ufb02excopred", "clit-g-obj", "@cm", "@fs", "S", "O", "Des", "directives", ",", "ils", "s\u2019", "en", "sont", "donne\u0301es", "."], "regionBoundary": {"x2": 509.0, "y1": 70.8900146484375, "x1": 85.33515930175781, "y2": 286.8900146484375}, "caption": "FIGURE 1 \u2013 Structure de d\u00e9pendances du corpus CDGFr-devel pour la phrase \u00ab Des directives, ils s\u2019en sont donn\u00e9es \u00bb", "page": 4}, {"figType": "Table", "name": "3", "captionBoundary": {"x2": 537.9044189453125, "y1": 698.3275756835938, "x1": 56.01199722290039, "y2": 716.2850341796875}, "imageText": ["AGENT", "(0,21", "%", "/", "0,02", "%)", "COPUL", "(2,67", "%", "/", "0,04", "%)", "PRED", "(9,94", "%", "/", "0,00", "%)", "AGGR", "(1,46", "%", "/", "0,05", "%)", "CORREL", "(0,04", "%", "/", "0,00", "%)", "PREFIXA", "(0,02", "%", "/", "0,00", "%)", "APPOS", "(0,92", "%", "/", "0,15", "%)", "DEICT", "(0,03", "%", "/", "0,00", "%)", "PREPOS", "(8,29", "%", "/", "0,00", "%)", "APPROX", "(0,06", "%", "/", "0,00", "%)", "DET", "(10,64", "%", "/", "0,00", "%)", "PUNCT", "(12,74", "%", "/", "0,00", "%)", "ATTR", "(2,95", "%", "/", "0,02", "%)", "EMPHAT", "(0,71", "%", "/", "0,00", "%)", "QUANT", "(0,92", "%", "/", "0,08", "%)", "AUX", "(2,35", "%", "/", "0,00", "%)", "EXPLET", "(0,11", "%", "/", "0,02", "%)", "QUANTIF", "(0,29", "%", "/", "0,00", "%)", "CIRC", "(6,38", "%", "/", "0,00", "%)", "GER", "(0,15", "%", "/", "0,00", "%)", "REFLEX", "(0,97", "%", "/", "0,50", "%)", "CLAUS", "(2,83", "%", "/", "0,00", "%)", "INF", "(2,96", "%", "/", "0,00", "%)", "REL", "(1,03", "%", "/", "0,26", "%)", "CLIT", "(1,82", "%", "/", "0,85", "%)", "INTERROG", "(0,06", "%", "/", "0,00", "%)", "RESTRICT", "(1,14", "%", "/", "0,02", "%)", "COMPAR", "(0,44", "%", "/", "0,00", "%)", "JUNC", "(3,49", "%", "/", "0,00", "%)", "SELECT", "(0,12", "%", "/", "0,02", "%)", "CONJ", "(0,47", "%", "/", "0,00", "%)", "MODIF", "(3,14", "%", "/", "0,08", "%)", "SENT", "(7,53", "%", "/", "0,00", "%)", "COORDV", "(1,36", "%", "/", "0,00", "%)", "NEG", "(1,51", "%", "/", "1,15", "%)", "VOCATIVE", "(0,19", "%", "/", "0,00", "%)", "COPRED", "(0,08", "%", "/", "0,33", "%)", "OBJ", "(6,26", "%", "/", "0,12", "%)"], "regionBoundary": {"x2": 515.649658203125, "y1": 543.8900146484375, "x1": 76.02401733398438, "y2": 686.8900146484375}, "caption": "TABLE 3 \u2013 Liste des groupes de d\u00e9pendances de la grammaire cat\u00e9gorielle de d\u00e9pendances du fran\u00e7ais et pourcentage de d\u00e9pendances (projectives / discontinues) parmi les d\u00e9pendances associ\u00e9es aux groupes dans l\u2019ensemble du corpus", "page": 4}, {"figType": "Table", "name": "2", "captionBoundary": {"x2": 524.39697265625, "y1": 555.3955688476562, "x1": 84.16998291015625, "y2": 561.3980102539062}, "imageText": ["Adjectifs", "Adj", "Pr\u00e9positions", "PP", "Ponctuations", "Dash", "Adverbes", "Adv", "Verbes", "auxiliaires", "Vaux", "Parentheses", "Collocations", "Colloc", "Verbes", "copules", "Vcopul", "QuestMark", "Conjonctions", "Conj", "Verbes", "intransitifs", "Vi", "Quotes", "D\u00e9terminants", "Det", "Verbes", "substituts", "Vlight", "SemiColon", "Interjections", "Expletives", "Verbes", "transitifs", "Vt", "Chevrons", "Noms", "N", "Verbes", "ditransitifs", "V2t", "Colon", "Nombres", "Num", "Unit\u00e9s", "inconnues", "UT", "FullStop", "Partitifs", "Part", "EmphatMark", "Pronoms", "PN", "Comma"], "regionBoundary": {"x2": 519.1400756835938, "y1": 413.8900146484375, "x1": 89.17599487304688, "y2": 533.8900146484375}, "caption": "TABLE 2 \u2013 Liste des classes grammaticales g\u00e9n\u00e9rales de la grammaire cat\u00e9gorielle de d\u00e9pendances du fran\u00e7ais", "page": 3}]}, "figures": [{"page_width": 0, "caption_boundary": {"x2": 520.0647989908854, "y1": 966.331312391493, "x1": 305.1638921101888, "y2": 974.6680365668402}, "name": "1", "caption_text": "TABLE 1 \u2013 Caract\u00e9ristiques des corpus", "figure_type": "Table", "uri": null, "page_height": 0, "figure_boundary": {"x2": 659.0, "y1": 738.0, "x1": 166.0, "y2": 967.0}, "page": 2, "dpi": 0}, {"page_width": 0, "caption_boundary": {"x2": 728.3291286892361, "y1": 771.3827345106337, "x1": 116.90275404188368, "y2": 779.7194586859808}, "name": "2", "caption_text": "TABLE 2 \u2013 Liste des classes grammaticales g\u00e9n\u00e9rales de la grammaire cat\u00e9gorielle de d\u00e9pendances du fran\u00e7ais", "figure_type": "Table", "uri": null, "page_height": 0, "figure_boundary": {"x2": 721.0, "y1": 574.0, "x1": 124.0, "y2": 741.0}, "page": 3, "dpi": 0}, {"page_width": 0, "caption_boundary": {"x2": 738.6060926649305, "y1": 423.4840816921658, "x1": 86.62361039055718, "y2": 431.8208482530382}, "name": "1", "caption_text": "FIGURE 1 \u2013 Structure de d\u00e9pendances du corpus CDGFr-devel pour la phrase \u00ab Des directives, ils s\u2019en sont donn\u00e9es \u00bb", "figure_type": "Figure", "uri": null, "page_height": 0, "figure_boundary": {"x2": 707.0, "y1": 126.0, "x1": 119.0, "y2": 384.0}, "page": 4, "dpi": 0}, {"page_width": 0, "caption_boundary": {"x2": 747.0894707573784, "y1": 969.899410671658, "x1": 77.79444058736165, "y2": 994.8403252495659}, "name": "3",