{"raw_detected_boxes": [[], [], [], [], [], [{"x2": 583.0, "y1": 226.0, "x1": 257.0, "y2": 360.0}], []], "raw_pdffigures_output": {"regionless-captions": [], "figures": [{"figType": "Table", "name": "1", "captionBoundary": {"x2": 452.86859130859375, "y1": 269.8197937011719, "x1": 155.44200134277344, "y2": 276.68402099609375}, "imageText": ["adverbiaux", "3221", "conj", "coord", "3653", "conj", "sub", "1949", "pr\u00e9p", "V-inf", "1070", "en", "V-ant", "536", "TOTAL", "10429", "articles", "1005", "phrases", "18535", "mots", "535", "000", "FTB", "FDTB1"], "regionBoundary": {"x2": 420.0, "y1": 158.8900146484375, "x1": 185.0, "y2": 258.8900146484375}, "caption": "Table 1 \u2013 Taille du FTB et nombre de connecteurs dans le FDTB1", "page": 5}]}, "figures": [{"page_width": 0, "caption_boundary": {"x2": 628.984154595269, "y1": 374.7497134738498, "x1": 215.89166853162976, "y2": 384.28336249457465}, "name": "1", "caption_text": "Table 1 \u2013 Taille du FTB et nombre de connecteurs dans le FDTB1", "figure_type": "Table", "uri": null, "page_height": 0, "figure_boundary": {"x2": 600.0, "y1": 220.0, "x1": 257.0, "y2": 377.0}, "page": 5, "dpi": 0}], "error": null, "pdf": "/work/host-output/0e3bd8c8d58c8cbb422f1aef63f4de3d3eda4e81/2015.jeptalnrecital-court.6.pdf", "dpi": 100}