{"raw_detected_boxes": [[], [], [{"x2": 567.0, "y1": 99.0, "x1": 260.0, "y2": 390.0}], [], [{"x2": 612.0, "y1": 205.0, "x1": 212.0, "y2": 374.0}], [{"x2": 560.0, "y1": 102.0, "x1": 258.0, "y2": 317.0}], []], "raw_pdffigures_output": {"regionless-captions": [], "figures": [{"figType": "Figure", "name": "1", "captionBoundary": {"x2": 386.4268798828125, "y1": 296.6445617675781, "x1": 207.73800659179688, "y2": 302.64703369140625}, "imageText": [], "regionBoundary": {"x2": 410.0, "y1": 69.8900146484375, "x1": 184.0, "y2": 280.8900146484375}, "caption": "FIGURE 1 \u2013 Outil de s\u00e9lection : vue g\u00e9n\u00e9rale", "page": 2}, {"figType": "Figure", "name": "3", "captionBoundary": {"x2": 388.7752990722656, "y1": 244.36654663085938, "x1": 219.7899932861328, "y2": 250.3690185546875}, "imageText": [], "regionBoundary": {"x2": 425.0, "y1": 69.8900146484375, "x1": 183.0, "y2": 228.8900146484375}, "caption": "FIGURE 3 \u2013 \u00c9diteur d\u2019arbre : vue g\u00e9n\u00e9rale", "page": 5}, {"figType": "Figure", "name": "2", "captionBoundary": {"x2": 537.90283203125, "y1": 285.4355163574219, "x1": 56.01202392578125, "y2": 327.30401611328125}, "imageText": [], "regionBoundary": {"x2": 441.0, "y1": 147.8900146484375, "x1": 152.0, "y2": 269.8900146484375}, "caption": "FIGURE 2 \u2013 L\u2019interface utilis\u00e9e pour corriger l\u2019\u00e9tiquetage. Le texte est pr\u00e9sent\u00e9 horizontalement, une ligne par token. Chaque ligne contient la forme, la solution retenue par l\u2019\u00e9tiqueteur (deuxi\u00e8me colonne), et la liste des \u00e9tiquettes possibles associ\u00e9es \u00e0 chaque forme. Pour corriger une \u00e9tiquette, l\u2019annotateur clique sur l\u2019\u00e9tiquette d\u00e9sir\u00e9e dans la liste ou saisira les traits de l\u2019\u00e9tiquette si celle-ci n\u2019est pas propos\u00e9e.", "page": 4}]}, "figures": [{"page_width": 0, "caption_boundary": {"x2": 536.7039998372395, "y1": 412.0063357883029, "x1": 288.52500915527344, "y2": 420.34310234917535}, "name": "1", "caption_text": "FIGURE 1 \u2013 Outil de s\u00e9lection : vue g\u00e9n\u00e9rale", "figure_type": "Figure", "uri": null, "page_height": 0, "figure_boundary": {"x2": 568.0, "y1": 98.0, "x1": 257.0, "y2": 390.0}, "page": 2, "dpi": 0}, {"page_width": 0, "caption_boundary": {"x2": 747.0872667100695, "y1": 396.43821716308594, "x1": 77.79447767469618, "y2": 454.58891126844617}, "name": "2", "caption_text": "FIGURE 2 \u2013 L\u2019interface utilis\u00e9e pour corriger l\u2019\u00e9tiquetage. Le texte est pr\u00e9sent\u00e9 horizontalement, une ligne par token. Chaque ligne contient la forme, la solution retenue par l\u2019\u00e9tiqueteur (deuxi\u00e8me colonne), et la liste des \u00e9tiquettes possibles associ\u00e9es \u00e0 chaque forme. Pour corriger une \u00e9tiquette, l\u2019annotateur clique sur l\u2019\u00e9tiquette d\u00e9sir\u00e9e dans la liste ou saisira les traits de l\u2019\u00e9tiquette si celle-ci n\u2019est pas propos\u00e9e.", "figure_type": "Figure", "uri": null, "page_height": 0, "figure_boundary": {"x2": 612.0, "y1": 205.0, "x1": 212.0, "y2": 374.0}, "page": 4, "dpi": 0}, {"page_width": 0, "caption_boundary": {"x2": 539.9656931559244, "y1": 339.39798143174914, "x1": 305.26387956407336, "y2": 347.7347479926215}, "name": "3", "caption_text": "FIGURE 3 \u2013 \u00c9diteur d\u2019arbre : vue g\u00e9n\u00e9rale", "figure_type": "Figure", "uri": null, "page_height": 0, "figure_boundary": {"x2": 560.0, "y1": 102.0, "x1": 257.0, "y2": 317.0}, "page": 5, "dpi": 0}], "error": null, "pdf": "/work/host-output/c2af07671731d6366c48e15be434b11a05ca2edf/2015.jeptalnrecital-court.25.pdf", "dpi": 100}