{"raw_detected_boxes": [[], [], [], [{"x2": 520.0, "y1": 507.0, "x1": 325.0, "y2": 655.0}], [{"x2": 500.0, "y1": 344.0, "x1": 325.0, "y2": 476.0}], [], [{"x2": 733.0, "y1": 342.0, "x1": 87.0, "y2": 648.0}], [], [{"x2": 593.0, "y1": 284.0, "x1": 234.0, "y2": 340.0}], [{"x2": 634.0, "y1": 99.0, "x1": 205.0, "y2": 226.0}], [{"x2": 576.0, "y1": 98.0, "x1": 254.0, "y2": 388.0}], []], "raw_pdffigures_output": {"regionless-captions": [], "figures": [{"figType": "Figure", "name": "5", "captionBoundary": {"x2": 537.8998413085938, "y1": 294.6865539550781, "x1": 56.01200485229492, "y2": 312.64501953125}, "imageText": ["Gauche-droite", "Ordre", "libre", "s", "re", "ur", "%", "er", "#d\u00e9cisions", "20", "15", "10", "5", "0", "2", "4", "6", "8", "10"], "regionBoundary": {"x2": 415.0, "y1": 70.8900146484375, "x1": 186.9859619140625, "y2": 278.93798828125}, "caption": "FIGURE 5 \u2013 Conversion graph\u00e8me-phon\u00e8me. Taux d\u2019erreur en fonction de l\u2019indice de la d\u00e9cision : mod\u00e8le gauche-droite (\u00e0 gauche) et mod\u00e8le ordre libre (\u00e0 droite)", "page": 10}, {"figType": "Table", "name": "1", "captionBoundary": {"x2": 520.9547729492188, "y1": 178.95956420898438, "x1": 87.61199951171875, "y2": 184.9620361328125}, "imageText": ["Gauche-droite", "(sans", "prop.)", "96,56%", "94,41%", "94,31%", "96,73%", "Ordre", "libre", "(sans", "prop.)", "98,65%", "94,10%", "94,12%", "97,11%", "Ordre", "libre", "97,28%", "93,32%", "92,28%", "96,91%", "CRF", "90,28%", "93,02%", "91,71%", "97,00%", "\u00c9criture", "Phon\u00e8mes", "Accents", "POS", "tags", "SVM", "non-struct", "74,97%", "93,17%", "91,49%", "96,34%", "Gauche-droite", "91,93%", "92,51%", "90,78%", "96,48%", "UNTEL", "TRUCMUCHE,", "UNETELLE", "MACHINCHOSE"], "regionBoundary": {"x2": 461.0, "y1": 32.93057632446289, "x1": 147.0, "y2": 166.8900146484375}, "caption": "TABLE 1 \u2013 Performances (% d\u2019\u00e9tiquettes correctes) des diff\u00e9rents apprentis consid\u00e9r\u00e9s sur 4 t\u00e2ches standard.", "page": 9}, {"figType": "Figure", "name": "1", "captionBoundary": {"x2": 545.106689453125, "y1": 487.78155517578125, "x1": 63.2130012512207, "y2": 505.739013671875}, "imageText": ["BB", "BBA", "BBB", "BAA", "BAB", "B", "BA", "AB", "ABA", "ABB", "AAA", "AAB", "A", "AA", "\u2205"], "regionBoundary": {"x2": 374.57696533203125, "y1": 366.7825622558594, "x1": 233.73800659179688, "y2": 472.13201904296875}, "caption": "FIGURE 1 \u2013 Espace de recherche correspondant \u00e0 l\u2019\u00e9tiquetage gauche-droite d\u2019une s\u00e9quence de trois observations lorsqu\u2019il y a deux \u00e9tiquettes possibles (A et B). Pour simplifier, la repr\u00e9sentation des \u00e9tats n\u2019inclut pas la s\u00e9quence d\u2019observations.", "page": 3}, {"figType": "Figure", "name": "4", "captionBoundary": {"x2": 537.902587890625, "y1": 258.7236022949219, "x1": 56.011810302734375, "y2": 288.6361083984375}, "imageText": ["aerodrome", "E-rxdrom-", "1\u2212", "<", "0", ">>", "2", "<", "\u2212", "aeronaut", "E-rxnc-t", "1\u2212", "<", "0", ">", "2\u2212", "<", "aeronautics", "E-rxnc-tIks", "2\u2212", "<", "0", ">", "1\u2212", "<", "0", "<<", "aeroplane", "E-rxplen-", "1\u2212", "<", "0", ">>", "2", "<", "\u2212"], "regionBoundary": {"x2": 427.8893737792969, "y1": 200.81900024414062, "x1": 166.0248565673828, "y2": 242.80810546875}, "caption": "FIGURE 4 \u2013 Extrait de NETTALK : \u00e0 chaque mot est associ\u00e9 une s\u00e9quence de phon\u00e8mes (avec \u2019-\u2019 un symbole \u00ab NULL \u00bb, et structure prosodique (0,1,2 marquent differents degr\u00e9s d\u2019accentuation pour les voyelles, > et < marquent respectivement les attaques et coda de syllabes).", "page": 8}, {"figType": "Figure", "name": "3", "captionBoundary": {"x2": 491.54266357421875, "y1": 177.21456909179688, "x1": 102.62300109863281, "y2": 183.217041015625}, "imageText": [], "regionBoundary": {"x2": 368.0, "y1": 69.8900146484375, "x1": 226.0, "y2": 164.8900146484375}, "caption": "FIGURE 3 \u2013 Exemple de donn\u00e9es pr\u00e9-segment\u00e9es pour la reconnaissanse de l\u2019\u00e9criture manuscrite.", "page": 8}, {"figType": "Figure", "name": "2", "captionBoundary": {"x2": 537.8978271484375, "y1": 357.9515380859375, "x1": 56.01199722290039, "y2": 375.9090270996094}, "imageText": ["BB", "AB", "BA", "AA", "B", "B", "A", "A"], "regionBoundary": {"x2": 360.2349853515625, "y1": 249.40255737304688, "x1": 234.0, "y2": 342.8900146484375}, "caption": "FIGURE 2 \u2013 Espace de recherche d\u2019un \u00e9tiquetage en ordre libre d\u2019une s\u00e9quence de deux observations lorsqu\u2019il y a deux \u00e9tiquettes possibles. Les positions dont l\u2019\u00e9tiquette n\u2019est pas encore pr\u00e9dite sont indiqu\u00e9es par le symbole .", "page": 4}]}, "figures": [{"page_width": 0, "caption_boundary": {"x2": 757.0926242404514, "y1": 677.4743821885851, "x1": 87.79583507113986, "y2": 702.415296766493}, "name": "1", "caption_text": "FIGURE 1 \u2013 Espace de recherche correspondant \u00e0 l\u2019\u00e9tiquetage gauche-droite d\u2019une s\u00e9quence de trois observations lorsqu\u2019il y a deux \u00e9tiquettes possibles (A et B). Pour simplifier, la repr\u00e9sentation des \u00e9tats n\u2019inclut pas la s\u00e9quence d\u2019observations.", "figure_type": "Figure", "uri": null, "page_height": 0, "figure_boundary": {"x2": 520.0, "y1": 507.0, "x1": 325.0, "y2": 655.0}, "page": 3, "dpi": 0}, {"page_width": 0, "caption_boundary": {"x2": 747.0803154839409, "y1": 497.1549140082465, "x1": 77.79444058736165, "y2": 522.0958709716797}, "name": "2", "caption_text": "FIGURE 2 \u2013 Espace de recherche d\u2019un \u00e9tiquetage en ordre libre d\u2019une s\u00e9quence de deux observations lorsqu\u2019il y a deux \u00e9tiquettes possibles. Les positions dont l\u2019\u00e9tiquette n\u2019est pas encore pr\u00e9dite sont indiqu\u00e9es par le symbole .", "figure_type": "Figure", "uri": null, "page_height": 0, "figure_boundary": {"x2": 500.0, "y1": 344.0, "x1": 325.0, "y2": 476.0}, "page": 4, "dpi": 0}, {"page_width": 0, "caption_boundary": {"x2": 747.086927625868, "y1": 359.3383365207248, "x1": 77.79418097601996, "y2": 400.88348388671875}, "name": "4", "caption_text": "FIGURE 4 \u2013 Extrait de NETTALK : \u00e0 chaque mot est associ\u00e9 une s\u00e9quence de phon\u00e8mes (avec \u2019-\u2019 un symbole \u00ab NULL \u00bb, et structure prosodique (0,1,2 marquent differents degr\u00e9s d\u2019accentuation pour les voyelles, > et < marquent respectivement les attaques et coda de syllabes).", "figure_type": "Figure", "uri": null, "page_height": 0, "figure_boundary": {"x2": 593.0, "y1": 278.0, "x1": 232.0, "y2": 340.0}, "page": 8, "dpi": 0}, {"page_width": 0, "caption_boundary": {"x2": 723.5482957628038, "y1": 248.55495029025607, "x1": 121.68333265516493, "y2": 256.8917168511285}, "name": "1", "caption_text": "TABLE 1 \u2013 Performances (% d\u2019\u00e9tiquettes correctes) des diff\u00e9rents apprentis consid\u00e9r\u00e9s sur 4 t\u00e2ches standard.", "figure_type": "Table", "uri": null, "page_height": 0, "figure_boundary": {"x2": 640.0, "y1": 98.0, "x1": 205.0, "y2": 232.0}, "page": 9, "dpi": 0}, {"page_width": 0, "caption_boundary": {"x2": 747.0831129286024, "y1": 409.28688049316406, "x1": 77.79445118374295, "y2": 434.22919379340277}, "name": "5", "caption_text": "FIGURE 5 \u2013 Conversion graph\u00e8me-phon\u00e8me. Taux d\u2019erreur en fonction de l\u2019indice de la d\u00e9cision : mod\u00e8le gauche-droite (\u00e0 gauche) et mod\u00e8le ordre libre (\u00e0 droite)", "figure_type": "Figure", "uri": null, "page_height": 0, "figure_boundary": {"x2": 577.0, "y1": 98.0, "x1": 252.0, "y2": 388.0}, "page": 10, "dpi": 0}], "error": null, "pdf": "/work/host-output/e216b17e1e77425a0128df577f3a587e67897ec7/2015.jeptalnrecital-long.1.pdf", "dpi": 100}