{"raw_detected_boxes": [[], [], [], [], [], [], [], [], [], [{"x2": 499.0, "y1": 94.0, "x1": 91.0, "y2": 175.0}], [{"x2": 491.0, "y1": 94.0, "x1": 109.0, "y2": 280.0}], [], [{"x2": 508.0, "y1": 397.0, "x1": 92.0, "y2": 648.0}], [], [], [{"x2": 452.0, "y1": 101.0, "x1": 91.0, "y2": 405.0}], [{"x2": 492.0, "y1": 310.0, "x1": 105.0, "y2": 520.0}], [], [], [{"x2": 499.0, "y1": 94.0, "x1": 101.0, "y2": 264.0}, {"x2": 501.0, "y1": 409.0, "x1": 99.0, "y2": 639.0}], [{"x2": 507.0, "y1": 418.0, "x1": 88.0, "y2": 595.0}], [{"x2": 423.0, "y1": 245.0, "x1": 177.0, "y2": 417.0}], [{"x2": 507.0, "y1": 92.0, "x1": 91.0, "y2": 273.0}, {"x2": 486.0, "y1": 377.0, "x1": 110.0, "y2": 512.0}], [], [], [], [], [], [{"x2": 505.0, "y1": 408.0, "x1": 90.0, "y2": 564.0}], [{"x2": 508.0, "y1": 226.0, "x1": 98.0, "y2": 652.0}], [{"x2": 458.0, "y1": 210.0, "x1": 135.0, "y2": 674.0}]], "raw_pdffigures_output": {"regionless-captions": [], "figures": [{"figType": "Table", "name": "2", "captionBoundary": {"x2": 281.2269592285156, "y1": 214.28326416015625, "x1": 150.7740020751953, "y2": 218.4849853515625}, "imageText": ["auto", "en-fr", "min", "62.1", "47.1", "56.6", "56.4", "62.3", "max", "99.5", "98.4", "99.5", "98.1", "98.8", "mean", "88.7", "84.0", "87.9", "88.7", "89.6", "auto", "en-es", "min", "60.3", "48.8", "43.7", "60.9", "58.3", "max", "96.5", "98", "96.4", "98.8", "98.4", "mean", "82.8", "78.4", "81.0", "80.5", "82.7", "manual", "en-fr", "min", "53.5", "57.4", "54.3", "51.7", "59.9", "max", "92.8", "91.5", "92.6", "97.1", "95.6", "mean", "79.6", "74.9", "74.5", "80.2", "79.1", "GMA", "BMA", "Hun", "Garg", "Yasa", "BAF", "61.4", "73.6", "71.2", "65.6", "75.7"], "regionBoundary": {"x2": 354.0, "y1": 65.0, "x1": 78.0, "y2": 202.0}, "caption": "TABLE 2 Baseline evaluation results.", "page": 10}, {"figType": "Table", "name": "5", "captionBoundary": {"x2": 359.41510009765625, "y1": 440.78326416015625, "x1": 72.58799743652344, "y2": 455.9440002441406}, "imageText": ["min", "60.3", "43.7", "58.4", "64.3", "60.4", "65.2", "max", "96.5", "96.4", "96.8", "100", "97.7", "98.0", "mean", "82.8", "81.0", "82.6", "84.6", "80.5", "82.7", "auto", "en-es", "min", "62.1", "56.6", "56.4", "62.3", "56.7", "57.7", "max", "99.5", "99.5", "98.1", "98.8", "97.5", "97.9", "mean", "88.7", "87.9", "88.7", "89.6", "85.7", "88.9", "auto", "en-fr", "manual", "en-fr", "min", "53.5", "54.3", "51.7", "59.9", "61.4", "51.0", "max", "92.8", "92.6", "97.1", "95.6", "95.3", "98.0", "mean", "79.6", "74.5", "80.2", "79.1", "78.3", "81.5", "GMA", "Hun", "Garg", "Yasa", "ME+gr", "ME+DP", "BAF", "61.4", "71.2", "65.6", "75.7", "76.3", "66.5"], "regionBoundary": {"x2": 367.0, "y1": 299.0, "x1": 63.0, "y2": 428.0}, "caption": "TABLE 5 Performance of the MaxEnt approach with greedy search (ME+gr) and dynamic programming search (ME+DP) and of four baseline alignment tools.", "page": 20}, {"figType": "Table", "name": "I", "captionBoundary": {"x2": 282.1441955566406, "y1": 418.3282775878906, "x1": 149.85699462890625, "y2": 422.5299987792969}, "imageText": ["La", "Faute", "de", "l\u2019Abb\u00e9", "Mouret", "91.5", "88.4", "92.6", "97.1", "95.6", "95.3", "98.0", "Les", "Confessions", "71.9", "59.6", "54.3", "68.6", "66.7", "67.8", "74.0", "Les", "Travailleurs", "de", "la", "Mer", "80.8", "83.4", "79.9", "87.3", "83.8", "80.8", "85.3", "The", "Last", "of", "the", "Mohicans", "89.9", "82.7", "87.1", "92.7", "88.6", "85.8", "90.1", "Emma", "53.5", "57.4", "57.7", "51.7", "59.9", "61.4", "51.0", "Jane", "Eyre", "77.1", "61.1", "59.3", "71.8", "66.9", "67.4", "78.9", "BAF", "61.4", "73.6", "71.2", "65.6", "75.7", "76.3", "66.5", "Du", "C\u00f4t\u00e9", "de", "chez", "Swann", "92.8", "91.5", "90.9", "92.2", "92.2", "89.4", "93.3", "Link", "level", "F-score", "GMA", "BMA", "Hun", "Garg", "Yasa", "Gr", "DP"], "regionBoundary": {"x2": 367.0, "y1": 292.0, "x1": 63.0, "y2": 406.0}, "caption": "TABLE I F-scores on gold references.", "page": 28}, {"figType": "Table", "name": "6", "captionBoundary": {"x2": 365.67816162109375, "y1": 312.99127197265625, "x1": 66.32499694824219, "y2": 350.0699462890625}, "imageText": ["others", "27", "22", "15", "total", "1,763", "268", "252", "Link", "type", "in", "Ref.", "ME+gr", "ME+DP", "0:1", "20", "13", "18", "1:0", "21", "12", "18", "1:1", "1364", "68", "105", "1:2", "179", "60", "36", "1:3", "32", "17", "9", "2:1", "96", "54", "32", "2:2", "24", "22", "19"], "regionBoundary": {"x2": 304.0, "y1": 176.0, "x1": 128.0, "y2": 300.0}, "caption": "TABLE 6 Analyses of the errors of greedy search (ME+gr) and DP search (ME+DP) by link type, relative to the number of reference links (in Ref.), for the manual en-fr corpus. Only the link types occurring more than 5 times are reported. This filters out 27 links out of 1790.", "page": 21}, {"figType": "Table", "name": "1", "captionBoundary": {"x2": 262.9043884277344, "y1": 138.4622802734375, "x1": 169.0970001220703, "y2": 142.66400146484375}, "imageText": ["manual", "en-fr", "7", "en-fr", "1,790", "1,970", "2,100", "auto", "en-fr", "24", "en-fr", "75,731", "129,022", "126,561", "auto", "en-es", "17", "en-es", "61,181", "102,545", "104,216", "#", "books", "lang.", "#", "links", "#", "sent.", "en", "#", "sent.", "fr", "or", "es", "BAF", "1", "en-fr", "2,520", "2,554", "3,319"], "regionBoundary": {"x2": 367.0, "y1": 65.0, "x1": 63.0, "y2": 126.0}, "caption": "TABLE 1 Corpus statistics.", "page": 9}, {"figType": "Table", "name": "7", "captionBoundary": {"x2": 351.0357360839844, "y1": 208.75729370117188, "x1": 80.96700286865234, "y2": 223.91802978515625}, "imageText": ["en1", "My", "mother", "had", "a", "defence", "more", "pow-", "erful", "even", "than", "her", "virtue;", "she", "tenderly", "loved", "my", "father,", "and", "conjured", "him", "to", "return;", "his", "inclination", "seconding", "his", "request,", "he", "gave", "up", "every", "prospect", "of", "emolument,", "and", "hastened", "to", "Geneva.", "Ma", "m\u00e8re", "avait", "plus", "que", "la", "vertu", "pour", "s\u2019en", "d\u00e9fendre;", "elle", "aimait", "tendrement", "son", "mari.", "fr1", "Elle", "le", "pressa", "de", "revenir:", "il", "quitta", "tout,", "et", "revint.", "fr2", "en2", "I", "was", "the", "unfortunate", "fruit", "of", "this", "re-", "turn,", "being", "born", "ten", "months", "after,", "in", "a", "very", "weakly", "and", "in\ufb01rm", "state;", "my", "birth", "cost", "my", "mother", "her", "life,", "and", "was", "the", "\ufb01rst", "of", "my", "misfortunes.", "Je", "fus", "le", "triste", "fruit", "de", "ce", "retour.", "fr3", "Dix", "mois", "apr\u00e8s,", "je", "naquis", "in\ufb01rme", "et", "malade.", "fr4", "Je", "co\u00fbtai", "la", "vie", "\u00e0", "ma", "m\u00e8re,", "et", "ma", "nais-", "sance", "fut", "le", "premier", "de", "mes", "malheurs.", "fr5", "en3", "I", "am", "ignorant", "how", "my", "father", "supported", "her", "loss", "at", "that", "time,", "but", "I", "know", "he", "was", "ever", "after", "inconsolable.", "Je", "n\u2019ai", "pas", "su", "comment", "mon", "p\u00e8re", "sup-", "porta", "cette", "perte,", "mais", "je", "sais", "qu\u2019il", "ne", "s\u2019en", "consola", "jamais.", "fr6"], "regionBoundary": {"x2": 368.0, "y1": 66.0, "x1": 63.0, "y2": 196.0}, "caption": "TABLE 7 A passage of a reference alignment from Jean-Jacques Rousseau\u2019s Les confessions. MaxEnt with DP finds all three links.", "page": 22}, {"figType": "Table", "name": "8", "captionBoundary": {"x2": 338.1716003417969, "y1": 382.998291015625, "x1": 93.8290023803711, "y2": 387.20001220703125},