{"raw_detected_boxes": [[], [], [], [], [], [], [], [], [], [], [], [], [], [], [], [], [], [{"x2": 427.0, "y1": 107.0, "x1": 170.0, "y2": 745.0}], [], [], [{"x2": 436.0, "y1": 103.0, "x1": 161.0, "y2": 547.0}], [{"x2": 463.0, "y1": 155.0, "x1": 139.0, "y2": 356.0}], [], [], [{"x2": 445.0, "y1": 102.0, "x1": 152.0, "y2": 303.0}], [{"x2": 445.0, "y1": 102.0, "x1": 151.0, "y2": 303.0}], [], [], [{"x2": 493.0, "y1": 107.0, "x1": 102.0, "y2": 267.0}], [{"x2": 406.0, "y1": 100.0, "x1": 184.0, "y2": 330.0}], [{"x2": 452.0, "y1": 132.0, "x1": 130.0, "y2": 248.0}], [{"x2": 464.0, "y1": 115.0, "x1": 126.0, "y2": 242.0}, {"x2": 470.0, "y1": 335.0, "x1": 128.0, "y2": 466.0}], [{"x2": 469.0, "y1": 120.0, "x1": 129.0, "y2": 245.0}], [], [], [], [], [], [], [], [], [], []], "raw_pdffigures_output": {"regionless-captions": [], "figures": [{"figType": "Table", "name": "3", "captionBoundary": {"x2": 299.0127258300781, "y1": 234.27627563476562, "x1": 132.99000549316406, "y2": 238.47799682617188}, "imageText": ["Con\ufb01guration", "BCubed", "metrics", "Prec.", "Rec.", "F-score", "Initial", "Even", "0.703", "0.154", "0.249", "Initial", "Automatic", "0.827", "0.177", "0.286", "Initial", "Gold", "1.000", "0.319", "0.465", "Random", "Even", "0.331", "0.293", "0.307", "Random", "Automatic", "0.352", "0.311", "0.327", "Random", "Gold", "0.436", "0.430", "0.436", "k-means", "Even", "0.462", "0.409", "0.430", "k-means", "Automatic", "0.532", "0.479", "0.499", "k-means", "Gold", "0.716", "0.720", "0.710", "k-means", "Gold", "Seeded", "0.869", "0.848", "0.855", "DISTINGUISHING", "VOICES", "IN", "The", "Waste", "Land", "/", "23"], "regionBoundary": {"x2": 359.9996337890625, "y1": 54.27062225341797, "x1": 109.0, "y2": 222.0}, "caption": "TABLE 3 Clustering results for artificial poems", "page": 24}, {"figType": "Table", "name": "4", "captionBoundary": {"x2": 299.84967041015625, "y1": 234.27627563476562, "x1": 131.90899658203125, "y2": 238.47799682617188}, "imageText": ["Con\ufb01guration", "BCubed", "metrics", "Prec.", "Rec.", "F-score", "Initial", "Even", "0.792", "0.069", "0.128", "Initial", "Automatic", "0.798", "0.084", "0.152", "Initial", "Gold", "1.000", "0.262", "0.415", "Random", "Even", "0.243", "0.146", "0.183", "Random", "Automatic", "0.258", "0.160", "0.198", "Random", "Gold", "0.408", "0.313", "0.352", "k-means", "Even", "0.288", "0.238", "0.260", "k-means", "Automatic", "0.316", "0.264", "0.296", "k-means", "Gold", "0.430", "0.502", "0.461", "k-means", "Gold", "Seeded", "0.491", "0.624", "0.550", "24", "/", "LILT", "VOLUME", "12,", "ISSUE", "2", "OCTOBER", "2015"], "regionBoundary": {"x2": 359.7757568359375, "y1": 54.21234130859375, "x1": 72.0, "y2": 222.0}, "caption": "TABLE 4 Clustering results for The Waste Land", "page": 25}, {"figType": "Table", "name": "2", "captionBoundary": {"x2": 338.4410400390625, "y1": 406.4302978515625, "x1": 93.55999755859375, "y2": 410.63201904296875}, "imageText": ["Con\ufb01guration", "Metrics", "WD", "Pk", "BD", "Full", "text", "Baselines", "Random", "breaks", "0.517", "0.459", "0.480", "Even", "spread", "0.559", "0.498", "0.245", "Random", "feature", "0.529", "0.478", "0.314", "System", "(w=50)", "Table", "1", "Best", "0.458", "0.401", "0.264", "GI", "0.508", "0.462", "0.339", "Dynamic", "0.467", "0.397", "0.257", "LSA", "(ICWSM)", "0.462", "0.399", "0.280", "All", "w/o", "GI", "0.448", "0.395", "0.305", "All", "w/o", "dynamic,", "GI", "0.456", "0.394", "0.228", "Abridged", "text", "Baselines", "Random", "breaks", "0.524", "0.478", "0.448", "Even", "spread", "0.573", "0.549", "0.266", "Random", "feature", "0.525", "0.505", "0.298", "System", "(w=100)", "Table", "1", "Best", "0.370", "0.341", "0.250", "GI", "0.510", "0.492", "0.353", "Dynamic", "0.415", "0.393", "0.274", "LSA", "(ICWSM)", "0.411", "0.390", "0.272", "All", "w/o", "GI", "0.379", "0.354", "0.241", "All", "w/o", "dynamic,", "GI", "0.345", "0.311", "0.208", "DISTINGUISHING", "VOICES", "IN", "The", "Waste", "Land", "/", "19"], "regionBoundary": {"x2": 359.9996337890625, "y1": 54.27062225341797, "x1": 115.0, "y2": 394.0}, "caption": "TABLE 2 Segmentation accuracy in The Waste Land. Lower is better.", "page": 20}, {"figType": "Figure", "name": "2", "captionBoundary": {"x2": 359.03515625, "y1": 252.25927734375, "x1": 72.96499633789062, "y2": 256.46099853515625}, "imageText": [], "regionBoundary": {"x2": 321.0, "y1": 72.0, "x1": 109.0, "y2": 239.0}, "caption": "FIGURE 2 Scatterplot of the style of characters from The Waste Land, created by", "page": 29}, {"figType": "Table", "name": "5", "captionBoundary": {"x2": 359.2583923339844, "y1": 205.49026489257812, "x1": 72.74600219726562, "y2": 231.6099853515625}, "imageText": ["Character", "Types", "StylesLit.", "Abs.", "Obj.", "Col.", "Con.", "Sub.", "Tiresias", "460", "0.03", "\u22120.04", "0.09", "\u22120.21", "0.02", "\u22120.03", "Marie", "132", "\u22120.03", "\u22120.13", "\u22120.07", "0.02", "0.04", "0.03", "Hell\ufb01re", "Preacher", "207", "0.06", "0.00", "0.00", "\u22120.14", "0.07", "\u22120.06", "Chorus", "105", "0.03", "\u22120.02", "\u22120.02", "0.14", "0.04", "\u22120.06", "Intrepid", "Reporter", "66", "\u22120.03", "0.28", "\u22120.06", "0.07", "\u22120.06", "0.05", "Madame", "Sosostris", "15", "\u22120.08", "0.26", "\u22120.47", "0.65", "\u22120.14", "0.16", "Crazy", "Prufrock", "399", "0.00", "0.07", "0.01", "0.01", "\u22120.01", "\u22120.01", "Nervous", "One", "126", "0.04", "0.09", "\u22120.26", "0.29", "\u22120.07", "0.07", "Woman", "in", "Bar", "151", "\u22120.24", "\u22120.01", "\u22120.45", "0.73", "\u22120.11", "0.20", "The", "Typist", "54", "\u22120.03", "0.42", "0.14", "\u22120.14", "\u22120.02", "\u22120.02", "DISTINGUISHING", "VOICES", "IN", "The", "Waste", "Land", "/", "27"], "regionBoundary": {"x2": 359.9996337890625, "y1": 54.27062225341797, "x1": 72.0, "y2": 192.0}, "caption": "TABLE 5 Stylistic profiles for various characters in The Waste Land. Lit. = Literary, Abs. = Abstract, Obj. = Objective, Col. = Colloquial, Con. = Concrete, Sub. = Subjective.", "page": 28}, {"figType": "Figure", "name": "1", "captionBoundary": {"x2": 355.9106140136719, "y1": 273.8392639160156, "x1": 76.08999633789062, "y2": 289.0}, "imageText": [], "regionBoundary": {"x2": 341.0, "y1": 72.0, "x1": 88.0, "y2": 262.0}, "caption": "FIGURE 1 Stylistic change curve over the abridged version of The Waste Land. Vertical gray lines are gold-standard voice switches.", "page": 21}, {"figType": "Figure", "name": "6", "captionBoundary": {"x2": 313.87799072265625, "y1": 205.86029052734375, "x1": 118.1240005493164, "y2": 210.06201171875}, "imageText": [], "regionBoundary": {"x2": 349.0, "y1": 71.0, "x1": 80.0, "y2": 185.0}, "caption": "FIGURE 6 Graph of stylistic change for Crazy Prufrock", "page": 32}, {"figType": "Table", "name": "1", "captionBoundary": {"x2": 352.430419921875, "y1": 549.4932861328125, "x1": 79.572998046875, "y2": 553.6950073242188},