{"raw_detected_boxes": [[], [{"x2": 550.0, "y1": 652.0, "x1": 291.0, "y2": 721.0}], [], [{"x2": 563.0, "y1": 142.0, "x1": 282.0, "y2": 360.0}], [{"x2": 759.0, "y1": 110.0, "x1": 88.0, "y2": 355.0}], []], "raw_pdffigures_output": {"regionless-captions": [], "figures": [{"figType": "Figure", "name": "1", "captionBoundary": {"x2": 500.6083679199219, "y1": 277.8586120605469, "x1": 93.55599975585938, "y2": 283.861083984375}, "imageText": ["baseline", "test", "PL(15)", "test", "0.320", "0.315", "0.310", "0.305", "0.300", "100", "200", "300", "400", "500", "baseline", "test", "PL(12)", "test", "0.320", "0.315", "0.310", "0.305", "0.300", "0", "100", "200", "300", "400", "500", "baseline", "test", "PL(9)", "test", "0.325", "0.320", "0.315", "0.310", "0.305", "0.300", "0", "100", "200", "300", "400", "500", "0.295", "baseline", "test", "PL(7)", "test", "0.320", "0.315", "0.310", "0.305", "0.300", "100", "200", "300", "400", "500", "0.320", "baseline", "test", "PL(5)", "test", "0.315", "0.310", "0.305", "0.300", "0", "100", "200", "300", "400", "500", "baseline", "test", "PL(3)", "test", "0.320", "0.315", "0.310", "0.305", "0.300", "0", "100", "200", "300", "400", "500", "0.295", "baseline", "test", "PL(1)", "test", "0.320", "0.315", "0.310", "0.305", "0.300", "0", "100", "200", "300", "400", "500", "0.295", "baseline", "dev", "PL(1)", "dev", "PL(3)", "dev", "PL(5)", "dev", "PL(7)", "dev", "PL(9)", "dev", "PL(12)", "dev", "PL(15)", "dev", "0.38", "0.37", "0.36", "0.35", "0.34", "0.33", "0.32", "0", "100", "200", "300", "400", "500"], "regionBoundary": {"x2": 552.92578125, "y1": 79.7940444946289, "x1": 63.76011657714844, "y2": 255.2784423828125}, "caption": "FIGURE 1 \u2013 PL(k) with 500 L-BFGS iterations, k=1,3,5,7,9,12,15 compared with MIRA in reranking.", "page": 4}, {"figType": "Table", "name": "1", "captionBoundary": {"x2": 545.1024780273438, "y1": 533.860595703125, "x1": 63.2130126953125, "y2": 559.7850341796875}, "imageText": ["r", "r1", "r2", "r3", "\u03c0", "2", "3", "1", "Z", "1", "1-p(r2)", "1-(p(r2)", "+", "p(r3))", "p(\u03c0)", "p(r2)Z1", "p(r3)", "Z2", "p(r1)", "Z3"], "regionBoundary": {"x2": 399.0, "y1": 465.8900146484375, "x1": 210.0, "y2": 518.8900146484375}, "caption": "TABLE 1 \u2013 The probability of the rank \u03c0 = (2, 3, 1) is p(r2) \u00b7 p(r3)/(1 \u2212 p(r2)) in a simplified form, as p(r2)Z1 = p(r2) and p(r1)Z3 = 1.", "page": 1}, {"figType": "Table", "name": "2", "captionBoundary": {"x2": 545.1014404296875, "y1": 271.0275573730469, "x1": 63.213043212890625, "y2": 288.98504638671875}, "imageText": ["MT02(dev)", "MT04(%)", "MT05(%)", "MERT", "34.61", "31.76", "28.85", "MIRA", "35.31", "32.25", "29.37", "PL(1)", "34.20", "31.70", "28.90", "PL(2)", "34.31", "31.83", "29.10", "PL(3)", "34.39", "32.05", "29.20", "PL(4)", "34.40", "32.13", "29.46+", "PL(5)", "34.46", "32.19+", "29.42+", "PL(6)", "34.37", "32.16", "29.30", "PL(7)", "34.39", "32.20+", "29.32", "PL(8)", "34.70", "32.19+", "29.10", "PL(9)", "34.30", "32.07", "29.22", "PL(10)", "34.30", "32.14", "29.19"], "regionBoundary": {"x2": 405.0, "y1": 101.8900146484375, "x1": 203.0, "y2": 259.8900146484375}, "caption": "TABLE 2 \u2013 PL(k) : Plackett-Luce model optimizing the ground-truth permutation with length k. The significant symbols (+ at 0.05 level) are compared with MERT.", "page": 3}]}, "figures": [{"page_width": 0, "caption_boundary": {"x2": 757.0867750379774, "y1": 741.4730495876736, "x1": 87.79585096571181, "y2": 777.4792141384548}, "name": "1", "caption_text": "TABLE 1 \u2013 The probability of the rank \u03c0 = (2, 3, 1) is p(r2) \u00b7 p(r3)/(1 \u2212 p(r2)) in a simplified form, as p(r2)Z1 = p(r2) and p(r1)Z3 = 1.", "figure_type": "Table", "uri": null, "page_height": 0, "figure_boundary": {"x2": 554.0, "y1": 647.0, "x1": 291.0, "y2": 721.0}, "page": 1, "dpi": 0}, {"page_width": 0, "caption_boundary": {"x2": 757.0853339301215, "y1": 376.42716301812067, "x1": 87.79589335123697, "y2": 401.36811998155383}, "name": "2", "caption_text": "TABLE 2 \u2013 PL(k) : Plackett-Luce model optimizing the ground-truth permutation with length k. The significant symbols (+ at 0.05 level) are compared with MERT.", "figure_type": "Table", "uri": null, "page_height": 0, "figure_boundary": {"x2": 574.0, "y1": 142.0, "x1": 282.0, "y2": 377.0}, "page": 3, "dpi": 0}, {"page_width": 0, "caption_boundary": {"x2": 695.2893998887804, "y1": 385.91473897298175, "x1": 129.9388885498047, "y2": 394.25150553385413}, "name": "1", "caption_text": "FIGURE 1 \u2013 PL(k) with 500 L-BFGS iterations, k=1,3,5,7,9,12,15 compared with MIRA in reranking.", "figure_type": "Figure", "uri": null, "page_height": 0, "figure_boundary": {"x2": 768.0, "y1": 110.0, "x1": 88.0, "y2": 355.0}, "page": 4, "dpi": 0}], "error": null, "pdf": "/work/host-output/1ba21a87f2a304ee7145f751d3013157a5224ce2/2015.jeptalnrecital-court.1.pdf", "dpi": 100}