{"raw_detected_boxes": [[], [], [], [], [], [], [{"x2": 742.0, "y1": 99.0, "x1": 78.0, "y2": 460.0}], [{"x2": 740.0, "y1": 102.0, "x1": 88.0, "y2": 480.0}], [], []], "raw_pdffigures_output": {"regionless-captions": [], "figures": [{"figType": "Figure", "name": "2", "captionBoundary": {"x2": 416.59039306640625, "y1": 366.7725524902344, "x1": 191.9739990234375, "y2": 372.7750244140625}, "imageText": [], "regionBoundary": {"x2": 546.0, "y1": 69.8900146484375, "x1": 63.0, "y2": 350.8900146484375}, "caption": "FIGURE 2 \u2013 Capture d\u2019\u00e9cran du prototype d\u2019alignement.", "page": 7}, {"figType": "Figure", "name": "1", "captionBoundary": {"x2": 422.5505676269531, "y1": 348.2105407714844, "x1": 171.61300659179688, "y2": 354.2130126953125}, "imageText": [], "regionBoundary": {"x2": 538.0, "y1": 69.8900146484375, "x1": 56.0, "y2": 332.8900146484375}, "caption": "FIGURE 1 \u2013 Capture d\u2019\u00e9cran du prototype de navigation jointe.", "page": 6}]}, "figures": [{"page_width": 0, "caption_boundary": {"x2": 586.8757883707682, "y1": 483.62575107150604, "x1": 238.35139804416232, "y2": 491.9625176323785}, "name": "1", "caption_text": "FIGURE 1 \u2013 Capture d\u2019\u00e9cran du prototype de navigation jointe.", "figure_type": "Figure", "uri": null, "page_height": 0, "figure_boundary": {"x2": 747.0, "y1": 98.0, "x1": 78.0, "y2": 461.0}, "page": 6, "dpi": 0}, {"page_width": 0, "caption_boundary": {"x2": 578.5977681477864, "y1": 509.4063229031033, "x1": 266.63055419921875, "y2": 517.7430894639757}, "name": "2", "caption_text": "FIGURE 2 \u2013 Capture d\u2019\u00e9cran du prototype d\u2019alignement.", "figure_type": "Figure", "uri": null, "page_height": 0, "figure_boundary": {"x2": 757.0, "y1": 98.0, "x1": 88.0, "y2": 480.0}, "page": 7, "dpi": 0}], "error": null, "pdf": "/work/host-output/c8501a22ea8cc70d0027326975d3a5169b0fa1bc/2015.jeptalnrecital-recital.5.pdf", "dpi": 100}