{"raw_detected_boxes": [[], [], [], [], [{"x2": 588.0, "y1": 112.0, "x1": 243.0, "y2": 393.0}], [{"x2": 637.0, "y1": 104.0, "x1": 94.0, "y2": 426.0}], [], [{"x2": 607.0, "y1": 98.0, "x1": 239.0, "y2": 230.0}], [{"x2": 563.0, "y1": 108.0, "x1": 263.0, "y2": 359.0}], [{"x2": 567.0, "y1": 102.0, "x1": 277.0, "y2": 334.0}], [], []], "raw_pdffigures_output": {"regionless-captions": [], "figures": [{"figType": "Figure", "name": "2", "captionBoundary": {"x2": 537.8970336914062, "y1": 277.0985412597656, "x1": 56.012001037597656, "y2": 295.0560302734375}, "imageText": ["ZSSP.K\u0303", "S-r\u00e8gles", "ZSSP.F\u0303", "le", "ur", ")", "ZSSP", "p=", "va", "ha", "m", "pe", "(c", "ac", "tty", "tte", "s", "iq", "ue", "es", "\u00e9t", "su", "rl", "or", "e", "F-", "sc", "Nombre", "de", "dialogues", "utilis\u00e9s", "pour", "l\u2019adaptation", "0.82", "0.8", "0.78", "0.76", "0.74", "0.72", "0.7", "0.68", "0", "50", "100", "150", "200"], "regionBoundary": {"x2": 405.4371643066406, "y1": 71.435546875, "x1": 192.557373046875, "y2": 256.2528076171875}, "caption": "FIGURE 2 \u2013 Performances de diverses configurations de la m\u00e9thode ZSSP en termes de F-score en fonction du nombre de dialogues utilis\u00e9es pour l\u2019adaptation.", "page": 8}, {"figType": "Figure", "name": "1", "captionBoundary": {"x2": 530.4268188476562, "y1": 328.1015319824219, "x1": 63.73899841308594, "y2": 334.10400390625}, "imageText": [], "regionBoundary": {"x2": 425.0, "y1": 80.8900146484375, "x1": 174.0, "y2": 284.8900146484375}, "caption": "FIGURE 1 \u2013 Illustration d\u2019un d\u00e9codage s\u00e9mantique bas\u00e9 sur une technique d\u2019apprentissage sans donn\u00e9es de r\u00e9f\u00e9rence", "page": 4}, {"figType": "Table", "name": "1", "captionBoundary": {"x2": 545.1021118164062, "y1": 179.81253051757812, "x1": 63.21299743652344, "y2": 197.77001953125}, "imageText": ["ZSSP", "manuelle", "0,899", "0,873", "0,928n-meilleures", "0,826", "0,806", "0,849", "DSTC3", "S-r\u00e8gles", "n-meilleures", "0,824", "0,852", "0,797", "ZSSP", "manuelle", "0,919", "0,898", "0,942n-meilleures", "0,794", "0,796", "0,792", "S-r\u00e8gles", "n-meilleures", "0,782", "0,900", "0,691", "S-appris", "n-meilleures", "0,802", "0,846", "0,762", "DSTC2", "T\u00e2che", "Mod\u00e8le", "Entr\u00e9e", "F-score", "P", "R"], "regionBoundary": {"x2": 437.0, "y1": 70.8900146484375, "x1": 171.0, "y2": 168.8900146484375}, "caption": "TABLE 1 \u2013 Evaluation des performances de l\u2019analyseur s\u00e9mantique bas\u00e9 sur l\u2019apprentissage sans donn\u00e9es de r\u00e9f\u00e9rence en termes de F-score, Pr\u00e9cision et Rappel.", "page": 7}, {"figType": "Figure", "name": "3", "captionBoundary": {"x2": 545.1038818359375, "y1": 263.5255432128906, "x1": 63.2130012512207, "y2": 293.43902587890625}, "imageText": ["ZSSP-wordspot", "ha", "m", "p)", "ZSSP", "pe", "(c", "ac", "tty", "tte", "s", "iq", "ue", "es", "\u00e9t", "su", "rl", "or", "e", "F-", "sc", "%", "d\u2019exemples", "de", "valeurs", "retir\u00e9es", "dans", "K", "0.95", "0.9", "0.85", "0.8", "0.75", "0", "20", "40", "60", "80", "0.7"], "regionBoundary": {"x2": 411.0, "y1": 71.435791015625, "x1": 204.0374755859375, "y2": 242.6806640625}, "caption": "FIGURE 3 \u2013 Capacit\u00e9 de g\u00e9n\u00e9ralisation de l\u2019approche ZSSP sur la corpus de test DSTC2 exprim\u00e9e en termes de F-score sur la d\u00e9tection d \u2019actes de dialogue g\u00e9n\u00e9riques (i.e. acttype(champ)) en fonction du pourcentage d\u2019exemples de valeurs retir\u00e9es dans K", "page": 9}]}, "figures": [{"page_width": 0, "caption_boundary": {"x2": 736.7039150661892, "y1": 455.69657219780817, "x1": 88.52638668484158, "y2": 464.03333875868054}, "name": "1", "caption_text": "FIGURE 1 \u2013 Illustration d\u2019un d\u00e9codage s\u00e9mantique bas\u00e9 sur une technique d\u2019apprentissage sans donn\u00e9es de r\u00e9f\u00e9rence", "figure_type": "Figure", "uri": null, "page_height": 0, "figure_boundary": {"x2": 590.0, "y1": 112.0, "x1": 243.0, "y2": 393.0}, "page": 4, "dpi": 0}, {"page_width": 0, "caption_boundary": {"x2": 757.0862664116753, "y1": 249.7396257188585, "x1": 87.79582977294922, "y2": 274.68058268229163}, "name": "1", "caption_text": "TABLE 1 \u2013 Evaluation des performances de l\u2019analyseur s\u00e9mantique bas\u00e9 sur l\u2019apprentissage sans donn\u00e9es de r\u00e9f\u00e9rence en termes de F-score, Pr\u00e9cision et Rappel.", "figure_type": "Table", "uri": null, "page_height": 0, "figure_boundary": {"x2": 607.0, "y1": 98.0, "x1": 238.0, "y2": 234.0}, "page": 7, "dpi": 0}, {"page_width": 0, "caption_boundary": {"x2": 747.0792134602864, "y1": 384.8590850830078, "x1": 77.79444588555229, "y2": 409.800042046441}, "name": "2", "caption_text": "FIGURE 2 \u2013 Performances de diverses configurations de la m\u00e9thode ZSSP en termes de F-score en fonction du nombre de dialogues utilis\u00e9es pour l\u2019adaptation.", "figure_type": "Figure", "uri": null, "page_height": 0, "figure_boundary": {"x2": 563.0, "y1": 102.0, "x1": 261.0, "y2": 359.0}, "page": 8, "dpi": 0}, {"page_width": 0, "caption_boundary": {"x2": 757.0887247721354, "y1": 366.00769890679254, "x1": 87.79583507113986, "y2": 407.554202609592}, "name": "3", "caption_text": "FIGURE 3 \u2013 Capacit\u00e9 de g\u00e9n\u00e9ralisation de l\u2019approche ZSSP sur la corpus de test DSTC2 exprim\u00e9e en termes de F-score sur la d\u00e9tection d \u2019actes de dialogue g\u00e9n\u00e9riques (i.e. acttype(champ)) en fonction du pourcentage d\u2019exemples de valeurs retir\u00e9es dans K", "figure_type": "Figure", "uri": null, "page_height": 0, "figure_boundary": {"x2": 570.0, "y1": 102.0, "x1": 277.0, "y2": 340.0}, "page": 9, "dpi": 0}], "error": null, "pdf": "/work/host-output/f1d0ea913ff464d97387f9e87bf0fa4a42af814e/2015.jeptalnrecital-long.6.pdf", "dpi": 100}