{"raw_detected_boxes": [[], [], [], [{"x2": 525.0, "y1": 106.0, "x1": 299.0, "y2": 285.0}], [], [], [{"x2": 773.0, "y1": 764.0, "x1": 89.0, "y2": 1039.0}], [{"x2": 693.0, "y1": 361.0, "x1": 112.0, "y2": 835.0}], [{"x2": 634.0, "y1": 198.0, "x1": 141.0, "y2": 675.0}], [{"x2": 742.0, "y1": 102.0, "x1": 82.0, "y2": 416.0}, {"x2": 745.0, "y1": 660.0, "x1": 85.0, "y2": 961.0}], [{"x2": 393.0, "y1": 113.0, "x1": 88.0, "y2": 361.0}, {"x2": 745.0, "y1": 102.0, "x1": 435.0, "y2": 363.0}], []], "raw_pdffigures_output": {"regionless-captions": [], "figures": [{"figType": "Figure", "name": "3", "captionBoundary": {"x2": 538.6542358398438, "y1": 277.7631530761719, "x1": 56.66400146484375, "y2": 293.69000244140625}, "imageText": ["K=3", "K=5", "K=7", "LeskVariante", "Babelfy", "LeskBase", "Lesk\u00c9tendu", "70", "60", "50", "40", "30", "20", "10", "0", "K=3", "K=5", "K=7", "LeskVariante", "Babelfy", "LeskBase", "Lesk\u00c9tendu", "100", "90", "80", "70", "60", "50", "40"], "regionBoundary": {"x2": 538.0, "y1": 72.91998291015625, "x1": 56.0, "y2": 272.91998291015625}, "caption": "Figure 3: Taux d\u2019exactitude sur les noms du jeu de test par Figure 4: Taux d\u2019exactitude sur les verbes du jeu de test s\u00e9lection al\u00e9atoire de 30% sur les d\u00e9pendances syntaxiques sur l\u2019ensemble des d\u00e9pendances syntaxiques", "page": 10}, {"figType": "Figure", "name": "1", "captionBoundary": {"x2": 535.7771606445312, "y1": 679.6931762695312, "x1": 59.42399978637695, "y2": 695.739990234375}, "imageText": ["Babelfy", "LeskE", "(K=7)", "LeskVariante", "LeskE", "(K=3)", "LeskE", "(K=5)", "0", "10", "20", "30", "40", "50", "60", "70", "80", "Babelfy", "LeskE", "(k=7)", "LeskVariante", "LeskE", "(k=3)", "LeskE", "(k=5)", "50", "55", "60", "65", "70", "75", "80", "85", "90", "95"], "regionBoundary": {"x2": 536.0, "y1": 474.91998291015625, "x1": 59.0, "y2": 674.9199829101562}, "caption": "Figure 1: Taux d\u2019exactitude sur les noms du jeu de test par Figure 2: Taux d\u2019exactitude sur les verbes du jeu de test utilisation de l\u2019algorithme de Lesk \u00e9tendu par utilisation de l\u2019algorithme de Lesk \u00e9tendu", "page": 9}]}, "figures": [{"page_width": 0, "caption_boundary": {"x2": 744.1349453396267, "y1": 944.0183003743489, "x1": 82.53333303663466, "y2": 966.3055419921875}, "name": "1", "caption_text": "Figure 1: Taux d\u2019exactitude sur les noms du jeu de test par Figure 2: Taux d\u2019exactitude sur les verbes du jeu de test utilisation de l\u2019algorithme de Lesk \u00e9tendu par utilisation de l\u2019algorithme de Lesk \u00e9tendu", "figure_type": "Figure", "uri": null, "page_height": 0, "figure_boundary": {"x2": 745.0, "y1": 660.0, "x1": 81.0, "y2": 969.0}, "page": 9, "dpi": 0}, {"page_width": 0, "caption_boundary": {"x2": 748.130883110894, "y1": 385.7821570502387, "x1": 78.7000020345052, "y2": 407.90278116861975}, "name": "3", "caption_text": "Figure 3: Taux d\u2019exactitude sur les noms du jeu de test par Figure 4: Taux d\u2019exactitude sur les verbes du jeu de test s\u00e9lection al\u00e9atoire de 30% sur les d\u00e9pendances syntaxiques sur l\u2019ensemble des d\u00e9pendances syntaxiques", "figure_type": "Figure", "uri": null, "page_height": 0, "figure_boundary": {"x2": 748.0, "y1": 102.0, "x1": 435.0, "y2": 379.0}, "page": 10, "dpi": 0}], "error": null, "pdf": "/work/host-output/122e58f8a5906672ba8b791d8713182e990427c6/2015.jeptalnrecital-recital.2.pdf", "dpi": 100}