{"raw_detected_boxes": [[], [], [{"x2": 714.0, "y1": 548.0, "x1": 115.0, "y2": 786.0}], [], [{"x2": 637.0, "y1": 100.0, "x1": 116.0, "y2": 171.0}], [], [{"x2": 749.0, "y1": 103.0, "x1": 94.0, "y2": 400.0}, {"x2": 603.0, "y1": 734.0, "x1": 265.0, "y2": 930.0}], [], [{"x2": 727.0, "y1": 111.0, "x1": 79.0, "y2": 407.0}], [{"x2": 690.0, "y1": 240.0, "x1": 158.0, "y2": 717.0}], [{"x2": 588.0, "y1": 100.0, "x1": 236.0, "y2": 178.0}], []], "raw_pdffigures_output": {"regionless-captions": [], "figures": [{"figType": "Table", "name": "4", "captionBoundary": {"x2": 425.4271545410156, "y1": 73.2325210571289, "x1": 343.4349670410156, "y2": 127.0560302734375}, "imageText": ["22\u00e8me", "TRAITEMENT", "AUTOMATIQUE", "DES", "LANGUES", "NATURELLES,", "CAEN,", "2015"], "regionBoundary": {"x2": 461.45404052734375, "y1": 31.1163387298584, "x1": 132.4600067138672, "y2": 73.2325210571289}, "caption": "TABLE 4 \u2013 R\u00e9sultats pour le r\u00e9seau profond avec une recherche par faisceau.", "page": 10}, {"figType": "Figure", "name": "4", "captionBoundary": {"x2": 521.994140625, "y1": 301.5585021972656, "x1": 72.17296600341797, "y2": 307.56097412109375}, "imageText": ["R\u00e9g.", "log.", "multinomiale", "R\u00e9seau", "super\ufb01ciel", "R\u00e9seau", "profond", "a", "1", "a", "m", "h0h1h2", "g\u00e9", "s", "pa", "rta", "re", "s", "m", "\u00e8t", "pa", "ra", "W(2)", "W(1)", "lookup", "lookup", "E(t)", "lookup", "E(t)", "E(t)", "cu", "be", "o", "u", "ta", "nh", "lookup", "lookup", "lookup", "ax", "so", "ftm", "xn", "xj", "x1", "h0h1", "g\u00e9", "s", "pa", "rta", "re", "s", "m", "\u00e8t", "pa", "ra", "a", "1", "a", "m", "E(t)", "E(t)", "E(t)", "W", "lookup", "lookup", "lookup", "lookup", "lookup", "lookup", "ax", "so", "ftm", "xn", "xj", "x1", "W", "a", "1", "a", "m", "lookuph0", "lookup", "lookup", "ax", "so", "ftm", "xn", "xj", "x1"], "regionBoundary": {"x2": 537.9785766601562, "y1": 73.8900146484375, "x1": 64.23596954345703, "y2": 286.260986328125}, "caption": "FIGURE 4 \u2013 Architectures de r\u00e9seaux pour la pr\u00e9diction locale. Les biais ne sont pas repr\u00e9sent\u00e9s sur les sch\u00e9mas.", "page": 6}, {"figType": "Figure", "name": "5", "captionBoundary": {"x2": 545.1040649414062, "y1": 561.5765380859375, "x1": 63.2130012512207, "y2": 615.4000244140625}, "imageText": ["I", "P+PRO", "CLR", "PP", "ADJ+DET+", "PREF", "P+D", "NPP", "P+", "V", "ET+", "VINF", "VPP", "VS", "CC", "VN", "PRO+", "AdP", "ADV", "VPR+", "ADJWH", "PROWH", "DETWH", "VPinf", "V+", "VIMP", "NP", "VPR", "CS", "NC+NPP+", "VINF+", "CLS", "NC", "PONCT", "ADVWH+", "VS+", "PROREL+", "ADJ", "I+", "ET", "PRO", "PROREL", "Ssub", "CLO", "DET", "P", "VPP+", "P+D+", "ADV+", "Srel", "VPpart", "Sint", "CS+", "AP", "CC+", "ADVWH", "COORD", "10", "15", "0", "5", "\u2212", "5", "\u2212", "10", "\u2212", "15", "\u221210", "\u22125", "0", "5", "10", "15", "\u25cf", "\u25cf", "\u25cf", "\u25cf", "\u25cf", "\u25cf", "\u25cf", "\u25cf", "\u25cf", "\u25cf", "\u25cf", "\u25cf", "\u25cf", "\u25cf", "\u25cf", "\u25cf", "\u25cf", "\u25cf", "\u25cf", "\u25cf", "\u25cf", "\u25cf", "\u25cf", "\u25cf", "\u25cf", "\u25cf", "\u25cf", "\u25cf", "\u25cf", "\u25cf", "\u25cf", "\u25cf", "\u25cf", "\u25cf", "\u25cf", "\u25cf", "\u25cf", "\u25cf", "\u25cf", "\u25cf", "\u25cf", "\u25cf", "\u25cf", "\u25cf", "\u25cf", "\u25cf", "\u25cf", "\u25cf", "\u25cf", "\u25cf", "\u25cf", "\u25cf", "\u25cf", "\u25cf", "\u25cf", "\u25cf", "\u25cf", "\u25cf", "\u25cf"], "regionBoundary": {"x2": 498.08819580078125, "y1": 173.8900146484375, "x1": 119.99873352050781, "y2": 516.066650390625}, "caption": "FIGURE 5 \u2013 Repr\u00e9sentations denses de symboles non-terminaux apprises par le r\u00e9seau de neurones profond. Pour leur visualisation, ces repr\u00e9sentations ont \u00e9t\u00e9 projet\u00e9es sur 2 dimensions \u00e0 l\u2019aide de t-SNE. Le mod\u00e8le parvient \u00e0 capturer certaines similarit\u00e9s entre les diff\u00e9rents symboles. Par exemple, les repr\u00e9sentations pour diff\u00e9rents tags de verbes (V, VS, VIMP, VINF, . . .) sont proches, de m\u00eame que celles pour les clitiques (CLO, CLS, CLR). Les symboles repr\u00e9sentant des mots compos\u00e9s (suffix\u00e9s par +) se regroupent entre eux ou avec leur contrepartie non compos\u00e9e.", "page": 9}, {"figType": "Table", "name": "1", "captionBoundary": {"x2": 373.2641906738281, "y1": 156.88650512695312, "x1": 220.65402221679688, "y2": 162.88897705078125}, "imageText": ["A[h]", "\u2192", "B[h]C[x]", "A[h]", "\u2192", "B[x]C[h]", "A[h]", "\u2192", "h"], "regionBoundary": {"x2": 341.3016357421875, "y1": 102.28660583496094, "x1": 252.61300659179688, "y2": 138.97900390625}, "caption": "TABLE 1 \u2013 Formes des r\u00e8gles 2-LCFG", "page": 2}, {"figType": "Figure", "name": "1", "captionBoundary": {"x2": 537.9052124023438, "y1": 583.7935791015625, "x1": 56.011993408203125, "y2": 625.6610107421875}, "imageText": ["R\u00c9DUCTION-UNAIRE-X", "\u3008[", "\u03b1", "A[h]],W\u3009", ":", "w", "\u3008[", "\u03b1", "X[h]],W\u3009", ":", "w", "+", "f(RU-X,", "\u3008S,W\u3009)", "X\u2192", "A", "\u2208", "R", "R\u00c9DUCTION-DROITE-X", "\u3008[", "\u03b1", "B[x]", "C[h]],W\u3009", ":", "w", "\u3008[", "\u03b1", "X[h]],W\u3009", ":", "w", "+", "f(RD-X,", "\u3008S,W\u3009)", "X\u2192", "B", "C", "\u2208", "R", "R\u00c9DUCTION-GAUCHE-X", "\u3008[", "\u03b1", "B[h]", "C[x]],W\u3009", ":", "w", "\u3008[", "\u03b1", "X[h]],W\u3009", ":", "w", "+", "f(RG-X,", "\u3008S,W\u3009)", "X\u2192", "B", "C", "\u2208", "R", "D\u00c9CALAGE", "\u3008S,[wi", "wi+1", "...wn]\u3009", ":", "w", "\u3008S", "+", "wi,[wi+1", "...wn]\u3009", ":", "w", "+", "f(D\u00c9CALAGE,", "\u3008S,W\u3009)", "ITEM", "\u3008S,W\u3009", ":", "w", "\u00c9TAT", "INITIAL", "\u3008\u2205,[w1", "w2", "...wn]\u3009", ":", "0", "\u00c9TAT", "FINAL", "\u3008[S],", "\u2205\u3009", ":", "w"], "regionBoundary": {"x2": 514.0, "y1": 392.8900146484375, "x1": 80.0, "y2": 565.8900146484375}, "caption": "FIGURE 1 \u2013 Algorithme pond\u00e9r\u00e9 pour une grammaire bilexicale. S est l\u2019axiome de la grammaire, R est l\u2019ensemble des r\u00e8gles de grammaire. Chaque \u00e9tat de l\u2019analyse poss\u00e8de un poids, calcul\u00e9 comme la somme du poids d\u2019une action et de celui de l\u2019\u00e9tat dont il est issu. Chaque action a est pond\u00e9r\u00e9e par une fonction f(a, \u3008S,W\u3009), qui d\u00e9pend de la configuration courante.", "page": 2}, {"figType": "Table", "name": "2", "captionBoundary": {"x2": 537.903076171875, "y1": 73.2325210571289, "x1": 348.51397705078125, "y2": 139.01104736328125}, "imageText": ["22\u00e8me", "TRAITEMENT", "AUTOMATIQUE", "DES", "LANGUES", "NATURELLES,", "CAEN,", "2015"], "regionBoundary": {"x2": 461.45404052734375, "y1": 31.1163387298584, "x1": 56.0, "y2": 73.2325210571289}, "caption": "TABLE 2 \u2013 Donn\u00e9es d\u2019apprentissage pour le r\u00e9seau profond dans le sc\u00e9nario \u2019tags donn\u00e9s\u2019. Les colonnes \u2019Exactitude\u2019 \u00e9valuent la qualit\u00e9 de la pr\u00e9diction locale sur l\u2019ensemble des couples configuration/action extraits des arbres de r\u00e9f\u00e9rence.", "page": 8}, {"figType": "Table", "name": "3", "captionBoundary": {"x2": 506.8182373046875, "y1": 305.8215637207031, "x1": 87.34600067138672, "y2": 311.82403564453125},