{"raw_detected_boxes": [[], [], [], [{"x2": 472.0, "y1": 85.0, "x1": 121.0, "y2": 310.0}], [], [], [{"x2": 464.0, "y1": 369.0, "x1": 127.0, "y2": 478.0}], [{"x2": 466.0, "y1": 35.0, "x1": 125.0, "y2": 190.0}, {"x2": 467.0, "y1": 328.0, "x1": 122.0, "y2": 420.0}], []], "raw_pdffigures_output": {"regionless-captions": [{"figType": "Table", "boundary": {"x2": 411.02789306640625, "y1": 148.095703125, "x1": 14.093000411987305, "y2": 166.36300659179688}, "text": "TABLE 2 \u2013 Scores de pr\u00e9cision et DER pour les fusions tardives \u00e0 posteriori et au niveau des embeddings (Audio, Image, Texte).", "name": "2", "page": 7}], "figures": [{"figType": "Table", "name": "3", "captionBoundary": {"x2": 391.2342529296875, "y1": 315.314697265625, "x1": 34.2140007019043, "y2": 321.6260070800781}, "imageText": ["Syst\u00e8me", "Modalit\u00e9", "Acc-Man", "DER-Man", "DER-Auto", "CNN-Texte", "T", "70,07", "26,65", "28,42", "DNN-Audio", "A", "65,69", "29,88", "37,31", "CNN-Image", "I", "51,09", "43,29", "46,47", "Tardive", "A+I+T", "70,07", "27,77", "34,61", "Embedding", "A+I+T", "66,42", "32,80", "34,06"], "regionBoundary": {"x2": 337.0, "y1": 235.9530029296875, "x1": 88.0, "y2": 303.9530029296875}, "caption": "TABLE 3 \u2013 R\u00e9sultats dans les conditions d\u2019\u00e9mission inconnue (5% de l\u2019ensemble de test).", "page": 7}, {"figType": "Figure", "name": "1", "captionBoundary": {"x2": 411.1950988769531, "y1": 243.18170166015625, "x1": 14.17300033569336, "y2": 285.3590087890625}, "imageText": ["Cibles", "multimodales", "Embeddings", "multimodaux", "monomodales", "Audio", "Cibles", "Texte", "Image", "2048", "1200", "4096"], "regionBoundary": {"x2": 341.08575439453125, "y1": 61.21144104003906, "x1": 87.214111328125, "y2": 224.74383544921875}, "caption": "FIGURE 1 \u2013 Illustration de l\u2019approche de fusion d\u2019embeddings. Les syst\u00e8mes monomodaux sont d\u2019abord entra\u00een\u00e9s de mani\u00e8re ind\u00e9pendante, puis les activations de leurs couches cach\u00e9es sont concat\u00e9n\u00e9es pour servir d\u2019entr\u00e9e au r\u00e9seau multimodal. La taille des embeddings est donn\u00e9e pour chaque modalit\u00e9.", "page": 3}, {"figType": "Table", "name": "1", "captionBoundary": {"x2": 364.80267333984375, "y1": 356.1047058105469, "x1": 60.64500045776367, "y2": 362.416015625}, "imageText": ["Syst\u00e8me", "Modalit\u00e9", "Acc-Man", "DER-Man", "DER-Auto", "JFA", "Audio", "26,76", "37,48", "42,54", "DNN-Audio", "Audio", "77,52", "19,79", "25,43", "Adaboost", "Texte", "62,13", "28,80", "34,33", "CNN-Texte", "Texte", "67,50", "29,11", "32,66", "SVM-HOG", "Image", "62,76", "36,97", "42,04", "CNN-Image", "Image", "70,48", "25,69", "35,25"], "regionBoundary": {"x2": 337.0, "y1": 265.9530029296875, "x1": 88.0, "y2": 344.9530029296875}, "caption": "TABLE 1 \u2013 Scores de pr\u00e9cision et DER monomodaux sur l\u2019ensemble de test.", "page": 6}]}, "figures": [{"page_width": 0, "caption_boundary": {"x2": 571.1043039957682, "y1": 337.75236341688367, "x1": 19.684722688462998, "y2": 396.3319566514757}, "name": "1", "caption_text": "FIGURE 1 \u2013 Illustration de l\u2019approche de fusion d\u2019embeddings. Les syst\u00e8mes monomodaux sont d\u2019abord entra\u00een\u00e9s de mani\u00e8re ind\u00e9pendante, puis les activations de leurs couches cach\u00e9es sont concat\u00e9n\u00e9es pour servir d\u2019entr\u00e9e au r\u00e9seau multimodal. La taille des embeddings est donn\u00e9e pour chaque modalit\u00e9.", "figure_type": "Figure", "uri": null, "page_height": 0, "figure_boundary": {"x2": 474.0, "y1": 85.0, "x1": 121.0, "y2": 312.0}, "page": 3, "dpi": 0}, {"page_width": 0, "caption_boundary": {"x2": 506.6703796386719, "y1": 494.58986918131507, "x1": 84.22916730244954, "y2": 503.3555772569444}, "name": "1", "caption_text": "TABLE 1 \u2013 Scores de pr\u00e9cision et DER monomodaux sur l\u2019ensemble de test.", "figure_type": "Table", "uri": null, "page_height": 0, "figure_boundary": {"x2": 468.0, "y1": 368.0, "x1": 122.0, "y2": 479.0}, "page": 6, "dpi": 0}, {"page_width": 0, "caption_boundary": {"x2": 570.872073703342, "y1": 205.6884765625, "x1": 19.5736116833157, "y2": 231.05973137749564}, "name": "2", "caption_text": "TABLE 2 \u2013 Scores de pr\u00e9cision et DER pour les fusions tardives \u00e0 posteriori et au niveau des embeddings (Audio, Image, Texte).", "figure_type": "Table", "uri": null, "page_height": 0, "figure_boundary": {"x2": 466.0, "y1": 35.0, "x1": 125.0, "y2": 190.0}, "page": 7, "dpi": 0}, {"page_width": 0, "caption_boundary": {"x2": 543.3809068467882, "y1": 437.93707953559027, "x1": 47.51944541931152, "y2": 446.7027876112196}, "name": "3", "caption_text": "TABLE 3 \u2013 R\u00e9sultats dans les conditions d\u2019\u00e9mission inconnue (5% de l\u2019ensemble de test).", "figure_type": "Table", "uri": null, "page_height": 0, "figure_boundary": {"x2": 468.0, "y1": 328.0, "x1": 122.0, "y2": 422.0}, "page": 7, "dpi": 0}], "error": null, "pdf": "/work/host-output/cc6aa3d6f3a398bf22ccf0c4d8931d8ced50eb95/2016.jeptalnrecital-jep.41.pdf", "dpi": 100}