{"raw_detected_boxes": [[], [], [], [], [], [{"x2": 492.0, "y1": 41.0, "x1": 99.0, "y2": 166.0}, {"x2": 490.0, "y1": 499.0, "x1": 106.0, "y2": 615.0}], [{"x2": 381.0, "y1": 335.0, "x1": 210.0, "y2": 453.0}], [], []], "raw_pdffigures_output": {"regionless-captions": [{"figType": "Figure", "boundary": {"x2": 411.439697265625, "y1": 126.35728454589844, "x1": 13.99899959564209, "y2": 155.93600463867188}, "text": "FIGURE 1 : Pourcentages moyens d'identification correcte \u00e0 T1 (gris fonc\u00e9) et \u00e0 T2 (gris clair) selon le groupe pour chaque voyelle. (Les ast\u00e9risques indiquent le niveau de significativit\u00e9 des diff\u00e9rences : * p < .05 ; ** p < .01 ; *** p < .001)", "name": "1", "page": 5}], "figures": [{"figType": "Figure", "name": "2", "captionBoundary": {"x2": 409.8913879394531, "y1": 450.1972961425781, "x1": 15.318999290466309, "y2": 479.7760009765625}, "imageText": [], "regionBoundary": {"x2": 355.0, "y1": 358.9530029296875, "x1": 71.0, "y2": 447.9530029296875}, "caption": "FIGURE 2 : Pourcentages moyens de discrimination correcte \u00e0 T1 (gris fonc\u00e9) et \u00e0 T2 (gris clair) selon le groupe et pour chaque contraste. (Les ast\u00e9risques indiquent le niveau de significativit\u00e9 des diff\u00e9rences : * p < .05 ; ** p < .01 ; *** p < .001)", "page": 5}, {"figType": "Figure", "name": "3", "captionBoundary": {"x2": 413.0430603027344, "y1": 331.8472900390625, "x1": 11.83899974822998, "y2": 361.4259948730469}, "imageText": [], "regionBoundary": {"x2": 275.0, "y1": 240.9530029296875, "x1": 150.0, "y2": 329.9530029296875}, "caption": "FIGURE 3 : Coefficient de corr\u00e9lation des matrices de voyelles des apprenants et des locuteurs natifs, \u00e0 T1 (gris fonc\u00e9) et \u00e0 T2 (gris clair) pour chaque groupe. (Les ast\u00e9risques indiquent le niveau de significativit\u00e9 dans diff\u00e9rences : * p < .05 ; ** p < .01 ; *** p < .001)", "page": 6}]}, "figures": [{"page_width": 0, "caption_boundary": {"x2": 571.4440239800347, "y1": 175.49622853597003, "x1": 19.443054993947346, "y2": 216.5777842203776}, "name": "1", "caption_text": "FIGURE 1 : Pourcentages moyens d'identification correcte \u00e0 T1 (gris fonc\u00e9) et \u00e0 T2 (gris clair) selon le groupe pour chaque voyelle. (Les ast\u00e9risques indiquent le niveau de significativit\u00e9 des diff\u00e9rences : * p < .05 ; ** p < .01 ; *** p < .001)", "figure_type": "Figure", "uri": null, "page_height": 0, "figure_boundary": {"x2": 504.0, "y1": 32.0, "x1": 87.0, "y2": 178.0}, "page": 5, "dpi": 0}, {"page_width": 0, "caption_boundary": {"x2": 569.2935943603516, "y1": 625.2740224202473, "x1": 21.276387903425427, "y2": 666.3555569118923}, "name": "2", "caption_text": "FIGURE 2 : Pourcentages moyens de discrimination correcte \u00e0 T1 (gris fonc\u00e9) et \u00e0 T2 (gris clair) selon le groupe et pour chaque contraste. (Les ast\u00e9risques indiquent le niveau de significativit\u00e9 des diff\u00e9rences : * p < .05 ; ** p < .01 ; *** p < .001)", "figure_type": "Figure", "uri": null, "page_height": 0, "figure_boundary": {"x2": 499.0, "y1": 499.0, "x1": 94.0, "y2": 627.0}, "page": 5, "dpi": 0}, {"page_width": 0, "caption_boundary": {"x2": 573.6709170871311, "y1": 460.89901394314234, "x1": 16.443055205874973, "y2": 501.9805484347873}, "name": "3", "caption_text": "FIGURE 3 : Coefficient de corr\u00e9lation des matrices de voyelles des apprenants et des locuteurs natifs, \u00e0 T1 (gris fonc\u00e9) et \u00e0 T2 (gris clair) pour chaque groupe. (Les ast\u00e9risques indiquent le niveau de significativit\u00e9 dans diff\u00e9rences : * p < .05 ; ** p < .01 ; *** p < .001)", "figure_type": "Figure", "uri": null, "page_height": 0, "figure_boundary": {"x2": 393.0, "y1": 335.0, "x1": 198.0, "y2": 465.0}, "page": 6, "dpi": 0}], "error": null, "pdf": "/work/host-output/a436c02dd53adb7d0994f667f10b300234581d27/2016.jeptalnrecital-jep.55.pdf", "dpi": 100}