{"raw_detected_boxes": [[], [], [], [{"x2": 400.0, "y1": 627.0, "x1": 191.0, "y2": 743.0}], [{"x2": 403.0, "y1": 189.0, "x1": 191.0, "y2": 288.0}], [{"x2": 557.0, "y1": 19.0, "x1": 22.0, "y2": 118.0}], [], [], []], "raw_pdffigures_output": {"regionless-captions": [{"figType": "Table", "boundary": {"x2": 412.7615966796875, "y1": 100.84854888916016, "x1": 14.093000411987305, "y2": 130.760986328125}, "text": "TABLE 1 \u2013 Rapport de classification pour les clusters n\u02da 1, n\u02da 2 et n\u02da 3. La baseline classe chaque segment dans la classe majoritaire. 0 = classe \u201ctous\u201d ; 1 = classe \u201cun\u201d, moy = moyenne ponder\u00e9e. Pour des raisons d\u2019espace, nous ne pouvons pas pr\u00e9senter tous les clusters.", "name": "1", "page": 5}, {"figType": "Table", "boundary": {"x2": 411.0233459472656, "y1": 49.49155044555664, "x1": 14.093000411987305, "y2": 67.448974609375}, "text": "TABLE 2 \u2013 Pr\u00e9cision pour les dix p\u00e9risegments de chaque composante s\u00e9mantique. La pr\u00e9cision moyenne est 83,63%.", "name": "2", "page": 6}], "figures": [{"figType": "Figure", "name": "2", "captionBoundary": {"x2": 411.0224914550781, "y1": 235.87753295898438, "x1": 14.17300033569336, "y2": 253.83599853515625}, "imageText": [], "regionBoundary": {"x2": 291.0, "y1": 135.2760009765625, "x1": 134.0, "y2": 210.2760009765625}, "caption": "FIGURE 2 \u2013 Repr\u00e9sentation graphique de mots pour le cluster n\u02da 1, selon la fr\u00e9quence TF/IDF (a) et les poids du vecteur w (b).", "page": 4}, {"figType": "Figure", "name": "1", "captionBoundary": {"x2": 293.5444030761719, "y1": 563.1455688476562, "x1": 131.73300170898438, "y2": 569.1480102539062}, "imageText": [], "regionBoundary": {"x2": 291.0, "y1": 447.2760009765625, "x1": 134.0, "y2": 537.2760009765625}, "caption": "FIGURE 1 \u2013 Indice silhouette de 2 \u00e0 50 k", "page": 3}]}, "figures": [{"page_width": 0, "caption_boundary": {"x2": 407.7005598280165, "y1": 782.1466233995226, "x1": 182.96250237358942, "y2": 790.4833475748698}, "name": "1", "caption_text": "FIGURE 1 \u2013 Indice silhouette de 2 \u00e0 50 k", "figure_type": "Figure", "uri": null, "page_height": 0, "figure_boundary": {"x2": 404.0, "y1": 623.0, "x1": 187.0, "y2": 744.0}, "page": 3, "dpi": 0}, {"page_width": 0, "caption_boundary": {"x2": 570.8645714653862, "y1": 327.60768466525604, "x1": 19.684722688462998, "y2": 352.54999796549475}, "name": "2", "caption_text": "FIGURE 2 \u2013 Repr\u00e9sentation graphique de mots pour le cluster n\u02da 1, selon la fr\u00e9quence TF/IDF (a) et les poids du vecteur w (b).", "figure_type": "Figure", "uri": null, "page_height": 0, "figure_boundary": {"x2": 403.0, "y1": 189.0, "x1": 188.0, "y2": 291.0}, "page": 4, "dpi": 0}, {"page_width": 0, "caption_boundary": {"x2": 573.2799953884548, "y1": 140.06742901272244, "x1": 19.5736116833157, "y2": 181.61248101128473}, "name": "1", "caption_text": "TABLE 1 \u2013 Rapport de classification pour les clusters n\u02da 1, n\u02da 2 et n\u02da 3. La baseline classe chaque segment dans la classe majoritaire. 0 = classe \u201ctous\u201d ; 1 = classe \u201cun\u201d, moy = moyenne ponder\u00e9e. Pour des raisons d\u2019espace, nous ne pouvons pas pr\u00e9senter tous les clusters.", "figure_type": "Table", "uri": null, "page_height": 0, "figure_boundary": {"x2": 569.0, "y1": 19.0, "x1": 19.0, "y2": 124.0}, "page": 5, "dpi": 0}], "error": null, "pdf": "/work/host-output/7ee0d13f70e09de3e6544b564df80ef4888059dc/2016.jeptalnrecital-poster.27.pdf", "dpi": 100}