{"raw_detected_boxes": [[], [], [{"x2": 479.0, "y1": 508.0, "x1": 110.0, "y2": 580.0}], [{"x2": 475.0, "y1": 412.0, "x1": 116.0, "y2": 618.0}, {"x2": 494.0, "y1": 674.0, "x1": 92.0, "y2": 762.0}], [{"x2": 491.0, "y1": 195.0, "x1": 100.0, "y2": 269.0}, {"x2": 432.0, "y1": 423.0, "x1": 159.0, "y2": 661.0}], [{"x2": 436.0, "y1": 35.0, "x1": 155.0, "y2": 249.0}], [], [{"x2": 474.0, "y1": 190.0, "x1": 117.0, "y2": 490.0}], []], "raw_pdffigures_output": {"regionless-captions": [{"figType": "Table", "boundary": {"x2": 411.02789306640625, "y1": 187.03469848632812, "x1": 14.093000411987305, "y2": 205.301025390625}, "text": "TABLE 2: Nombre de segments pour chaque genre. FR5 : France 5, Gen. : Moyenne des cha\u00eenes g\u00e9n\u00e9ralistes, Inter-prog. : Inter-programmes, Mag. : Magazine, Rep. : Reportages, Prog. : Programme.", "name": "2", "page": 5}], "figures": [{"figType": "Figure", "name": "1", "captionBoundary": {"x2": 355.4521484375, "y1": 439.648681640625, "x1": 69.99400329589844, "y2": 445.9599914550781}, "imageText": ["1.", "M\u00e9t\u00e9o", "2.", "IP", "3.", "Actualit\u00e9", "4.", "IP", "5.", "Programme", "court"], "regionBoundary": {"x2": 346.0, "y1": 365.9530029296875, "x1": 79.0, "y2": 417.9530029296875}, "caption": "FIGURE 1: Un exemple d\u2019une courte s\u00e9quence de programmes sur TF1.", "page": 2}, {"figType": "Table", "name": "3", "captionBoundary": {"x2": 412.6757507324219, "y1": 375.5486755371094, "x1": 14.093000411987305, "y2": 393.81500244140625}, "imageText": ["non", "inclus", "0.317", "0.343", "0.329", "0.450", "4g", "0.311", "0.256", "0.281", "0.667", "5g", "0.326", "0.288", "0.306", "0.550", "6g", "0.335", "0.238", "0.279", "0.650", "0.343", "0.356", "0.349", "0.220", "4g", "0.379", "0.384", "0.382", "0.297", "5g", "0.321", "0.370", "0.344", "0.305", "6g", "0.330", "0.3910", "2.000", "0.288", "3g", "inclus", "TF1", "1/2", "+", "M6", "+", "Fr5", "+", "TV5", "non", "inclus", "0.402", "0.363", "0.382", "0.383", "4g", "0.408", "0.305", "0.349", "0.467", "5g", "0.408", "0.305", "0.349", "0.467", "6g", "0.410", "0.322", "0.360", "0.450", "3g", "0.406", "0.401", "0.403", "0.305", "4g", "0.503", "0.447", "0.473", "0.280", "5g", "0.441", "0.453", "0.447", "0.331", "6g", "0.476", "0.430", "0.452", "0.280", "3g", "TF1", "1/2", "+", "M6", "inclus", "0.537", "0.462", "0.497", "0.367", "4g", "0.579", "0.508", "0.541", "0.350", "5g", "&", "6g", "0.588", "0.513", "0.548", "0.333", "3g", "non", "inclus", "0.473", "0.484", "0.478", "0.169", "5g", "0.481", "0.433", "0.456", "0.381", "6g", "0.489", "0.551", "0.518", "0.195", "3g", "TF1", "1/2", "inclus", "Taille", "Inter-prog", "Appr.", "Pr\u00e9cision", "Rappel", "F-mesure", "TR", "3g", "&", "4g"], "regionBoundary": {"x2": 341.0, "y1": 136.9530029296875, "x1": 84.0, "y2": 353.9530029296875}, "caption": "TABLE 3: Pr\u00e9cisions, Rappels, F-mesures et Taux de R\u00e9ussite (TR) observ\u00e9s pour diff\u00e9rentes configurations d\u2019apprentissage. 1/2 : jour 1, inter-prog. : inter-programmes, Appr. : donn\u00e9es d\u2019apprentissage.", "page": 7}, {"figType": "Figure", "name": "3", "captionBoundary": {"x2": 411.01898193359375, "y1": 570.5877075195312, "x1": 14.17300033569336, "y2": 588.85400390625}, "imageText": ["1.", "\ufb01ction_su", "2.", "ip", "3.", "\ufb01ction_su", "4.", "ip", "5.", "\ufb01ction_bk", "6.", "ip"], "regionBoundary": {"x2": 362.0, "y1": 485.9530029296875, "x1": 64.0, "y2": 548.9530029296875}, "caption": "FIGURE 3: Un exemple d\u2019ambigu\u00eft\u00e9 pour deux fictions successives : Special Unit (su) et Breakout Kings (bk) sur TF1. ip : inter-programmes", "page": 3}, {"figType": "Figure", "name": "2", "captionBoundary": {"x2": 319.9208679199219, "y1": 449.0646667480469, "x1": 105.5260009765625, "y2": 455.3759765625}, "imageText": [], "regionBoundary": {"x2": 348.0, "y1": 293.9530029296875, "x1": 75.0, "y2": 447.9530029296875}, "caption": "FIGURE 2: La dur\u00e9e moyenne des segments par genre", "page": 3}, {"figType": "Table", "name": "1", "captionBoundary": {"x2": 304.319580078125, "y1": 205.36770629882812, "x1": 120.79900360107422, "y2": 211.67901611328125}, "imageText": ["&", "g\u00e9n\u00e9rique", "de", "\ufb01n", "suivi", "d\u2019une", "parole", "de", "\ufb01n", "parole_extra_g\u00e9n\u00e9rique", "Parole", "r\u00e9p\u00e9t\u00e9e,", "sur", "la", "musique", "du", "g\u00e9n\u00e9rique", "g\u00e9n\u00e9rique_parole_r\u00e9p\u00e9t\u00e9e", "Parole", "introductive", "suivie", "du", "g\u00e9n\u00e9rique", "de", "d\u00e9but", "Cas", "\u00c9tiquette", "Parole", "non", "r\u00e9p\u00e9t\u00e9e,", "sur", "la", "musique", "du", "g\u00e9n\u00e9rique", "g\u00e9n\u00e9rique_parole_non_r\u00e9p\u00e9t\u00e9e"], "regionBoundary": {"x2": 354.0, "y1": 140.9530029296875, "x1": 71.0, "y2": 193.9530029296875}, "caption": "TABLE 1: Annotation des g\u00e9n\u00e9riques ambigus", "page": 4}, {"figType": "Figure", "name": "4", "captionBoundary": {"x2": 313.37054443359375, "y1": 492.12469482421875, "x1": 112.0770034790039, "y2": 498.4360046386719}, "imageText": [], "regionBoundary": {"x2": 316.0, "y1": 303.9530029296875, "x1": 110.0, "y2": 480.9530029296875}, "caption": "FIGURE 4: Distribution des genres dans le corpus.", "page": 4}]}, "figures": [{"page_width": 0, "caption_boundary": {"x2": 493.68353949652777, "y1": 610.6231689453125, "x1": 97.2138934665256, "y2": 619.3888770209418}, "name": "1", "caption_text": "FIGURE 1: Un exemple d\u2019une courte s\u00e9quence de programmes sur TF1.", "figure_type": "Figure", "uri": null, "page_height": 0, "figure_boundary": {"x2": 481.0, "y1": 508.0, "x1": 110.0, "y2": 580.0}, "page": 2, "dpi": 0}, {"page_width": 0, "caption_boundary": {"x2": 444.33453877766925, "y1": 623.700926038954, "x1": 146.56389024522568, "y2": 632.4666341145833}, "name": "2", "caption_text": "FIGURE 2: La dur\u00e9e moyenne des segments par genre", "figure_type": "Figure", "uri": null, "page_height": 0, "figure_boundary": {"x2": 483.0, "y1": 408.0, "x1": 114.0, "y2": 630.0}, "page": 3, "dpi": 0}, {"page_width": 0, "caption_boundary": {"x2": 570.8596971299913, "y1": 792.4829271104601, "x1": 19.684722688462998, "y2": 817.852783203125}, "name": "3", "caption_text": "FIGURE 3: Un exemple d\u2019ambigu\u00eft\u00e9 pour deux fictions successives : Special Unit (su) et Breakout Kings (bk) sur TF1. ip : inter-programmes", "figure_type": "Figure", "uri": null, "page_height": 0, "figure_boundary": {"x2": 502.0, "y1": 674.0, "x1": 88.0, "y2": 762.0}, "page": 3, "dpi": 0}, {"page_width": 0, "caption_boundary": {"x2": 422.66608344184027, "y1": 285.23292541503906, "x1": 167.77639389038086, "y2": 293.9986334906684}, "name": "1", "caption_text": "TABLE 1: Annotation des g\u00e9n\u00e9riques ambigus", "figure_type": "Table", "uri": null, "page_height": 0, "figure_boundary": {"x2": 492.0, "y1": 195.0, "x1": 99.0, "y2": 269.0}, "page": 4, "dpi": 0}, {"page_width": 0, "caption_boundary": {"x2": 435.2368672688802, "y1": 683.5065205891926, "x1": 155.66250483194986, "y2": 692.272228664822}, "name": "4", "caption_text": "FIGURE 4: Distribution des genres dans le corpus.", "figure_type": "Figure", "uri": null, "page_height": 0, "figure_boundary": {"x2": 433.0, "y1": 422.0, "x1": 159.0, "y2": 661.0}, "page": 4, "dpi": 0}, {"page_width": 0, "caption_boundary": {"x2": 570.872073703342, "y1": 259.7704145643446, "x1": 19.5736116833157, "y2": 285.14031304253473}, "name": "2", "caption_text": "TABLE 2: Nombre de segments pour chaque genre. FR5 : France 5, Gen. : Moyenne des cha\u00eenes g\u00e9n\u00e9ralistes, Inter-prog. : Inter-programmes, Mag. : Magazine, Rep. : Reportages, Prog. : Programme.", "figure_type": "Table", "uri": null, "page_height": 0, "figure_boundary": {"x2": 436.0, "y1": 35.0, "x1": 155.0, "y2": 261.0}, "page": 5, "dpi": 0}, {"page_width": 0, "caption_boundary": {"x2": 573.1607649061415, "y1": 521.5953826904297, "x1": 19.5736116833157, "y2": 546.9652811686198}, "name": "3",