{"raw_detected_boxes": [[], [{"x2": 753.0, "y1": 134.0, "x1": 650.0, "y2": 401.0}, {"x2": 787.0, "y1": 751.0, "x1": 579.0, "y2": 927.0}]], "raw_pdffigures_output": {"regionless-captions": [], "figures": [{"figType": "Figure", "name": "2", "captionBoundary": {"x2": 568.3655395507812, "y1": 708.7201538085938, "x1": 406.1565856933594, "y2": 716.9013671875}, "imageText": [], "regionBoundary": {"x2": 588.0, "y1": 529.8900146484375, "x1": 405.0, "y2": 672.8900146484375}, "caption": "FIGURE 2 \u2013 Pr\u00e9cision et rappel.", "page": 1}, {"figType": "Figure", "name": "1", "captionBoundary": {"x2": 568.0902099609375, "y1": 325.5782775878906, "x1": 459.9111328125, "y2": 348.6964111328125}, "imageText": [], "regionBoundary": {"x2": 569.0, "y1": 95.8900146484375, "x1": 459.0, "y2": 289.8900146484375}, "caption": "FIGURE 1 \u2013 Capture d\u2019\u00e9cran.", "page": 1}]}, "figures": [{"page_width": 0, "caption_boundary": {"x2": 789.014180501302, "y1": 452.1920522054036, "x1": 638.7654622395833, "y2": 484.3005710177951}, "name": "1", "caption_text": "FIGURE 1 \u2013 Capture d\u2019\u00e9cran.", "figure_type": "Figure", "uri": null, "page_height": 0, "figure_boundary": {"x2": 770.0, "y1": 134.0, "x1": 639.0, "y2": 401.0}, "page": 1, "dpi": 0}, {"page_width": 0, "caption_boundary": {"x2": 789.3965827094183, "y1": 984.3335469563801, "x1": 564.1063690185547, "y2": 995.6963433159722}, "name": "2", "caption_text": "FIGURE 2 \u2013 Pr\u00e9cision et rappel.", "figure_type": "Figure", "uri": null, "page_height": 0, "figure_boundary": {"x2": 804.0, "y1": 748.0, "x1": 579.0, "y2": 927.0}, "page": 1, "dpi": 0}], "error": null, "pdf": "/work/host-output/da617e677e5052832d1f09bc35338d88fe8e0650/2016.jeptalnrecital-demo.10.pdf", "dpi": 100}