{"raw_detected_boxes": [[], [], [], [{"x2": 522.0, "y1": 31.0, "x1": 78.0, "y2": 187.0}, {"x2": 378.0, "y1": 497.0, "x1": 189.0, "y2": 631.0}], [], [], [{"x2": 435.0, "y1": 72.0, "x1": 156.0, "y2": 346.0}], []], "raw_pdffigures_output": {"regionless-captions": [{"figType": "Table", "boundary": {"x2": 413.7390441894531, "y1": 148.4841766357422, "x1": 18.12101936340332, "y2": 189.69601440429688}, "text": "TABLE 1 : Informations d\u00e9mographiques des groupes test\u00e9s. La colonne \u201cTotal\u201d reporte le nombre total d'individus test\u00e9s pour chaque groupe (et le nombre de femme parmi eux). \u201cInclus\u201d indique le nombre d\u2019individus inclus dans nos analyses. \u201c\u00c2ge\u201d indique l\u2019\u00e2ge moyen (et l\u2019\u00e9cart type) pour les individus qui ont pu \u00eatre inclus", "name": "1", "page": 3}], "figures": [{"figType": "Figure", "name": "1", "captionBoundary": {"x2": 414.435546875, "y1": 465.04412841796875, "x1": 14.659110069274902, "y2": 471.69598388671875}, "imageText": [], "regionBoundary": {"x2": 273.0, "y1": 356.9530029296875, "x1": 136.0, "y2": 454.9530029296875}, "caption": "FIGURE 1: Capture d\u2019\u00e9cran de l\u2019iPad\u00ae pendant le jeu pour un essai avec le couple banane/chaussette", "page": 3}, {"figType": "Figure", "name": "2", "captionBoundary": {"x2": 417.04248046875, "y1": 261.044189453125, "x1": 14.659110069274902, "y2": 290.97601318359375}, "imageText": [], "regionBoundary": {"x2": 317.0, "y1": 48.9530029296875, "x1": 109.0, "y2": 256.9530029296875}, "caption": "FIGURE 2: Graphique en bo\u00eete \u00e0 moustache repr\u00e9sentant le ratio des m\u00e9dianes des temps de r\u00e9ponse pour les essais des mots modifi\u00e9s par la prononciation compos\u00e9e, dans les diff\u00e9rentes conditions d\u2019exp\u00e9rimentation (en laboratoire ou \u00e0 l\u2019ext\u00e9rieur) pour les deux groupes test\u00e9s (adultes et enfants).", "page": 6}]}, "figures": [{"page_width": 0, "caption_boundary": {"x2": 574.6375613742405, "y1": 206.22802310519748, "x1": 25.168082449171276, "y2": 263.4666866726345}, "name": "1", "caption_text": "TABLE 1 : Informations d\u00e9mographiques des groupes test\u00e9s. La colonne \u201cTotal\u201d reporte le nombre total d'individus test\u00e9s pour chaque groupe (et le nombre de femme parmi eux). \u201cInclus\u201d indique le nombre d\u2019individus inclus dans nos analyses. \u201c\u00c2ge\u201d indique l\u2019\u00e2ge moyen (et l\u2019\u00e9cart type) pour les individus qui ont pu \u00eatre inclus", "figure_type": "Table", "uri": null, "page_height": 0, "figure_boundary": {"x2": 522.0, "y1": 31.0, "x1": 78.0, "y2": 187.0}, "page": 3, "dpi": 0}, {"page_width": 0, "caption_boundary": {"x2": 575.6049262152777, "y1": 645.8946228027344, "x1": 20.35987509621514, "y2": 655.133310953776}, "name": "1", "caption_text": "FIGURE 1: Capture d\u2019\u00e9cran de l\u2019iPad\u00ae pendant le jeu pour un essai avec le couple banane/chaussette", "figure_type": "Figure", "uri": null, "page_height": 0, "figure_boundary": {"x2": 378.0, "y1": 496.0, "x1": 189.0, "y2": 631.0}, "page": 3, "dpi": 0}, {"page_width": 0, "caption_boundary": {"x2": 579.2256673177083, "y1": 362.56137424045136, "x1": 20.35987509621514, "y2": 404.1333516438802}, "name": "2", "caption_text": "FIGURE 2: Graphique en bo\u00eete \u00e0 moustache repr\u00e9sentant le ratio des m\u00e9dianes des temps de r\u00e9ponse pour les essais des mots modifi\u00e9s par la prononciation compos\u00e9e, dans les diff\u00e9rentes conditions d\u2019exp\u00e9rimentation (en laboratoire ou \u00e0 l\u2019ext\u00e9rieur) pour les deux groupes test\u00e9s (adultes et enfants).", "figure_type": "Figure", "uri": null, "page_height": 0, "figure_boundary": {"x2": 436.0, "y1": 72.0, "x1": 156.0, "y2": 346.0}, "page": 6, "dpi": 0}], "error": null, "pdf": "/work/host-output/9e795013f321ee6220261e3173a4a543ab9b24e0/2016.jeptalnrecital-jep.68.pdf", "dpi": 100}