{"raw_detected_boxes": [[], [], [], [{"x2": 534.0, "y1": 225.0, "x1": 50.0, "y2": 328.0}], [{"x2": 495.0, "y1": 522.0, "x1": 94.0, "y2": 736.0}], [{"x2": 539.0, "y1": 48.0, "x1": 50.0, "y2": 187.0}], [], [], []], "raw_pdffigures_output": {"regionless-captions": [{"figType": "Table", "boundary": {"x2": 362.70037841796875, "y1": 149.57952880859375, "x1": 62.74700164794922, "y2": 155.58200073242188}, "text": "TABLE 3 \u2013 F-mesure pour le corpus ADN-EVAL complet, puis par relation.", "name": "3", "page": 5}, {"figType": "Table", "boundary": {"x2": 303.2984619140625, "y1": 99.60852813720703, "x1": 122.14800262451172, "y2": 105.61099243164062}, "text": "TABLE 1 \u2013 Indices de complexit\u00e9 syntaxique.", "name": "1", "page": 3}], "figures": [{"figType": "Figure", "name": "1", "captionBoundary": {"x2": 292.957275390625, "y1": 555.0415649414062, "x1": 132.49000549316406, "y2": 561.0440063476562}, "imageText": ["\u00c9VALUATION", "(sans", "correction)", "ADN-EVALJeu", "CONTR\u00d4LE", "(avec", "correction)", "FORMATION", "(avec", "correction)", "ADNJeu", "Pr\u00e9-annotation", "avec", "2", "analyseurs", "ANNOTATION", "(sans", "correction)", "ADN", "Texte", "brut", "ADN-EVAL", "ADN-EVAL", "brut", "REFForm.", "&", "Ctrl", "JeuFormation", ")", "D", "N", "+", "A", "uo", "ia", "(S", "eq", "nc", "e", "f\u00e9", "re", "e", "r\u00e9", "us", "d", "co", "rp", "N", ")", "(A", "D", "t\u00e9", "an", "no", "no", "n", "pu", "s", "C", "or"], "regionBoundary": {"x2": 359.0, "y1": 375.2760009765625, "x1": 67.0, "y2": 529.2760009765625}, "caption": "FIGURE 1 \u2013 M\u00e9thodologie d\u2019\u00e9valuation.", "page": 4}, {"figType": "Table", "name": "2", "captionBoundary": {"x2": 297.13177490234375, "y1": 247.09951782226562, "x1": 128.31500244140625, "y2": 253.10198974609375}, "imageText": ["ADN", "771", "25", "160", "32,63", "4,92", "%", "624", "Foot", "825", "21", "439", "25,99", "3,17", "%", "413", "Pok\u00e9mon", "804", "24", "280", "30,20", "6,19", "%", "485", "Est", "R\u00e9p.", "3", "536", "73", "174", "20,69", "4,55", "%", "3", "326", "540", "(800", "phrases)", "Nb", "de", "Nb", "de", "Tokens", "%", "Tokens", "Nb", "de", "tokens", "phrases", "mots", "par", "phrases", "inconnus", "inconnus", "diff\u00e9rents"], "regionBoundary": {"x2": 392.0, "y1": 161.2760009765625, "x1": 33.0, "y2": 235.2760009765625}, "caption": "TABLE 2 \u2013 Indices de complexit\u00e9 lexicale.", "page": 3}]}, "figures": [{"page_width": 0, "caption_boundary": {"x2": 412.68302069769965, "y1": 343.19377475314667, "x1": 178.21528116861978, "y2": 351.5305413140191}, "name": "2", "caption_text": "TABLE 2 \u2013 Indices de complexit\u00e9 lexicale.", "figure_type": "Table", "uri": null, "page_height": 0, "figure_boundary": {"x2": 545.0, "y1": 224.0, "x1": 46.0, "y2": 328.0}, "page": 3, "dpi": 0}, {"page_width": 0, "caption_boundary": {"x2": 406.88510470920136, "y1": 770.8910624186198, "x1": 184.01389651828342, "y2": 779.227786593967}, "name": "1", "caption_text": "FIGURE 1 \u2013 M\u00e9thodologie d\u2019\u00e9valuation.", "figure_type": "Figure", "uri": null, "page_height": 0, "figure_boundary": {"x2": 498.0, "y1": 522.0, "x1": 93.0, "y2": 736.0}, "page": 4, "dpi": 0}, {"page_width": 0, "caption_boundary": {"x2": 503.75052558051215, "y1": 207.7493455674913, "x1": 87.14861339992947, "y2": 216.0861121283637}, "name": "3", "caption_text": "TABLE 3 \u2013 F-mesure pour le corpus ADN-EVAL complet, puis par relation.", "figure_type": "Table", "uri": null, "page_height": 0, "figure_boundary": {"x2": 547.0, "y1": 36.0, "x1": 43.0, "y2": 192.0}, "page": 5, "dpi": 0}], "error": null, "pdf": "/work/host-output/8e8d0ef1cc4c2a41bb0c5016dbd9a3dfde342425/2017.jeptalnrecital-court.21.pdf", "dpi": 100}