{"raw_detected_boxes": [[], [], [{"x2": 501.0, "y1": 110.0, "x1": 90.0, "y2": 233.0}], [{"x2": 506.0, "y1": 19.0, "x1": 85.0, "y2": 131.0}], [{"x2": 442.0, "y1": 24.0, "x1": 149.0, "y2": 113.0}, {"x2": 494.0, "y1": 600.0, "x1": 95.0, "y2": 706.0}], [], [], []], "raw_pdffigures_output": {"regionless-captions": [{"figType": "Table", "boundary": {"x2": 411.0188903808594, "y1": 521.1775512695312, "x1": 14.093000411987305, "y2": 539.135009765625}, "text": "TABLE 3 \u2013 Exemples de traductions correspondant \u00e0 diff\u00e9rents points. Le rouge, bleu et vert sont des traductions not\u00e9es respectivement mauvaise, acceptable et bonne .", "name": "3", "page": 4}, {"figType": "Table", "boundary": {"x2": 412.7692565917969, "y1": 96.81855010986328, "x1": 13.8149995803833, "y2": 114.77700805664062}, "text": "TABLE 2 \u2013 Scores de BLEU pour la sp\u00e9cialisation avec diff\u00e9rentes tailles du corpus sp\u00e9cifique WIT3. A titre indicatif, les temps d\u2019apprentissage et de sp\u00e9cialisation sont indiqu\u00e9s dans la derni\u00e8re colonne.", "name": "2", "page": 4}, {"figType": "Table", "boundary": {"x2": 412.7681884765625, "y1": 108.21552276611328, "x1": 14.093000411987305, "y2": 150.08401489257812}, "text": "TABLE 1 \u2013 D\u00e9tail des donn\u00e9es d\u2019apprentissage pour les t\u00e2ches anglais-fran\u00e7ais et anglais-allemand. Les cinq premiers corpus sont associ\u00e9s au domaine g\u00e9n\u00e9rique. Le corpus WIT3 est le corpus du domaine sp\u00e9cifique sur lequel nous souhaitons adapter le mod\u00e8le g\u00e9n\u00e9rique. Le corpus de test est celui de l\u2019\u00e9valuation IWSLT2014. Les notations K et M correspondent respectivement \u00e0 103 et 106.", "name": "1", "page": 3}], "figures": [{"figType": "Figure", "name": "1", "captionBoundary": {"x2": 411.0221862792969, "y1": 198.69552612304688, "x1": 14.17300033569336, "y2": 228.6090087890625}, "imageText": ["Donn\u00e9es", "sp\u00e9cifiques", "Donn\u00e9es", "g\u00e9n\u00e9riques", "adapt\u00e9", "Mod\u00e8le", "de", "traduction", "Processus", "d\u2019adaptation", "Mod\u00e8le", "de", "traduction", "g\u00e9n\u00e9rique", "Processus", "d\u2019apprentissage"], "regionBoundary": {"x2": 362.0, "y1": 79.2760009765625, "x1": 64.0, "y2": 171.2760009765625}, "caption": "FIGURE 1 \u2013 Le mod\u00e8le de traduction g\u00e9n\u00e9rique est appris sur les donn\u00e9es g\u00e9n\u00e9riques, puis, ce mod\u00e8le g\u00e9n\u00e9rique est r\u00e9-entrain\u00e9 avec des donn\u00e9es sp\u00e9cifiques au domaine afin d\u2019obtenir un mod\u00e8le adapt\u00e9 au domaine (ou \u00e0 la t\u00e2che).", "page": 2}]}, "figures": [{"page_width": 0, "caption_boundary": {"x2": 570.8641476101345, "y1": 275.96600850423175, "x1": 19.684722688462998, "y2": 317.51251220703125}, "name": "1", "caption_text": "FIGURE 1 \u2013 Le mod\u00e8le de traduction g\u00e9n\u00e9rique est appris sur les donn\u00e9es g\u00e9n\u00e9riques, puis, ce mod\u00e8le g\u00e9n\u00e9rique est r\u00e9-entrain\u00e9 avec des donn\u00e9es sp\u00e9cifiques au domaine afin d\u2019obtenir un mod\u00e8le adapt\u00e9 au domaine (ou \u00e0 la t\u00e2che).", "figure_type": "Figure", "uri": null, "page_height": 0, "figure_boundary": {"x2": 503.0, "y1": 110.0, "x1": 89.0, "y2": 233.0}, "page": 2, "dpi": 0}, {"page_width": 0, "caption_boundary": {"x2": 573.2891506618923, "y1": 150.29933717515732, "x1": 19.5736116833157, "y2": 208.4500206841363}, "name": "1", "caption_text": "TABLE 1 \u2013 D\u00e9tail des donn\u00e9es d\u2019apprentissage pour les t\u00e2ches anglais-fran\u00e7ais et anglais-allemand. Les cinq premiers corpus sont associ\u00e9s au domaine g\u00e9n\u00e9rique. Le corpus WIT3 est le corpus du domaine sp\u00e9cifique sur lequel nous souhaitons adapter le mod\u00e8le g\u00e9n\u00e9rique. Le corpus de test est celui de l\u2019\u00e9valuation IWSLT2014. Les notations K et M correspondent respectivement \u00e0 103 et 106.", "figure_type": "Table", "uri": null, "page_height": 0, "figure_boundary": {"x2": 506.0, "y1": 19.0, "x1": 85.0, "y2": 135.0}, "page": 3, "dpi": 0}, {"page_width": 0, "caption_boundary": {"x2": 573.2906341552734, "y1": 134.4702084859212, "x1": 19.187499417199028, "y2": 159.41251118977863}, "name": "2", "caption_text": "TABLE 2 \u2013 Scores de BLEU pour la sp\u00e9cialisation avec diff\u00e9rentes tailles du corpus sp\u00e9cifique WIT3. A titre indicatif, les temps d\u2019apprentissage et de sp\u00e9cialisation sont indiqu\u00e9s dans la derni\u00e8re colonne.", "figure_type": "Table", "uri": null, "page_height": 0, "figure_boundary": {"x2": 442.0, "y1": 19.0, "x1": 149.0, "y2": 117.0}, "page": 4, "dpi": 0}, {"page_width": 0, "caption_boundary": {"x2": 570.8595699734158, "y1": 723.8577100965712, "x1": 19.5736116833157, "y2": 748.7986246744791}, "name": "3", "caption_text": "TABLE 3 \u2013 Exemples de traductions correspondant \u00e0 diff\u00e9rents points. Le rouge, bleu et vert sont des traductions not\u00e9es respectivement mauvaise, acceptable et bonne .", "figure_type": "Table", "uri": null, "page_height": 0, "figure_boundary": {"x2": 500.0, "y1": 599.0, "x1": 90.0, "y2": 708.0}, "page": 4, "dpi": 0}], "error": null, "pdf": "/work/host-output/90b2f67b7a4e648af24abe3e239f2ed528738803/2017.jeptalnrecital-court.27.pdf", "dpi": 100}