{"raw_detected_boxes": [[], [{"x2": 723.0, "y1": 260.0, "x1": 103.0, "y2": 505.0}, {"x2": 711.0, "y1": 725.0, "x1": 116.0, "y2": 858.0}], [], []], "raw_pdffigures_output": {"regionless-captions": [], "figures": [{"figType": "Table", "name": "1", "captionBoundary": {"x2": 576.1831665039062, "y1": 633.9144897460938, "x1": 17.935029983520508, "y2": 660.8015747070312}, "imageText": ["Verbes", "3990", "150", "642", "4182", "Noms", "8534", "111", "463", "1376", "Total", "12524", "261", "1105", "5558", "#Lemmes", "#Lemmes", "#Sens", "#CorrespondancesWordNet", "uniques", "uniques", "uniques"], "regionBoundary": {"x2": 516.0, "y1": 521.8900146484375, "x1": 79.0, "y2": 617.8900146484375}, "caption": "TABLE 1 \u2013 Description d\u2019OntoNotes Release 5.0 apr\u00e8s l\u2019ajout des correspondances vers le Princeton WordNet 3.0", "page": 1}, {"figType": "Figure", "name": "1", "captionBoundary": {"x2": 576.4160766601562, "y1": 403.5140686035156, "x1": 19.095947265625, "y2": 430.4010925292969}, "imageText": ["OntoNotes", "arabe", "5.0", "Liens", "entre", "les", "sens", "WN", "WN-1", "W3", "W2", "W1", "Extraction", "des", "sens", "WordNet", "Lemme", "Inventaire", "de", "sens", "....", "SN", "S2", "S1", "Wordnet", "3.0", "Anglais", "...."], "regionBoundary": {"x2": 521.0, "y1": 186.2283172607422, "x1": 74.0, "y2": 363.8900146484375}, "caption": "FIGURE 1 \u2013 Architecture globale de l\u2019OntoNotes Release 5.0 apr\u00e8s l\u2019ajout des correspondances pour les 261 lemmes uniques de leurs sens vers ceux du Princeton WordNet 3.0", "page": 1}]}, "figures": [{"page_width": 0, "caption_boundary": {"x2": 800.577884250217, "y1": 560.4362063937717, "x1": 26.52214898003472, "y2": 597.779295179579}, "name": "1", "caption_text": "FIGURE 1 \u2013 Architecture globale de l\u2019OntoNotes Release 5.0 apr\u00e8s l\u2019ajout des correspondances pour les 261 lemmes uniques de leurs sens vers ceux du Princeton WordNet 3.0", "figure_type": "Figure", "uri": null, "page_height": 0, "figure_boundary": {"x2": 723.0, "y1": 258.0, "x1": 103.0, "y2": 505.0}, "page": 1, "dpi": 0}, {"page_width": 0, "caption_boundary": {"x2": 800.254397922092, "y1": 880.436791314019, "x1": 24.909763866000706, "y2": 917.7799648708767}, "name": "1", "caption_text": "TABLE 1 \u2013 Description d\u2019OntoNotes Release 5.0 apr\u00e8s l\u2019ajout des correspondances vers le Princeton WordNet 3.0", "figure_type": "Table", "uri": null, "page_height": 0, "figure_boundary": {"x2": 716.0, "y1": 725.0, "x1": 110.0, "y2": 858.0}, "page": 1, "dpi": 0}], "error": null, "pdf": "/work/host-output/6623b21c8ddac9056acfca0bbe04bcbb5b11da49/2018.jeptalnrecital-demo.7.pdf", "dpi": 100}