{"raw_detected_boxes": [[], [], [], [], [], [], [{"x2": 656.0, "y1": 74.0, "x1": 173.0, "y2": 408.0}, {"x2": 658.0, "y1": 699.0, "x1": 173.0, "y2": 1024.0}], [{"x2": 687.0, "y1": 198.0, "x1": 134.0, "y2": 336.0}, {"x2": 706.0, "y1": 1006.0, "x1": 109.0, "y2": 1110.0}], [{"x2": 675.0, "y1": 62.0, "x1": 203.0, "y2": 444.0}], [{"x2": 728.0, "y1": 254.0, "x1": 96.0, "y2": 436.0}], [{"x2": 758.0, "y1": 428.0, "x1": 62.0, "y2": 496.0}], [], [], []], "raw_pdffigures_output": {"regionless-captions": [], "figures": [{"figType": "Figure", "name": "1", "captionBoundary": {"x2": 453.277587890625, "y1": 310.8002624511719, "x1": 174.44532775878906, "y2": 317.161865234375}, "imageText": [], "regionBoundary": {"x2": 492.0, "y1": 37.8900146484375, "x1": 136.0, "y2": 323.8900146484375}, "caption": "Figure 1 : Performances MAP selon les segments", "page": 8}]}, "figures": [{"page_width": 0, "caption_boundary": {"x2": 629.5522054036458, "y1": 431.66703118218317, "x1": 242.28517744276257, "y2": 440.5025906032986}, "name": "1", "caption_text": "Figure 1 : Performances MAP selon les segments", "figure_type": "Figure", "uri": null, "page_height": 0, "figure_boundary": {"x2": 688.0, "y1": 48.0, "x1": 186.0, "y2": 454.0}, "page": 8, "dpi": 0}], "error": null, "pdf": "/work/host-output/cc4638c147b9d2231f921614ff6e20378ee360e2/2018.jeptalnrecital-recital.9.pdf", "dpi": 100}