{"raw_detected_boxes": [[], [{"x2": 767.0, "y1": 159.0, "x1": 43.0, "y2": 502.0}], [], [{"x2": 611.0, "y1": 41.0, "x1": 215.0, "y2": 138.0}], [{"x2": 652.0, "y1": 48.0, "x1": 155.0, "y2": 428.0}], [{"x2": 569.0, "y1": 65.0, "x1": 236.0, "y2": 315.0}], [{"x2": 698.0, "y1": 48.0, "x1": 115.0, "y2": 436.0}], [], [], []], "raw_pdffigures_output": {"regionless-captions": [{"figType": "Table", "boundary": {"x2": 575.953125, "y1": 386.8294677734375, "x1": 19.328908920288086, "y2": 428.7843933105469}, "text": "TABLE 1: Exemples de divergences entre les annotations des corpus franc\u0327ais de l\u2019UD : toutes ces phrases comportent une suite de mots en commun (les mots diff\u00e9rents apparaissent dans une police plus claire) dont l\u2019annotation est diff\u00e9rente. Seules les \u00e9tiquettes conflictuelles ont \u00e9t\u00e9 repr\u00e9sent\u00e9es.", "name": "1", "page": 1}, {"figType": "Table", "boundary": {"x2": 575.9434204101562, "y1": 123.28980255126953, "x1": 19.328908920288086, "y2": 148.47674560546875}, "text": "TABLE 2: Pr\u00e9cision moyenne obtenue sur les 63 conditions consid\u00e9r\u00e9es par un classifieur cherchant \u00e0 identifier \u00e0 quel corpus appartient une phrase donn\u00e9e.", "name": "2", "page": 3}], "figures": [{"figType": "Figure", "name": "2", "captionBoundary": {"x2": 575.9474487304688, "y1": 249.3868408203125, "x1": 19.32890510559082, "y2": 274.5738525390625}, "imageText": ["fr", "en", "100.0%", "52.5%", "62.4%", "66.6%", "68.1%", "55.2%", "75.9%", "70.7%", "72.4%", "73.3%", "62.7%", "53.1%", "re", "ur", "e", "er", "c", "un", "a", "ve", "at", "ch", "%", "m", "100", "80", "60", "40", "20", "0", "2", "3", "4", "5", "6", "10", "taille", "du", "match"], "regionBoundary": {"x2": 409.0, "y1": 44.09590148925781, "x1": 173.10682678222656, "y2": 226.489013671875}, "caption": "FIGURE 2: Matchs contenant au moins une \u00e9tiquette mal pr\u00e9dite en fonction de la taille du match. Selon les jeux de donn\u00e9es, le taux d\u2019erreur sur l\u2019ensemble du corpus est compris entre 5% et 15%.", "page": 5}, {"figType": "Figure", "name": "3", "captionBoundary": {"x2": 575.947998046875, "y1": 348.2568359375, "x1": 19.328889846801758, "y2": 390.2117614746094}, "imageText": ["ignoring(minsize)", "ignoring(disjoint)", "ignoring(all)", "fr", "(UD)", "full", ")", "r", "(", "%", "rr", "eu", "d", "'e", "ta", "ux", "6", "5", "4", "3", "2", "1", "0", "ud", "ftb", "partut", "sequoia", "test", "ignoring(minsize)", "ignoring(disjoint)", "ignoring(all)", "fr", "(FTB)", "full", ")", "r", "(", "%", "rr", "eu", "d", "'e", "ta", "ux", "7", "6", "5", "4", "3", "2", "1", "0", "ud", "ftb", "partut", "sequoia", "test", "ignoring(minsize)", "ignoring(disjoint)", "ignoring(all)", "fr", "(SEQUOIA)", "full", ")", "r", "(", "%", "rr", "eu", "d", "'e", "ta", "ux", "8", "7", "6", "5", "4", "3", "2", "1", "0", "ud", "ftb", "partut", "sequoia", "test", "ignoring(minsize)", "ignoring(disjoint)", "ignoring(all)", "fr", "(PARTUT)", "full", ")", "r", "(", "%", "rr", "eu", "d", "'e", "ta", "ux", "10", "8", "6", "4", "2", "0", "ud", "ftb", "partut", "sequoia", "test"], "regionBoundary": {"x2": 503.0, "y1": 34.30353927612305, "x1": 85.05375671386719, "y2": 313.06671142578125}, "caption": "FIGURE 3: Taux d\u2019erreur d\u2019un analyseur morpho-syntaxique sur les diff\u00e9rents corpus franc\u0327ais de l\u2019UD obtenus lorsque toutes les \u00e9tiquettes des matchs sont correctement pr\u00e9dites. La ligne rouge repr\u00e9sente le taux d\u2019erreur obtenu sur un corpus de test du m\u00eame domaine.", "page": 6}, {"figType": "Figure", "name": "1", "captionBoundary": {"x2": 575.9453125, "y1": 334.2828369140625, "x1": 19.328920364379883, "y2": 359.46978759765625}, "imageText": ["0.92", "0.88", "0.84", "0.80", "0.76", "caract\u00e9ristiques", "combi", "75.29%", "94.59%", "85.86%", "81.63%", "94.08%", "84.46%", "ParTUT", "FTB", "UD", "FTB", "ParTUT", "Sequoia", "0.92", "0.88", "0.84", "0.80", "0.76", "caract\u00e9ristiques", "labels", "76.81%", "94.74%", "86.10%", "72.06%", "94.01%", "85.49%", "ParTUT", "FTB", "UD", "FTB", "ParTUT", "Sequoia", "0.92", "0.88", "0.84", "0.80", "0.76", "caract\u00e9ristiques", "words", "74.77%", "94.76%", "85.81%", "76.91%", "94.25%", "84.66%", "ParTUT", "FTB", "UD", "FTB", "ParTUT", "Sequoia"], "regionBoundary": {"x2": 468.89215087890625, "y1": 34.30353927612305, "x1": 107.66748046875, "y2": 306.95599365234375}, "caption": "FIGURE 1: Pr\u00e9cision obtenue par un classifieur cherchant \u00e0 identifier \u00e0 quel corpus appartient une phrase donn\u00e9e sur les corpus franc\u0327ais.", "page": 4}]}, "figures": [{"page_width": 0, "caption_boundary": {"x2": 799.9348958333333, "y1": 537.2631496853298, "x1": 26.845706833733452, "y2": 595.5338795979817}, "name": "1", "caption_text": "TABLE 1: Exemples de divergences entre les annotations des corpus franc\u0327ais de l\u2019UD : toutes ces phrases comportent une suite de mots en commun (les mots diff\u00e9rents apparaissent dans une police plus claire) dont l\u2019annotation est diff\u00e9rente. Seules les \u00e9tiquettes conflictuelles ont \u00e9t\u00e9 repr\u00e9sent\u00e9es.", "figure_type": "Table", "uri": null, "page_height": 0, "figure_boundary": {"x2": 784.0, "y1": 147.0, "x1": 26.0, "y2": 511.0}, "page": 1, "dpi": 0}, {"page_width": 0, "caption_boundary": {"x2": 799.9214172363281, "y1": 171.23583687676324, "x1": 26.845706833733452, "y2": 206.2177022298177}, "name": "2", "caption_text": "TABLE 2: Pr\u00e9cision moyenne obtenue sur les 63 conditions consid\u00e9r\u00e9es par un classifieur cherchant \u00e0 identifier \u00e0 quel corpus appartient une phrase donn\u00e9e.", "figure_type": "Table", "uri": null, "page_height": 0, "figure_boundary": {"x2": 611.0, "y1": 32.0, "x1": 215.0, "y2": 147.0}, "page": 3, "dpi": 0}, {"page_width": 0, "caption_boundary": {"x2": 799.9240451388889, "y1": 464.2817179361979, "x1": 26.845722728305393, "y2": 499.26359388563367}, "name": "1", "caption_text": "FIGURE 1: Pr\u00e9cision obtenue par un classifieur cherchant \u00e0 identifier \u00e0 quel corpus appartient une phrase donn\u00e9e sur les corpus franc\u0327ais.", "figure_type": "Figure", "uri": null, "page_height": 0, "figure_boundary": {"x2": 652.0, "y1": 46.0, "x1": 149.0, "y2": 428.0}, "page": 4, "dpi": 0}, {"page_width": 0, "caption_boundary": {"x2": 799.927012125651, "y1": 346.370612250434, "x1": 26.845701535542805, "y2": 381.3525729709201}, "name": "2", "caption_text": "FIGURE 2: Matchs contenant au moins une \u00e9tiquette mal pr\u00e9dite en fonction de la taille du match. Selon les jeux de donn\u00e9es, le taux d\u2019erreur sur l\u2019ensemble du corpus est compris entre 5% et 15%.", "figure_type": "Figure", "uri": null, "page_height": 0, "figure_boundary": {"x2": 569.0, "y1": 60.0, "x1": 235.0, "y2": 315.0}, "page": 5, "dpi": 0}, {"page_width": 0, "caption_boundary": {"x2": 799.9277750651041, "y1": 483.6900499131944, "x1": 26.84568034278022, "y2": 541.9607798258463}, "name": "3", "caption_text": "FIGURE 3: Taux d\u2019erreur d\u2019un analyseur morpho-syntaxique sur les diff\u00e9rents corpus franc\u0327ais de l\u2019UD obtenus lorsque toutes les \u00e9tiquettes des matchs sont correctement pr\u00e9dites. La ligne rouge repr\u00e9sente le taux d\u2019erreur obtenu sur un corpus de test du m\u00eame domaine.", "figure_type": "Figure", "uri": null, "page_height": 0, "figure_boundary": {"x2": 699.0, "y1": 46.0, "x1": 115.0, "y2": 436.0}, "page": 6, "dpi": 0}], "error": null, "pdf": "/work/host-output/326480b3e4c51212fc60d64accdd23df9a7a2cb0/2018.jeptalnrecital-court.41.pdf", "dpi": 100}