{"raw_detected_boxes": [[], [], [], [], [{"x2": 506.0, "y1": 21.0, "x1": 92.0, "y2": 216.0}, {"x2": 484.0, "y1": 734.0, "x1": 107.0, "y2": 780.0}], [], [], [], [{"x2": 475.0, "y1": 491.0, "x1": 111.0, "y2": 600.0}], [], [{"x2": 462.0, "y1": 167.0, "x1": 132.0, "y2": 353.0}], [], [], []], "raw_pdffigures_output": {"regionless-captions": [{"figType": "Figure", "boundary": {"x2": 326.92425537109375, "y1": 171.821533203125, "x1": 98.52200317382812, "y2": 177.82400512695312}, "text": "FIGURE 1 \u2013 M\u00e9thodologie d\u2019annotation du niveau CECR", "name": "1", "page": 4}], "figures": [{"figType": "Table", "name": "2", "captionBoundary": {"x2": 404.4093017578125, "y1": 444.2235412597656, "x1": 21.038000106811523, "y2": 450.22601318359375}, "imageText": ["prendre", "en", "compte", "0", "1", "1", "3", "2", "2", "9", "\u00eatre", "en", "droit", "de", "0", "0", "0", "0", "5", "1", "6", "avoir", "tendance", "0", "0", "6", "2", "5", "0", "13", "aller", "bien", "71", "111", "86", "2", "2", "0", "272", "faire", "partie", "1", "2", "16", "3", "7", "7", "36", "expression", "A1", "A2", "B1", "B2", "C1", "C2", "total", "avoir", "(+nombre)", "enfant", "6", "5", "0", "0", "0", "0", "11"], "regionBoundary": {"x2": 344.0, "y1": 353.2760009765625, "x1": 79.0, "y2": 433.2760009765625}, "caption": "TABLE 2 \u2013 Exemples de vecteurs de fr\u00e9quence obtenus pour quelques expressions de notre liste.", "page": 8}, {"figType": "Table", "name": "1", "captionBoundary": {"x2": 352.5834045410156, "y1": 572.9435424804688, "x1": 72.86399841308594, "y2": 578.9459838867188}, "imageText": ["A1", "A2", "B1", "B2", "C1", "C2", "Total", "Corpus1", "15", "620", "43", "422", "57", "795", "101", "361", "54", "057", "52", "290", "324", "545", "Corpus2", "62", "592", "95", "117", "176", "973", "71", "701", "92", "327", "34", "482", "533", "192", "Corpus-M", "78", "212", "138", "539", "234", "768", "173", "062", "146", "384", "86", "772", "857", "737"], "regionBoundary": {"x2": 351.0, "y1": 528.2760009765625, "x1": 74.0, "y2": 561.2760009765625}, "caption": "TABLE 1 \u2013 Taille du corpus (en nombre de mots) par niveau du CECR", "page": 4}, {"figType": "Figure", "name": "2", "captionBoundary": {"x2": 385.08160400390625, "y1": 273.279541015625, "x1": 40.36600112915039, "y2": 279.2820129394531}, "imageText": [], "regionBoundary": {"x2": 339.0, "y1": 115.2760009765625, "x1": 86.0, "y2": 258.2760009765625}, "caption": "FIGURE 2 \u2013 Graphique montrant l\u2019annotation optimale sur la base de notre \u00e9chantillon", "page": 10}]}, "figures": [{"page_width": 0, "caption_boundary": {"x2": 454.06146579318573, "y1": 238.64101833767361, "x1": 136.83611551920572, "y2": 246.977784898546}, "name": "1", "caption_text": "FIGURE 1 \u2013 M\u00e9thodologie d\u2019annotation du niveau CECR", "figure_type": "Figure", "uri": null, "page_height": 0, "figure_boundary": {"x2": 506.0, "y1": 20.0, "x1": 92.0, "y2": 216.0}, "page": 4, "dpi": 0}, {"page_width": 0, "caption_boundary": {"x2": 489.6991729736328, "y1": 795.7549201117621, "x1": 101.19999779595268, "y2": 804.0916442871094}, "name": "1", "caption_text": "TABLE 1 \u2013 Taille du corpus (en nombre de mots) par niveau du CECR", "figure_type": "Table", "uri": null, "page_height": 0, "figure_boundary": {"x2": 488.0, "y1": 733.0, "x1": 103.0, "y2": 780.0}, "page": 4, "dpi": 0}, {"page_width": 0, "caption_boundary": {"x2": 561.6795857747395, "y1": 616.9771406385634, "x1": 29.21944459279378, "y2": 625.3139071994358}, "name": "2", "caption_text": "TABLE 2 \u2013 Exemples de vecteurs de fr\u00e9quence obtenus pour quelques expressions de notre liste.", "figure_type": "Table", "uri": null, "page_height": 0, "figure_boundary": {"x2": 478.0, "y1": 491.0, "x1": 110.0, "y2": 601.0}, "page": 8, "dpi": 0}, {"page_width": 0, "caption_boundary": {"x2": 534.8355611165364, "y1": 379.55491807725696, "x1": 56.06389045715332, "y2": 387.89168463812933}, "name": "2", "caption_text": "FIGURE 2 \u2013 Graphique montrant l\u2019annotation optimale sur la base de notre \u00e9chantillon", "figure_type": "Figure", "uri": null, "page_height": 0, "figure_boundary": {"x2": 463.0, "y1": 167.0, "x1": 127.0, "y2": 353.0}, "page": 10, "dpi": 0}], "error": null, "pdf": "/work/host-output/10372eefbb558d78cca7b3080fec3a98b8988fdb/2019.jeptalnrecital-long.10.pdf", "dpi": 100}