{"raw_detected_boxes": [[], [{"x2": 564.0, "y1": 107.0, "x1": 263.0, "y2": 282.0}], [{"x2": 747.0, "y1": 105.0, "x1": 77.0, "y2": 370.0}], [{"x2": 532.0, "y1": 110.0, "x1": 287.0, "y2": 341.0}], [{"x2": 612.0, "y1": 104.0, "x1": 213.0, "y2": 295.0}], [{"x2": 615.0, "y1": 107.0, "x1": 212.0, "y2": 190.0}], [{"x2": 576.0, "y1": 136.0, "x1": 257.0, "y2": 469.0}, {"x2": 505.0, "y1": 576.0, "x1": 321.0, "y2": 669.0}], [], [], []], "raw_pdffigures_output": {"regionless-captions": [], "figures": [{"figType": "Table", "name": "2", "captionBoundary": {"x2": 542.5618896484375, "y1": 158.23104858398438, "x1": 52.615325927734375, "y2": 180.396728515625}, "imageText": ["run", "1", "57.94%", "61.68%", "run", "2", "54.21%", "56.07%", "run", "3", "57.00%", "63.08%", "pr\u00e9cision", "(test", "entier)", "pr\u00e9cision", "(test", "d\u00e9dupliqu\u00e9)"], "regionBoundary": {"x2": 444.0, "y1": 70.8900146484375, "x1": 152.0, "y2": 143.8900146484375}, "caption": "TABLE 2 \u2013 R\u00e9sultats sur les donn\u00e9es de test de la tache 2 (pr\u00e9cision), avec les exemples de tests dans leur totalit\u00e9, et sur un ensemble exempt de doublons", "page": 5}, {"figType": "Table", "name": "1", "captionBoundary": {"x2": 462.9692077636719, "y1": 217.25851440429688, "x1": 132.61666870117188, "y2": 224.6676025390625}, "imageText": ["EMEA", "26289", "Aranea-Med", "11093", "Wac-Med", "2514", "Cochrane", "7676", "Wiki-Med", "4933", "Deft", "3974", "Quaero", "3479", "Jeux", "de", "donn\u00e9es", "Nombre", "de", "documents"], "regionBoundary": {"x2": 409.0, "y1": 70.8900146484375, "x1": 186.0, "y2": 202.8900146484375}, "caption": "TABLE 1 \u2013 Nombre de documents dans les jeux de donn\u00e9es utilis\u00e9s", "page": 1}, {"figType": "Figure", "name": "4", "captionBoundary": {"x2": 544.7211303710938, "y1": 364.9041748046875, "x1": 52.714073181152344, "y2": 387.06982421875}, "imageText": ["\u03c3(\u03b1X+\u03b2)", "\u03b1", "X", "cas", "discussion", "K", "traits", "\u03b8", "probabilit\u00e9s", "des", "mots-clefs", "somme", "pond\u00e9r\u00e9e", "y1", "y2", "\u2026", "yn", "x1", "x2", "\u2026", "xn", "x\u20191", "x\u20192", "\u2026", "x\u2019n", "\u03b8x\u20191", "\u2026", "\u03b8x\u2019n\u03b8x1\u03b8x2", "\u2026", "\u03b8xn"], "regionBoundary": {"x2": 421.0, "y1": 70.8900146484375, "x1": 175.0, "y2": 338.8900146484375}, "caption": "FIGURE 4 \u2013 Architecture tache 1. \u03b8 et \u03b1 sont des param\u00e8tres libres. \u03c3 d\u00e9note la fonction sigmo\u00efde. Les vecteurs en gris sont des param\u00e8tres appris", "page": 6}, {"figType": "Table", "name": "3", "captionBoundary": {"x2": 437.5206298828125, "y1": 495.97882080078125, "x1": 158.06631469726562, "y2": 518.1444702148438}, "imageText": ["run", "1", "36.47%", "43.87%", "run", "2", "44.64%", "43.90%", "run", "3", "36.53%", "43.87%", "MAP", "P@n"], "regionBoundary": {"x2": 364.0, "y1": 408.8900146484375, "x1": 231.0, "y2": 481.8900146484375}, "caption": "TABLE 3 \u2013 R\u00e9sultats sur les donn\u00e9es de test de la tache 1 .", "page": 6}, {"figType": "Figure", "name": "1", "captionBoundary": {"x2": 542.5616455078125, "y1": 288.9107360839844, "x1": 53.02142333984375, "y2": 296.31982421875}, "imageText": ["[50]", "skipgram", "(fr-med)", "param\u00e8tres", "fix\u00e9s", "param\u00e8tres", "entra\u00een\u00e9s", "repr\u00e9sentation", "du", "mot", "projection", "lin\u00e9aire", "[40]", "initialisation", "al\u00e9atoire", "m\u00e9ta-", "donn\u00e9es", "API", "UMLS", "mot", "Google", "Traduction", "[50]", "CUI2vec", "[300]", "BioWordVec", "[300]", "fastText", "(Common-Crawl)", "[50]", "fastText", "(fr-med)"], "regionBoundary": {"x2": 543.0, "y1": 75.8900146484375, "x1": 52.0, "y2": 269.8900146484375}, "caption": "FIGURE 1 \u2013 Repr\u00e9sentation vectorielle d\u2019un mot. Les chiffres entre crochets d\u00e9signent la dimension", "page": 2}, {"figType": "Figure", "name": "2", "captionBoundary": {"x2": 480.81988525390625, "y1": 273.1889343261719, "x1": 114.7680892944336, "y2": 280.5980224609375}, "imageText": ["classifieur", "sigmo\u00efde", "le", "patient", "...", "la", "concentration", "...", "...", "...", "repr\u00e9sentation", "des", "mots", "repr\u00e9sentation", "des", "mots", "Probabilit\u00e9", "de", "liaison", "repr\u00e9sentation", "jointe", "r\u00e9seau", "convolutif", "r\u00e9seau", "convolutif"], "regionBoundary": {"x2": 396.0, "y1": 71.8900146484375, "x1": 207.0, "y2": 253.8900146484375}, "caption": "FIGURE 2 \u2013 Architecture de la pr\u00e9diction de liaison entre cas et discussion", "page": 3}, {"figType": "Figure", "name": "3", "captionBoundary": {"x2": 424.8050537109375, "y1": 236.34011840820312, "x1": 170.78125, "y2": 243.74920654296875}, "imageText": [], "regionBoundary": {"x2": 445.0, "y1": 70.8900146484375, "x1": 150.0, "y2": 216.8900146484375}, "caption": "FIGURE 3 \u2013 Courbe d\u2019apprentissage pour la tache 2", "page": 4}]}, "figures": [{"page_width": 0, "caption_boundary": {"x2": 643.0127885606554, "y1": 301.7479366726345, "x1": 184.18981764051648, "y2": 312.038336859809}, "name": "1", "caption_text": "TABLE 1 \u2013 Nombre de documents dans les jeux de donn\u00e9es utilis\u00e9s", "figure_type": "Table", "uri": null, "page_height": 0, "figure_boundary": {"x2": 568.0, "y1": 98.0, "x1": 259.0, "y2": 282.0}, "page": 1, "dpi": 0}, {"page_width": 0, "caption_boundary": {"x2": 753.5578409830729, "y1": 401.26491122775604, "x1": 73.64086574978299, "y2": 411.55531141493054}, "name": "1", "caption_text": "FIGURE 1 \u2013 Repr\u00e9sentation vectorielle d\u2019un mot. Les chiffres entre crochets d\u00e9signent la dimension", "figure_type": "Figure", "uri": null, "page_height": 0, "figure_boundary": {"x2": 754.0, "y1": 105.0, "x1": 73.0, "y2": 370.0}, "page": 2, "dpi": 0}, {"page_width": 0, "caption_boundary": {"x2": 667.8053961859808, "y1": 379.4290754530165, "x1": 159.40012402004666, "y2": 389.719475640191}, "name": "2", "caption_text": "FIGURE 2 \u2013 Architecture de la pr\u00e9diction de liaison entre cas et discussion", "figure_type": "Figure", "uri": null, "page_height": 0, "figure_boundary": {"x2": 539.0, "y1": 110.0, "x1": 287.0, "y2": 341.0}, "page": 3, "dpi": 0}, {"page_width": 0, "caption_boundary": {"x2": 590.0070190429688, "y1": 328.25016445583765, "x1": 237.19618055555554, "y2": 338.54056464301215}, "name": "3", "caption_text": "FIGURE 3 \u2013 Courbe d\u2019apprentissage pour la tache 2", "figure_type": "Figure", "uri": null, "page_height": 0, "figure_boundary": {"x2": 613.0, "y1": 103.0, "x1": 213.0, "y2": 295.0}, "page": 4, "dpi": 0}, {"page_width": 0, "caption_boundary": {"x2": 753.5581800672743, "y1": 219.76534525553384, "x1": 73.07684156629774, "y2": 250.55101182725693}, "name": "2", "caption_text": "TABLE 2 \u2013 R\u00e9sultats sur les donn\u00e9es de test de la tache 2 (pr\u00e9cision), avec les exemples de tests dans leur totalit\u00e9, et sur un ensemble exempt de doublons", "figure_type": "Table", "uri": null, "page_height": 0, "figure_boundary": {"x2": 616.0, "y1": 98.0, "x1": 211.0, "y2": 200.0}, "page": 5, "dpi": 0}, {"page_width": 0, "caption_boundary": {"x2": 756.557125515408, "y1": 506.8113538953993, "x1": 73.21399052937825, "y2": 537.5969780815972}, "name": "4", "caption_text": "FIGURE 4 \u2013 Architecture tache 1. \u03b8 et \u03b1 sont des param\u00e8tres libres. \u03c3 d\u00e9note la fonction sigmo\u00efde. Les vecteurs en gris sont des param\u00e8tres appris", "figure_type": "Figure", "uri": null, "page_height": 0, "figure_boundary": {"x2": 577.0, "y1": 136.0, "x1": 257.0, "y2": 469.0}, "page": 6, "dpi": 0}, {"page_width": 0, "caption_boundary": {"x2": 607.6675415039062, "y1": 688.8594733344183, "x1": 219.5365481906467, "y2": 719.6450975206163}, "name": "3", "caption_text": "TABLE 3 \u2013 R\u00e9sultats sur les donn\u00e9es de test de la tache 1 .", "figure_type": "Table", "uri": null, "page_height": 0, "figure_boundary": {"x2": 505.0, "y1": 567.0, "x1": 321.0, "y2": 669.0}, "page": 6, "dpi": 0}], "error": null,