{"raw_detected_boxes": [[], [], [{"x2": 496.0, "y1": 576.0, "x1": 95.0, "y2": 769.0}], [{"x2": 480.0, "y1": 305.0, "x1": 111.0, "y2": 443.0}], [{"x2": 499.0, "y1": 617.0, "x1": 87.0, "y2": 706.0}], [{"x2": 528.0, "y1": 395.0, "x1": 58.0, "y2": 481.0}], [{"x2": 540.0, "y1": 31.0, "x1": 50.0, "y2": 90.0}], [], [], []], "raw_pdffigures_output": {"regionless-captions": [{"figType": "Table", "boundary": {"x2": 271.80670166015625, "y1": 62.44754409790039, "x1": 153.31100463867188, "y2": 68.45001220703125}, "text": "TABLE 3: Pr\u00e9cision et Rappel", "name": "3", "page": 6}], "figures": [{"figType": "Table", "name": "2", "captionBoundary": {"x2": 266.1273498535156, "y1": 355.25653076171875, "x1": 158.99000549316406, "y2": 361.2590026855469}, "imageText": ["Na\u00efve", "Bayes", "0,66", "0,59", "0,61", "0,60", "-", "SVM", "0,76", "0,77", "0,79", "0,78", "0,76", "Logistic", "Regression", "0,78", "0,72", "0,72", "0,72", "0,77", "Macro", "F-mesure", "Classique", "Random", "ADASYN", "SMOTE", "Balanced"], "regionBoundary": {"x2": 387.0, "y1": 281.2760009765625, "x1": 38.0, "y2": 346.2760009765625}, "caption": "TABLE 2: Macro F-mesure", "page": 5}, {"figType": "Figure", "name": "1", "captionBoundary": {"x2": 305.5249328613281, "y1": 568.0935668945312, "x1": 119.9219970703125, "y2": 574.0960083007812}, "imageText": [], "regionBoundary": {"x2": 361.0, "y1": 413.2760009765625, "x1": 64.0, "y2": 556.2760009765625}, "caption": "FIGURE 1: Sch\u00e9ma de la cha\u00eene de traitements", "page": 2}, {"figType": "Figure", "name": "2", "captionBoundary": {"x2": 341.0671691894531, "y1": 333.3695373535156, "x1": 84.38099670410156, "y2": 339.37200927734375}, "imageText": [], "regionBoundary": {"x2": 348.0, "y1": 216.2760009765625, "x1": 77.0, "y2": 321.2760009765625}, "caption": "FIGURE 2: La r\u00e9partition des classes dans le corpus de r\u00e9f\u00e9rence", "page": 3}, {"figType": "Table", "name": "1", "captionBoundary": {"x2": 349.4210510253906, "y1": 516.91455078125, "x1": 75.6989974975586, "y2": 522.9169921875}, "imageText": ["ADASYN", "Simple", "vote", "Random", "Sampling", "Param\u00e8tre", "class_weight", "Bagging", "SMOTE", "Boosting", "Strat\u00e9gies", "d\u2019\u00e9chantillonnage", "Strat\u00e9gies", "algorithmiques", "[Sur-\u00e9chantillonnage]", "P\u00e9nalisation", "M\u00e9thodes", "ensemblistes"], "regionBoundary": {"x2": 366.0, "y1": 442.2760009765625, "x1": 59.0, "y2": 508.2760009765625}, "caption": "TABLE 1: Diff\u00e9rentes strat\u00e9gies pour traiter des classes d\u00e9s\u00e9quilibr\u00e9s", "page": 4}]}, "figures": [{"page_width": 0, "caption_boundary": {"x2": 424.3401845296224, "y1": 789.0188429090712, "x1": 166.5583292643229, "y2": 797.3555670844183}, "name": "1", "caption_text": "FIGURE 1: Sch\u00e9ma de la cha\u00eene de traitements", "figure_type": "Figure", "uri": null, "page_height": 0, "figure_boundary": {"x2": 499.0, "y1": 576.0, "x1": 91.0, "y2": 770.0}, "page": 2, "dpi": 0}, {"page_width": 0, "caption_boundary": {"x2": 473.7044016520182, "y1": 463.0132463243272, "x1": 117.19582875569661, "y2": 471.35001288519965}, "name": "2", "caption_text": "FIGURE 2: La r\u00e9partition des classes dans le corpus de r\u00e9f\u00e9rence", "figure_type": "Figure", "uri": null, "page_height": 0, "figure_boundary": {"x2": 480.0, "y1": 303.0, "x1": 111.0, "y2": 443.0}, "page": 3, "dpi": 0}, {"page_width": 0, "caption_boundary": {"x2": 485.30701531304254, "y1": 717.9368760850695, "x1": 105.13749652438693, "y2": 726.2736002604166}, "name": "1", "caption_text": "TABLE 1: Diff\u00e9rentes strat\u00e9gies pour traiter des classes d\u00e9s\u00e9quilibr\u00e9s", "figure_type": "Table", "uri": null, "page_height": 0, "figure_boundary": {"x2": 508.0, "y1": 615.0, "x1": 83.0, "y2": 718.0}, "page": 4, "dpi": 0}, {"page_width": 0, "caption_boundary": {"x2": 369.6213192409939, "y1": 493.4118482801649, "x1": 220.81945207383896, "y2": 501.7486148410373}, "name": "2", "caption_text": "TABLE 2: Macro F-mesure", "figure_type": "Table", "uri": null, "page_height": 0, "figure_boundary": {"x2": 537.0, "y1": 391.0, "x1": 53.0, "y2": 493.0}, "page": 5, "dpi": 0}, {"page_width": 0, "caption_boundary": {"x2": 377.5093078613281, "y1": 86.73270013597276, "x1": 212.93195088704425, "y2": 95.06946139865451}, "name": "3", "caption_text": "TABLE 3: Pr\u00e9cision et Rappel", "figure_type": "Table", "uri": null, "page_height": 0, "figure_boundary": {"x2": 540.0, "y1": 19.0, "x1": 50.0, "y2": 98.0}, "page": 6, "dpi": 0}], "error": null, "pdf": "/work/host-output/b14bc4de79ef5ab9c543ffe81938c88b776bc6ba/2019.jeptalnrecital-court.22.pdf", "dpi": 100}