{"raw_detected_boxes": [[], [], [], [], [], [], [{"x2": 489.0, "y1": 532.0, "x1": 111.0, "y2": 692.0}], [{"x2": 366.0, "y1": 124.0, "x1": 237.0, "y2": 758.0}], [], [], [{"x2": 476.0, "y1": 120.0, "x1": 131.0, "y2": 752.0}], [{"x2": 431.0, "y1": 114.0, "x1": 177.0, "y2": 763.0}], [{"x2": 405.0, "y1": 522.0, "x1": 129.0, "y2": 769.0}], [{"x2": 421.0, "y1": 441.0, "x1": 129.0, "y2": 621.0}], [{"x2": 505.0, "y1": 377.0, "x1": 98.0, "y2": 515.0}], [], [{"x2": 509.0, "y1": 493.0, "x1": 88.0, "y2": 681.0}], [], [], [{"x2": 471.0, "y1": 362.0, "x1": 129.0, "y2": 506.0}], [], [{"x2": 356.0, "y1": 165.0, "x1": 243.0, "y2": 713.0}], [{"x2": 509.0, "y1": 178.0, "x1": 323.0, "y2": 283.0}], [{"x2": 344.0, "y1": 534.0, "x1": 129.0, "y2": 782.0}], [{"x2": 336.0, "y1": 371.0, "x1": 131.0, "y2": 484.0}], [{"x2": 493.0, "y1": 320.0, "x1": 319.0, "y2": 392.0}], [], [], [{"x2": 421.0, "y1": 97.0, "x1": 131.0, "y2": 255.0}, {"x2": 504.0, "y1": 477.0, "x1": 331.0, "y2": 585.0}], [{"x2": 443.0, "y1": 483.0, "x1": 138.0, "y2": 634.0}], [], [{"x2": 396.0, "y1": 139.0, "x1": 204.0, "y2": 742.0}], [{"x2": 511.0, "y1": 165.0, "x1": 89.0, "y2": 377.0}], [{"x2": 464.0, "y1": 97.0, "x1": 136.0, "y2": 364.0}], [{"x2": 504.0, "y1": 96.0, "x1": 98.0, "y2": 222.0}], [{"x2": 439.0, "y1": 102.0, "x1": 164.0, "y2": 304.0}, {"x2": 503.0, "y1": 533.0, "x1": 107.0, "y2": 624.0}], [], [], [], [], []], "raw_pdffigures_output": {"regionless-captions": [{"figType": "Table", "boundary": {"x2": 369.02105712890625, "y1": 418.7192687988281, "x1": 63.0, "y2": 552.4840087890625}, "text": "Table 1 gives the senses as well as the semantic roles for each sense of the English verbal predicate want and Chinese predicate \u60f3. The predicate want has only one sense in PropBank, and it has 5 semantic roles, Arg0 \u201cwanter\u201d, Arg1 \u201cthing wanted\u201d, Arg2 \u201cbeneficiary\u201d, Arg3 \u201cin_exchange_for\u201d, and and Arg4 \u201cfrom\u201d. The Chinese predicate \u60f3 has three senses. Each sense has two semantic roles. Depending on the sense, each set of roles are interpreted differently even though they have the same role labels. For example, Arg1 of \u60f3-01 refers to thoughts of Arg0 while Arg1 of \u60f302 refers to thing that Arg0 misses. In this sense, the interpretation of the semantic roles are specific to each sense of the predicate.", "name": "1", "page": 5}, {"figType": "Table", "boundary": {"x2": 368.9993896484375, "y1": 545.7152099609375, "x1": 63.0, "y2": 566.0799560546875}, "text": "Table 9 presents a comparison of the use of inverse relations between the CAMR corpus and the AMR corpus. The AMR statistics", "name": "9", "page": 34}], "figures": [{"figType": "Table", "name": "3", "captionBoundary": {"x2": 333.5572509765625, "y1": 265.8764953613281, "x1": 98.44000244140625, "y2": 270.67999267578125}, "imageText": ["\u2217", "marked", "the", "new", "relations", "added", "to", "CAMR", ":accompanier,", ":age,", "\u2217:aspect,", ":bene\ufb01ciary,", ":cause", ",", ":compared-to,", ":consist-of,", ":cost", ",", "\u2217:cunit,", ":degree,", ":destination,", ":direction,", ":domain,", ":duration,", ":example,", ":extent,", ":frequency,", ":instrument,", ":li,", ":location,", ":manner,", ":medium,", ":mod,", ":mode,", ":name,", ":ord,", ":part,", ":path,", "\u2217:perspective,", ":polarity,", ":polite,", ":poss,", ":purpose,", ":quant,", ":range,", ":source,", ":subevent,", ":subset,", ":superset,", "\u2217:tense,", ":time,", ":topic,", ":unit,", ":value"], "regionBoundary": {"x2": 369.0, "y1": 271.0, "x1": 63.0, "y2": 374.8800048828125}, "caption": "TABLE 3 The full set of semantic relations used in CAMR", "page": 14}, {"figType": "Figure", "name": "1", "captionBoundary": {"x2": 328.018310546875, "y1": 517.3875122070312, "x1": 103.98400115966797, "y2": 522.1910400390625}, "imageText": ["0", "rg", ":a", "1", "g", "r", "a", ":", ":", "l", "o", "c", "a", "t", "i", "o", "n", "(", ":", "n", "a", "m", "e", "\u03a9\u00b6", "city", "\u2326f-01", "0", "g", "r", "a", ":", "si", "\u00db-02", "0", "g", "r", ":a", "1", "g", "r", "a", ":", ":", "l", "o", "c", "a", "t", "i", "o", "n", "i", "n", ":", "n", "a", "m", "e", "NewYork", "city", "study-01", "0", "g", "r", "a", ":", "girl", "want-01"], "regionBoundary": {"x2": 353.8011474609375, "y1": 386.5033264160156, "x1": 78.21321868896484, "y2": 498.3660583496094}, "caption": "FIGURE 1 A CAMR graph and its corresponding graph", "page": 6}, {"figType": "Figure", "name": "2", "captionBoundary": {"x2": 327.33380126953125, "y1": 273.5984802246094, "x1": 104.66200256347656, "y2": 278.4019775390625}, "imageText": ["%", "o", "f", "g", "r", "a", "p", "h", "s", "1", "0.8", "0.6", "0.4", "0.2", "0", "0", "50", "100", "150", "200"], "regionBoundary": {"x2": 337.0, "y1": 66.0, "x1": 104.13909912109375, "y2": 242.13916015625}, "caption": "FIGURE 2 The ratio of sentences being non-tree graphs", "page": 33}, {"figType": "Table", "name": "7", "captionBoundary": {"x2": 309.381591796875, "y1": 103.88949584960938, "x1": 122.61500549316406, "y2": 108.6929931640625}, "imageText": ["eng_bolt", "1,062", "722", "0.68", "eng_dfa", "1,703", "898", "0.53", "eng_mt09sdl", "204", "137", "0.67", "eng_proxy", "6,603", "2,954", "0.45", "eng_xinhua", "741", "423", "0.57", "eng_Little", "prince", "1,562", "663", "0.43", "eng_total", "11,875", "5,797", "0.49", "chs_Little", "Prince", "1,562", "576", "0.36", "chs_CTB", "10,149", "4,741", "0.47", "chs_total", "11,711", "5,317", "0.45", "AMR", "Corpus", "#", "of", "sentences", "#", "of", "sentences", "withre-entrancies", "ratio"], "regionBoundary": {"x2": 370.0, "y1": 111.0, "x1": 63.0, "y2": 276.0}, "caption": "TABLE 7 The re-entrance arcs in AMR corpus", "page": 32}, {"figType": "Figure", "name": "3", "captionBoundary": {"x2": 328.018310546875, "y1": 170.60848999023438, "x1": 103.98400115966797, "y2": 175.4119873046875}, "imageText": ["\u00d1", "0", "g", "a", "r", ":", ",\u203a-01", ":", "a", "r", "g", "2", "\u00ab", "1", "g", "r", "a", ":", "person", "d", "o", "m", ":", "-", "\u00ff/", "-03", "-", "contrast", ":", "a", "r", "g", "2", "\u00ab", "1", "g", "r", "a", ":", ":", "a", "r", "g", "0", "-", "o", "f", "\u00d1", ",\u203a-01", "person", "d", "o", "m", "\u00ff/", ":", "-03", "contrast"], "regionBoundary": {"x2": 363.2711181640625, "y1": 72.0, "x1": 67.36459350585938, "y2": 161.82318115234375}, "caption": "FIGURE 3 A CAMR graph and its corresponding graph", "page": 34}, {"figType": "Table", "name": "8", "captionBoundary": {"x2": 283.21868896484375, "y1": 67.35153198242188, "x1": 148.77899169921875, "y2": 72.155029296875}, "imageText": ["1", ":arg0-of", "8,136", "71.76%", "2", ":arg1-of", "2,057", "18.14%", "3", ":cause-of", "404", "3.56%", "4", ":part-of", "172", "1.52%", "5", ":arg2-of", "165", "1.46%", "6", ":time-of", "80", "0.71%", "7", ":instrument-of", "79", "0.70%", "8", ":location-of", "73", "0.64%", "9", ":cost-of", "48", "0.42%", "10", ":purpose-of", "25", "0.22%", "Rank", "Relations", "Count", "Portion"], "regionBoundary": {"x2": 316.0, "y1": 75.0, "x1": 116.0, "y2": 224.0}, "caption": "TABLE 8 Top 10 inverse relations", "page": 35}, {"figType": "Table", "name": "4", "captionBoundary": {"x2": 335.29608154296875, "y1": 253.04751586914062, "x1": 96.7030029296875, "y2": 257.85101318359375}, "imageText": ["Annotator\u2019s", "Inputs", "Generated", "AMR", "Graph", "root", ":top", "x2", "x2/\u559c\u6b22-01", "x2", ":arg0", "x1", ":arg0", "x1/\u4ed6", "x2", ":arg1", "x3", ":arg1", "x2/\u542c-01", "x3", ":arg1", "x7", ":arg1", "x7/\u6b4c", "x7", ":arg1-of(x6)", "x5", ":arg1-of(x6/\u7684)", "x5/\u5531-01", "x5", ":arg0", "person", ":arg0", "x8/person", "x8", ":name", "x4", ":name", "x4/\u9093\u4e3d\u541b"], "regionBoundary": {"x2": 342.0, "y1": 260.0, "x1": 90.0, "y2": 369.0}, "caption": "TABLE 4 Annotator\u2019s inputs in CAMR Annotation Toolkit", "page": 19}]}, "figures": [{"page_width": 0, "caption_boundary": {"x2": 455.58098687065973, "y1": 718.5937669542101, "x1": 144.42222383287216, "y2": 725.2653333875868}, "name": "1",