{"raw_detected_boxes": [[], [{"x2": 492.0, "y1": 384.0, "x1": 101.0, "y2": 608.0}], [{"x2": 473.0, "y1": 103.0, "x1": 124.0, "y2": 279.0}], [], [{"x2": 504.0, "y1": 98.0, "x1": 98.0, "y2": 314.0}], [{"x2": 461.0, "y1": 101.0, "x1": 124.0, "y2": 290.0}], [], []], "raw_pdffigures_output": {"regionless-captions": [{"figType": "Figure", "boundary": {"x2": 364.57403564453125, "y1": 247.77134704589844, "x1": 67.4209976196289, "y2": 263.8840026855469}, "text": "FIGURE 3 Analysis of logon=ne pustak=kii tareef k-ii \u2018People praised the book.\u2019 The arguments of the preverb are taken over by the light verb", "name": "3", "page": 4}], "figures": [{"figType": "Figure", "name": "2", "captionBoundary": {"x2": 355.06524658203125, "y1": 219.2683563232422, "x1": 76.9489974975586, "y2": 224.4219970703125}, "imageText": ["hu-ii", "V", "VP", "tareef", "X", "XP2", "pustak", "NP1", "XPf", "XP1", "hu-ii", "V", "XPf", "VP", "XPr", "tareef", "X", "NP1", "\u2193", "XP2", "XP1"], "regionBoundary": {"x2": 340.1142272949219, "y1": 70.27761840820312, "x1": 87.95100402832031, "y2": 200.38201904296875}, "caption": "FIGURE 2 Analysis of pustak=kii tareef hu-ii \u2018The book got praised.\u2019", "page": 2}, {"figType": "Figure", "name": "4", "captionBoundary": {"x2": 355.06524658203125, "y1": 224.6743621826172, "x1": 76.9489974975586, "y2": 229.8280029296875}, "imageText": ["hu-ii", "be.part-perf.f.sg/be.pres", "V[subj", "\u27e8", "\u27e9", "comps", "4", "arg-st", "4", "\u27e8", "2", ",", "3", "\u27e9]", "tareef", "praise.f", "3", "N[subj", "\u27e8", "1", "NP", "\u27e9", "comps", "\u27e8", "2", "\u27e9", "arg-st", "\u27e8", "1", ",", "2", "\u27e9]", "V", "pustak=kii", "book.f", "2", "NP", "V"], "regionBoundary": {"x2": 340.8956604003906, "y1": 70.27761840820312, "x1": 87.78099822998047, "y2": 208.18600463867188}, "caption": "FIGURE 4 Analysis of pustak=kii tareef hu-ii \u2018The book got praised.\u2019", "page": 5}, {"figType": "Figure", "name": "1", "captionBoundary": {"x2": 364.57403564453125, "y1": 455.7223815917969, "x1": 67.4209976196289, "y2": 483.7900085449219}, "imageText": ["k-ii", "V", "VP", "tareef", "X", "XP2", "pustak", "NP2", "XPf", "XP1", "logon", "NP1", "XP0", "k-ii", "V", "XPf", "VP", "XPr", "tareef", "X", "NP2", "\u2193", "XP2", "NP1", "\u2193", "XP1", "XP0"], "regionBoundary": {"x2": 354.032470703125, "y1": 276.0476379394531, "x1": 71.33000183105469, "y2": 436.83599853515625}, "caption": "FIGURE 1 Analysis of logon=ne pustak=kii tareef k-ii \u2018People praised the book.\u2019 The tree of the light verb is adjoined into the tree of the preverb, into the XP1 position", "page": 1}]}, "figures": [{"page_width": 0, "caption_boundary": {"x2": 506.35282728407117, "y1": 632.947752210829, "x1": 93.64027447170682, "y2": 671.9305674235026}, "name": "1", "caption_text": "FIGURE 1 Analysis of logon=ne pustak=kii tareef k-ii \u2018People praised the book.\u2019 The tree of the light verb is adjoined into the tree of the preverb, into the XP1 position", "figure_type": "Figure", "uri": null, "page_height": 0, "figure_boundary": {"x2": 492.0, "y1": 384.0, "x1": 99.0, "y2": 608.0}, "page": 1, "dpi": 0}, {"page_width": 0, "caption_boundary": {"x2": 493.1461758083767, "y1": 304.5393837822808, "x1": 106.87360763549805, "y2": 311.6972181532118}, "name": "2", "caption_text": "FIGURE 2 Analysis of pustak=kii tareef hu-ii \u2018The book got praised.\u2019", "figure_type": "Figure", "uri": null, "page_height": 0, "figure_boundary": {"x2": 473.0, "y1": 98.0, "x1": 122.0, "y2": 279.0}, "page": 2, "dpi": 0}, {"page_width": 0, "caption_boundary": {"x2": 506.35282728407117, "y1": 344.1268708970812, "x1": 93.64027447170682, "y2": 366.50555928548175}, "name": "3", "caption_text": "FIGURE 3 Analysis of logon=ne pustak=kii tareef k-ii \u2018People praised the book.\u2019 The arguments of the preverb are taken over by the light verb", "figure_type": "Figure", "uri": null, "page_height": 0, "figure_boundary": {"x2": 507.0, "y1": 98.0, "x1": 87.0, "y2": 315.0}, "page": 4, "dpi": 0}, {"page_width": 0, "caption_boundary": {"x2": 493.1461758083767, "y1": 312.04772525363495, "x1": 106.87360763549805, "y2": 319.205559624566}, "name": "4", "caption_text": "FIGURE 4 Analysis of pustak=kii tareef hu-ii \u2018The book got praised.\u2019", "figure_type": "Figure", "uri": null, "page_height": 0, "figure_boundary": {"x2": 473.0, "y1": 98.0, "x1": 122.0, "y2": 293.0}, "page": 5, "dpi": 0}], "error": null, "pdf": "/work/host-output/f44ea528250ebf4f15597118f882881ef18c41e6/2019.lilt-17.3.pdf", "dpi": 100}