{"raw_detected_boxes": [[{"x2": 716.0, "y1": 319.0, "x1": 436.0, "y2": 482.0}], [{"x2": 728.0, "y1": 91.0, "x1": 109.0, "y2": 145.0}], [{"x2": 715.0, "y1": 111.0, "x1": 113.0, "y2": 310.0}], [{"x2": 637.0, "y1": 92.0, "x1": 193.0, "y2": 281.0}, {"x2": 721.0, "y1": 400.0, "x1": 106.0, "y2": 518.0}], [], [], [{"x2": 694.0, "y1": 191.0, "x1": 139.0, "y2": 891.0}], [{"x2": 724.0, "y1": 366.0, "x1": 107.0, "y2": 750.0}], [{"x2": 625.0, "y1": 250.0, "x1": 202.0, "y2": 865.0}]], "raw_pdffigures_output": {"regionless-captions": [], "figures": [{"figType": "Figure", "name": "1", "captionBoundary": {"x2": 525.5465698242188, "y1": 369.8355407714844, "x1": 307.2760009765625, "y2": 399.74798583984375}, "imageText": ["Parallel", "Monolingual", "en", "cs", "fr", "ru", "zh", "es", "fi", "de", "et", "lv", "lt", "ro", "hi", "kk", "tr", "gu", "1000", "100", "10", "1", "0.1", "0.01"], "regionBoundary": {"x2": 519.0, "y1": 229.8900146484375, "x1": 314.02423095703125, "y2": 349.7455139160156}, "caption": "Figure 1: Number of parallel and monolingual training samples in millions for each language in WMT training corpora.", "page": 0}, {"figType": "Table", "name": "1", "captionBoundary": {"x2": 443.1161193847656, "y1": 116.4495620727539, "x1": 154.12100219726562, "y2": 122.4520263671875}, "imageText": ["Any-to-English", "(xx\u2192en)", "31.3", "37.2", "36.0", "21.7", "32.7", "27.3", "31.7", "23.1", "15.0", "21.3", "30.1", "8.5", "11.5", "15.9", "1.0", "English-to-Any", "(en\u2192xx)", "23.8", "41.3", "26.4", "31.3", "31.1", "18.1", "29.9", "18.2", "14.2", "11.5", "23.4", "4.5", "1.9", "13.6", "0.6", "xx", "cs", "fr", "ru", "zh", "es", "\ufb01", "de", "et", "lv", "lt", "ro", "hi", "kk", "tr", "gu"], "regionBoundary": {"x2": 526.0, "y1": 64.8900146484375, "x1": 74.0, "y2": 103.8900146484375}, "caption": "Table 1: Bilingual baselines. xx refers to language in the column header.", "page": 1}, {"figType": "Table", "name": "4", "captionBoundary": {"x2": 527.2906494140625, "y1": 660.37060546875, "x1": 71.53199768066406, "y2": 690.2839965820312}, "imageText": ["fr\u2192de", "WMT\u201919", "WMT\u201913", "WMT\u201913", "9824476", "1512", "1701", "de\u2192fr", "WMT\u201919", "WMT\u201913", "WMT\u201913", "9824476", "1512", "1701", "cs\u2192de", "\u2014-", "WMT\u201913", "WMT\u201913", "\u2014", "1997", "1997", "de\u2192cs", "\u2014-", "WMT\u201913", "WMT\u201913", "\u2014", "1997", "1997", "en\u2192cs", "WMT\u201919", "WMT\u201917", "WMT\u201918", "64336053", "3005", "2983", "en\u2192fr", "WMT\u201915", "WMT\u201913", "WMT\u201914", "40449146", "3000", "3003", "en\u2192ru", "WMT\u201919", "WMT\u201918", "WMT\u201919", "38492126", "3000", "2000", "en\u2192zh", "WMT\u201919", "WMT\u201918", "WMT\u201919", "25986436", "3981", "2000", "en\u2192es", "WMT\u201913", "WMT\u201913", "WMT\u201913", "15182374", "3004", "3000", "en\u2192\ufb01", "WMT\u201919", "WMT\u201918", "WMT\u201919", "6587448", "3000", "1996", "en\u2192de", "WMT\u201914", "WMT\u201913", "WMT\u201914", "4508785", "3000", "3003", "en\u2192et", "WMT\u201918", "WMT\u201918", "WMT\u201918", "2175873", "2000", "2000", "en\u2192lv", "WMT\u201917", "WMT\u201917", "WMT\u201917", "637599", "2003", "2001", "en\u2192lt", "WMT\u201919", "WMT\u201919", "WMT\u201919", "635146", "2000", "1000", "en\u2192ro", "WMT\u201916", "WMT\u201916", "WMT\u201916", "610320", "1999", "1999", "en\u2192hi", "WMT\u201914", "WMT\u201914", "WMT\u201914", "313748", "520", "2507", "en\u2192kk", "WMT\u201919", "WMT\u201919", "WMT\u201919", "222424", "2066", "1000", "en\u2192tr", "WMT\u201918", "WMT\u201917", "WMT\u201918", "205756", "3007", "3000", "en\u2192gu", "WMT\u201919", "WMT\u201919", "WMT\u201919", "11670", "1998", "1016", "cs\u2192en", "WMT\u201919", "WMT\u201917", "WMT\u201918", "64336053", "3005", "2983", "fr\u2192en", "WMT\u201915", "WMT\u201913", "WMT\u201914", "40449146", "3000", "3003", "ru\u2192en", "WMT\u201919", "WMT\u201918", "WMT\u201919", "38492126", "3000", "2000", "zh\u2192en", "WMT\u201919", "WMT\u201918", "WMT\u201919", "25986436", "3981", "2000", "es\u2192en", "WMT\u201913", "WMT\u201913", "WMT\u201913", "15182374", "3004", "3000", "\ufb01\u2192en", "WMT\u201919", "WMT\u201918", "WMT\u201919", "6587448", "3000", "1996", "de\u2192en", "WMT\u201914", "WMT\u201913", "WMT\u201914", "4508785", "3000", "3003", "et\u2192en", "WMT\u201918", "WMT\u201918", "WMT\u201918", "2175873", "2000", "2000", "lv\u2192en", "WMT\u201917", "WMT\u201917", "WMT\u201917", "637599", "2003", "2001", "lt\u2192en", "WMT\u201919", "WMT\u201919", "WMT\u201919", "635146", "2000", "1000", "ro\u2192en", "WMT\u201916", "WMT\u201916", "WMT\u201916", "610320", "1999", "1999", "hi\u2192en", "WMT\u201914", "WMT\u201914", "WMT\u201914", "313748", "520", "2507", "kk\u2192en", "WMT\u201919", "WMT\u201919", "WMT\u201919", "222424", "2066", "1000", "tr\u2192en", "WMT\u201918", "WMT\u201917", "WMT\u201918", "205756", "3007", "3000", "gu\u2192en", "WMT\u201919", "WMT\u201919", "WMT\u201919", "11670", "1998", "1016", "Train", "Dev", "Test", "Train", "Dev", "Test", "Data", "Sources", "#", "Samples", "Language", "Pair"], "regionBoundary": {"x2": 500.0, "y1": 131.8900146484375, "x1": 98.0, "y2": 647.8900146484375}, "caption": "Table 4: Data sources and number of samples for the parallel data in our corpus. Please note that we don\u2019t use parallel data in Fr-De for any of the experiments in the paper apart from training parallel data baseline in Table 2. We don\u2019t have any parallel data in Cs-De.", "page": 6}, {"figType": "Figure", "name": "2", "captionBoundary": {"x2": 527.2010498046875, "y1": 236.51358032226562, "x1": 71.75100708007812, "y2": 266.42608642578125}, "imageText": ["(b)", "English-to-Any", "(en", "\u2192", "xx)", "Multilingual", "NMT", "Multilingual", "NMT", "+", "Mono.", "cs", "fr", "ru", "zh", "es", "fi", "de", "et", "lv", "lt", "ro", "hi", "kk", "tr", "gu", "15.0", "10.0", "5.0", "0.0", "-5.0", "-10.0", "LE", "U", "\u0394", "B", "(a)", "Any-to-English", "(xx", "\u2192", "en)", "Multilingual", "NMT", "Multilingual", "NMT", "+", "Mono.", "cs", "fr", "ru", "zh", "es", "fi", "de", "et", "lv", "lt", "ro", "hi", "kk", "tr", "gu", "15.0", "10.0", "5.0", "0.0", "-5.0", "-10.0", "LE", "U", "\u0394", "B"], "regionBoundary": {"x2": 515.0, "y1": 81.49208068847656, "x1": 83.71971893310547, "y2": 221.196044921875}, "caption": "Figure 2: Translation quality of Multilingual NMT models relative to bilingual baselines with and without monolingual data. The left plot shows xx \u2192 en direction and right one shows en \u2192 xx direction. From left to right on x-axis, we go from high-resource to low-resource languages. The x-axis reflects the bilingual baselines.", "page": 2}, {"figType": "Table", "name": "5", "captionBoundary": {"x2": 468.54510498046875, "y1": 552.3035888671875, "x1": 128.6909942626953, "y2": 558.3060302734375}, "imageText": ["en", "X", "199900557", "3000", "3000", "ro", "X", "14067879", "3000", "3000", "de", "X", "275690481", "3000", "3000", "fr", "X", "X", "X", "X", "160933435", "3000", "3000", "cs", "X", "72157988", "3000", "3000", "es", "X", "43814290", "3000", "3000", "et", "X", "X", "51683012", "3000", "3000", "\ufb01", "X", "X", "18847600", "3000", "3000", "gu", "X", "X", "4644638", "3000", "3000", "hi", "X", "23611899", "3000", "3000", "kk", "X", "X", "X", "X", "13825470", "3000", "3000", "lt", "X", "X", "X", "X", "106198239", "3000", "3000", "lv", "X", "X", "10205015", "3000", "3000", "ru", "X", "80148714", "3000", "3000", "tr", "X", "9655009", "3000", "3000", "zh", "X", "X", "2158309", "3000", "3000", "Train", "Dev", "Test", "Wiki", "Dumps", "Discus-", "sions", "Europarl", "News", "Common", "Crawl", "tary", "News", "Commen-", "News", "Crawl", "Language", "Data", "Sources", "#", "Samples"], "regionBoundary": {"x2": 526.0, "y1": 263.8900146484375, "x1": 74.0, "y2": 539.8900146484375}, "caption": "Table 5: Data sources and number of samples for the monolingual data in our corpus.", "page": 7}, {"figType": "Table", "name": "2",