{"raw_detected_boxes": [[{"x2": 694.0, "y1": 331.0, "x1": 446.0, "y2": 494.0}], [{"x2": 393.0, "y1": 92.0, "x1": 108.0, "y2": 309.0}], [], [{"x2": 692.0, "y1": 87.0, "x1": 135.0, "y2": 380.0}], [{"x2": 693.0, "y1": 168.0, "x1": 131.0, "y2": 250.0}, {"x2": 393.0, "y1": 311.0, "x1": 108.0, "y2": 533.0}], [{"x2": 693.0, "y1": 124.0, "x1": 131.0, "y2": 455.0}], [{"x2": 710.0, "y1": 91.0, "x1": 124.0, "y2": 274.0}, {"x2": 353.0, "y1": 336.0, "x1": 148.0, "y2": 541.0}], [], [], [{"x2": 678.0, "y1": 286.0, "x1": 457.0, "y2": 813.0}]], "raw_pdffigures_output": {"regionless-captions": [], "figures": [{"figType": "Figure", "name": "1", "captionBoundary": {"x2": 527.2002563476562, "y1": 373.320556640625, "x1": 307.2760009765625, "y2": 403.2330017089844}, "imageText": [], "regionBoundary": {"x2": 521.0, "y1": 221.8900146484375, "x1": 312.0, "y2": 361.8900146484375}, "caption": "Figure 1: The power-law label distribution of EURLEX57K with Y-axis on log-scale. Division is based on average number of training instances.", "page": 0}, {"figType": "Table", "name": "2", "captionBoundary": {"x2": 491.4434509277344, "y1": 65.1745376586914, "x1": 105.79199981689453, "y2": 71.177001953125}, "imageText": ["EUR-LEX57K", "P@5", "60.15", "63.59", "61.21", "65.02", "65.83", "69.14", "70.53", "nDCG@3", "77.42", "80.98", "78.59", "82.30", "83.45", "84.13", "86.05", "nDCG@5", "73.21", "76.96", "74.36", "78.50", "79.40", "81.91", "83.28", "P@1", "86.18", "89.43", "85.33", "89.11", "90.46", "90.83", "91.42", "P@3", "73.18", "76.73", "74.40", "78.03", "79.29", "80.72", "82.18", "ZHIHU", "P@5", "23.23", "23.81", "24.17", "23.95", "24.23", "25.10", "26.27", "nDCG@3", "46.52", "47.57", "46.65", "46.90", "47.97", "48.89", "50.61", "nDCG@5", "49.16", "50.34", "49.60", "50.47", "50.70", "51.19", "52.89", "P@1", "49.40", "50.22", "49.68", "50.32", "50.67", "53.73", "56.50", "P@3", "31.50", "32.21", "32.27", "31.83", "32.43", "33.83", "35.77", "RCV1", "P@5", "55.64", "55.06", "56.07", "53.06", "56.23", "56.33", "57.06", "nDCG@3", "90.95", "90.45", "92.22", "91.76", "92.28", "92.47", "93.03", "nDCG@5", "91.68", "90.97", "92.63", "90.69", "92.67", "93.11", "93.66", "P@1", "95.40", "95.35", "96.86", "95.37", "96.53", "97.05", "97.10", "P@3", "79.96", "79.51", "81.11", "81.36", "81.69", "81.27", "82.04", "AAPD", "P@5", "37.57", "37.89", "37.83", "38.58", "39.50", "41.97", "42.51", "nDCG@3", "71.22", "71.54", "72.12", "73.73", "75.77", "78.40", "81.64", "nDCG@5", "75.78", "75.98", "76.39", "78.05", "80.03", "83.70", "85.87", "P@1", "75.33", "75.85", "76.31", "77.90", "79.92", "81.75", "85.37", "P@3", "53.83", "54.36", "54.41", "55.76", "57.31", "59.63", "61.89", "Dataset", "Metric", "FASTTEXT", "SLEEC", "XML-CNN", "SGM", "REGGNN", "NLP-CAP", "HYPERCAPS"], "regionBoundary": {"x2": 503.0, "y1": 84.8900146484375, "x1": 94.0, "y2": 332.8900146484375}, "caption": "Table 2: Results on all the labels in P@k and nDCG@k, bold face indicates the best of each line.", "page": 5}, {"figType": "Figure", "name": "2", "captionBoundary": {"x2": 290.2705383300781, "y1": 236.01553344726562, "x1": 72.0, "y2": 253.9730224609375}, "imageText": [], "regionBoundary": {"x2": 285.0, "y1": 61.8900146484375, "x1": 77.0, "y2": 223.8900146484375}, "caption": "Figure 2: Illustration of the FC layer in the encoding based methods.", "page": 1}, {"figType": "Figure", "name": "4", "captionBoundary": {"x2": 387.2286682128906, "y1": 210.29855346679688, "x1": 210.31399536132812, "y2": 216.301025390625}, "imageText": ["(a)", "AAPD", "(b)", "RCV1", "(c)", "ZHIHU", "(d)", "EUR-LEX57K"], "regionBoundary": {"x2": 522.0, "y1": 61.8900146484375, "x1": 76.0, "y2": 194.98101806640625}, "caption": "Figure 4: Results on tail labels in nDCG@k.", "page": 6}, {"figType": "Figure", "name": "5", "captionBoundary": {"x2": 291.9241027832031, "y1": 404.5875549316406, "x1": 71.69099426269531, "y2": 434.5}, "imageText": [], "regionBoundary": {"x2": 258.0, "y1": 238.8900146484375, "x1": 104.0, "y2": 392.8900146484375}, "caption": "Figure 5: Results of ablation test on EUR-LEX57K in P@k. L denotes local capsules, G denotes global capsules, H denotes HDR.", "page": 6}, {"figType": "Figure", "name": "6", "captionBoundary": {"x2": 527.2002563476562, "y1": 604.9215698242188, "x1": 307.2760009765625, "y2": 622.8790283203125}, "imageText": ["(c)", "ZHIHU", "(b)", "RCV1", "(a)", "AAPD"], "regionBoundary": {"x2": 504.0, "y1": 192.8900146484375, "x1": 329.0, "y2": 589.60400390625}, "caption": "Figure 6: Label distributions of the other three benchmark datasets. Y-axes of ZHIHU is on log-scale", "page": 9}, {"figType": "Figure", "name": "3", "captionBoundary": {"x2": 397.744873046875, "y1": 286.0185241699219, "x1": 199.7989959716797, "y2": 292.02099609375}, "imageText": [], "regionBoundary": {"x2": 503.0, "y1": 62.8900146484375, "x1": 94.0, "y2": 273.8900146484375}, "caption": "Figure 3: Illustration of HYPERCAPS framework.", "page": 3}, {"figType": "Table", "name": "1", "captionBoundary": {"x2": 525.5430297851562, "y1": 65.1745376586914, "x1": 71.69100189208984, "y2": 107.04302978515625}, "imageText": ["AAPD", "49,356", "6,484", "163.34", "164.14", "2.41", "2,199.03", "17", "5,002.23", "37", "911.08", "RCV1", "23,149", "781,265", "259.47", "269.23", "3.21", "715.50", "27", "2,209.44", "76", "184.76", "ZHIHU", "2,699,969", "299,997", "38.14", "35.56", "2.32", "3,165.92", "442", "7,144.31", "1,557", "2,036.54", "EUR-LEX57K", "51,000", "6,000", "726.46", "725.37", "5.06", "53.45", "711", "273.72", "3,560", "9.46", "Dataset", "Ntrain", "Ntest", "Wtrain", "Wtest", "L", "I", "#H", "H", "#T", "T"], "regionBoundary": {"x2": 503.0, "y1": 120.8900146484375, "x1": 72.0, "y2": 204.8900146484375}, "caption": "Table 1: Statistics of the datasets: Ntrain and Ntest are the numbers of training and test instances, Wtrain and Wtest are their average word numbers, L is the average label number per instance, I is the average number of training instances per label, #H and #T are the numbers of head and tail labels, H and T are their average number of training instances respectively.", "page": 4}]}, "figures": [{"page_width": 0, "caption_boundary": {"x2": 732.2225782606337, "y1": 518.5007731119791, "x1": 426.772223578559, "y2": 560.0458357069227}, "name": "1", "caption_text": "Figure 1: The power-law label distribution of EURLEX57K with Y-axis on log-scale. Division is based on average number of training instances.", "figure_type": "Figure", "uri": null, "page_height": 0, "figure_boundary": {"x2": 696.0, "y1": 331.0, "x1": 444.0, "y2": 497.0}, "page": 0, "dpi": 0}, {"page_width": 0, "caption_boundary": {"x2": 403.15352545844183, "y1": 327.7993520100911, "x1": 100.0, "y2": 352.7403089735243}, "name": "2", "caption_text": "Figure 2: Illustration of the FC layer in the encoding based methods.", "figure_type": "Figure", "uri": null, "page_height": 0, "figure_boundary": {"x2": 396.0, "y1": 87.0, "x1": 108.0, "y2": 309.0}, "page": 1, "dpi": 0}, {"page_width": 0, "caption_boundary": {"x2": 552.4234347873264, "y1": 397.24795023600257, "x1": 277.4986055162218, "y2": 405.584716796875}, "name": "3", "caption_text": "Figure 3: Illustration of HYPERCAPS framework.", "figure_type": "Figure", "uri": null, "page_height": 0, "figure_boundary": {"x2": 697.0, "y1": 87.0, "x1": 131.0, "y2": 397.0}, "page": 3, "dpi": 0}, {"page_width": 0, "caption_boundary": {"x2": 729.9208747016058, "y1": 90.52019119262695, "x1": 99.57083596123589, "y2": 148.6708747016059}, "name": "1", "caption_text": "Table 1: Statistics of the datasets: Ntrain and Ntest are the numbers of training and test instances, Wtrain and Wtest are their average word numbers, L is the average label number per instance, I is the average number of training instances per label, #H and #T are the numbers of head and tail labels, H and T are their average number of training instances respectively.", "figure_type": "Table", "uri": null, "page_height": 0, "figure_boundary": {"x2": 699.0, "y1": 167.0, "x1": 131.0, "y2": 256.0}, "page": 4,