{"raw_detected_boxes": [[{"x2": 725.0, "y1": 309.0, "x1": 427.0, "y2": 426.0}], [], [{"x2": 730.0, "y1": 87.0, "x1": 103.0, "y2": 297.0}], [{"x2": 724.0, "y1": 88.0, "x1": 107.0, "y2": 245.0}], [], [{"x2": 724.0, "y1": 87.0, "x1": 107.0, "y2": 280.0}], [{"x2": 400.0, "y1": 86.0, "x1": 101.0, "y2": 222.0}, {"x2": 730.0, "y1": 88.0, "x1": 426.0, "y2": 298.0}], [{"x2": 395.0, "y1": 90.0, "x1": 109.0, "y2": 342.0}, {"x2": 725.0, "y1": 90.0, "x1": 432.0, "y2": 311.0}], [], [], []], "raw_pdffigures_output": {"regionless-captions": [], "figures": [{"figType": "Table", "name": "1", "captionBoundary": {"x2": 527.2003173828125, "y1": 318.9545593261719, "x1": 306.9670104980469, "y2": 384.7319641113281}, "imageText": ["Frequency", "Number", "Percentage", "=", "0", "(OOV)", "1611", "65.1%", "=", "1", "(Low)", "191", "7.7%", "<", "10", "(Low)", "635", "25.7%", ">", "20", "(High)", "117", "4.7%", "\u2265", "0", "(Total)", "2475", "100.0%"], "regionBoundary": {"x2": 526.0, "y1": 221.8900146484375, "x1": 307.0, "y2": 306.8900146484375}, "caption": "Table 1: Number of occurrences of test set entities in the training set. OOV entities are those that have no occurrence (Frequency = 0) in the training set. Low frequency entities are those with fewer than ten occurrences (Frequency < 10). Percentages of entity occurrences are also shown. Data source is CoNLL-03.", "page": 0}, {"figType": "Table", "name": "2", "captionBoundary": {"x2": 527.2842407226562, "y1": 213.84451293945312, "x1": 71.69100189208984, "y2": 243.75701904296875}, "imageText": ["w/", "BERT", "\ufb01ne-tuned", "embedding\u2217", "95.94", "96.15", "92.53", "w/", "Proposed", "Methods", "96.01", "97.20", "92.67", "Bi-LSTM", "+", "CRF", "95.02", "93.37", "90.11", "w/", "external", "resources\u2021", "95.67", "94.76", "91.04", "This", "Work", "Liu", "et", "al.", "(2018)", "LM-LSTM-CRF", "95.33", "94.07", "91.24", "Liu", "et", "al.", "(2019a)", "GCDT", "95.98", "95.03", "91.96", "Qin", "et", "al.", "(2019)", "Stack-propagation\u2020", "95.9", "94.2", "-", "Liu", "et", "al.", "(2019b)", "CM-Net\u2020", "95.82", "97.15", "-", "Models", "ATIS", "SNIPS", "CoNLL-03", "Lample", "et", "al.", "(2016)", "Bi-LSTM", "+", "CRF", "w/", "char", "95.17", "93.71", "90.94"], "regionBoundary": {"x2": 523.0, "y1": 63.8900146484375, "x1": 75.0, "y2": 201.8900146484375}, "caption": "Table 2: Sequence labeling test results of baselines and the proposed model on benchmark datasets. \u2217 refers to fine tuning on pretrained large models. \u2020 refers to using multi-task learning. \u2021 refers to adopting external resources. The improvements over all prior methods are statistically significant with p < 0.01 under t-test.", "page": 5}, {"figType": "Table", "name": "4", "captionBoundary": {"x2": 527.2003173828125, "y1": 226.97653198242188, "x1": 306.9670104980469, "y2": 256.8900146484375}, "imageText": ["Bi-LSTM", "+", "CRF", "+", "LCR", "+", "DEI", "2124", "1181", "Total", "2509", "1363", "w/", "BERT", "\ufb01ne-tuned", "embedding\u2217", "2084", "1153", "Bi-LSTM", "+", "CRF", "+", "LCR", "2112", "1139", "Bi-LSTM", "+", "CRF", "+", "DEI", "2043", "1169", "Bi-LSTM", "+", "CRF", "2041", "1135", "w/", "external", "resource\u2021", "2052", "1143", "LM-LSTM-CRF", "2049", "1136", "GCDT", "2073", "1149", "Method", "CoNLL-03", "OOV", "LF"], "regionBoundary": {"x2": 527.0, "y1": 61.8900146484375, "x1": 307.0, "y2": 214.8900146484375}, "caption": "Table 4: Numbers of OOV and LF entities that are correctly labeled. \u2217 refers to fine tuning on pretrained large models. \u2021 refers to adopting external resources.", "page": 6}, {"figType": "Table", "name": "3", "captionBoundary": {"x2": 291.9241943359375, "y1": 172.37252807617188, "x1": 71.6709976196289, "y2": 202.2850341796875}, "imageText": ["w/o", "LCR,", "DEI", "(Bi-LSTM", "+", "CRF)", "93.37", "w/o", "OOV", "masking", "95.63", "w/o", "DEI", "95.82", "w/o", "LCR", "94.37", "w/o", "VAE,", "w/", "LSTM-LM", "96.02", "Method", "SNIPS", "Bi-LSTM", "+", "CRF", "+", "LCR", "+", "DEI", "97.20"], "regionBoundary": {"x2": 290.0, "y1": 61.8900146484375, "x1": 72.0, "y2": 160.8900146484375}, "caption": "Table 3: Ablation experiments for local context reconstruction (LCR) and delexicalized entity identification (DEI). LCR includes VAE and OOV masking.", "page": 6}, {"figType": "Figure", "name": "1", "captionBoundary": {"x2": 527.2907104492188, "y1": 226.33755493164062, "x1": 71.69100189208984, "y2": 268.205078125}, "imageText": ["Delexicalized", "Entity", "Identification", "Local", "Context", "Reconstruction", "Identification", "Local", "Context", "Reconstruction", "Delexicalized", "Entity", "Neural", "Sequence", "Labeling", "(Bi-LSTM", "+", "CRF)", "list", "flights", "to", "0", "/", "1", "with", "fares", "on", "0", "/", "1", ",", "please", ".", "Local", "Context", "Reconstruction", "[SOS]", "O", "O", "O", "B-FROMLOC", "O", "O", "O", "B-DATE", "I-DATE", "O", "O", "O", "[EOS]", "[SOS]", "list", "flights", "to", "indianapolis", "with", "fares", "on", "monday", "morning", ",", "please", ".", "[EOS]"], "regionBoundary": {"x2": 526.0, "y1": 61.61223220825195, "x1": 72.0, "y2": 212.96014404296875}, "caption": "Figure 1: Overall framework to use local context reconstruction and delexicalized entity identification for neural sequence labeling. \u201c[SOS]\u201d and \u201c[EOS]\u201d are used for marking sequence begining and sequence ending, respectively. The local context reconstruction is applied between any two sucessive entities, including the special entities. The delexicalized entity identitification is applied for all entities except for the special entities.", "page": 2}, {"figType": "Figure", "name": "4", "captionBoundary": {"x2": 527.2003173828125, "y1": 236.86056518554688, "x1": 307.2760009765625, "y2": 254.81805419921875}, "imageText": [], "regionBoundary": {"x2": 523.0, "y1": 61.8900146484375, "x1": 309.0, "y2": 224.8900146484375}, "caption": "Figure 4: Comparisons with respect to different percentage of training data on ATIS.", "page": 7}, {"figType": "Figure", "name": "3", "captionBoundary": {"x2": 291.9244079589844, "y1": 264.1825256347656, "x1": 72.0, "y2": 329.9610290527344}, "imageText": [], "regionBoundary": {"x2": 286.0, "y1": 61.8900146484375, "x1": 76.0, "y2": 251.8900146484375}, "caption": "Figure 3: Visualization of learned representations on CoNLL-03 test dataset. Entity types are represented in different shapes with red for PER, blue for ORG, green for LOC and orange for MISC. Rare entities are represented using bigger points. The points with \u201dX\u201d are for the delexicalized entities.", "page": 7}, {"figType": "Figure", "name": "2", "captionBoundary": {"x2": 500.1518859863281, "y1": 196.81655883789062, "x1": 97.39399719238281, "y2": 202.81903076171875}, "imageText": ["(b)", "AT", "for", "delexicalized", "entity", "identi\ufb01cation.", "binary", "classification", "clone", "material\u2212\u2207#\ud835\udc53", "adversarial", "training", "Cross", "Entropy", "+\u2207#\ud835\udc53", "pooling", "delexicalized", "MLP", "Discriminator", "delexicalization", "B-DATE", "morning", "on", "monday", "morning", "pooling", "(a)", "VAE", "for", "local", "context", "reconstruction.", "minus", "feature", "reparameterization", "trick", "MLP", "log\ud835\udf0e", "\ud835\udf07", "Posterior", "Gaussian", "Local", "Context", "Representation", "OOV", "masking", "[UNK]", "indianapolis", "with", "fares", "on", "monday", "\ud835\udc41(0,", "1)\u210e(", "on", "fares", "with", "[SOS]", "[EOS]", "on", "fares", "with", "\u210e)", "\u210e*", "\u210e+", "KL", "divergence"], "regionBoundary": {"x2": 525.0, "y1": 56.34771728515625, "x1": 73.0, "y2": 177.56500244140625}, "caption": "Figure 2: An example to illustrate local context reconstruction and delexicalized entity identification.", "page": 3}]}, "figures": [{"page_width": 0, "caption_boundary": {"x2": 732.222663031684, "y1": 442.992443508572, "x1": 426.3430701361762, "y2": 534.3499501546223}, "name": "1",