{"raw_detected_boxes": [[{"x2": 724.0, "y1": 308.0, "x1": 426.0, "y2": 428.0}], [], [{"x2": 728.0, "y1": 289.0, "x1": 433.0, "y2": 442.0}], [], [{"x2": 724.0, "y1": 93.0, "x1": 101.0, "y2": 479.0}], [{"x2": 691.0, "y1": 93.0, "x1": 467.0, "y2": 202.0}], [{"x2": 642.0, "y1": 93.0, "x1": 186.0, "y2": 285.0}], [{"x2": 724.0, "y1": 94.0, "x1": 107.0, "y2": 269.0}, {"x2": 712.0, "y1": 333.0, "x1": 118.0, "y2": 469.0}], [], [], [{"x2": 727.0, "y1": 86.0, "x1": 429.0, "y2": 238.0}], [{"x2": 721.0, "y1": 93.0, "x1": 109.0, "y2": 323.0}], [{"x2": 603.0, "y1": 86.0, "x1": 233.0, "y2": 195.0}]], "raw_pdffigures_output": {"regionless-captions": [], "figures": [{"figType": "Figure", "name": "1", "captionBoundary": {"x2": 527.1958618164062, "y1": 321.6385192871094, "x1": 306.60797119140625, "y2": 351.55096435546875}, "imageText": ["Birth_place", "Capital_of", "Birth_place", "Direct_movie", "Act_in", "Country_president", "Company_CEO", "SEO", "[Jackie", "R.", "Brown]", "was", "born", "in", "[Washington],", "the", "capital", "city", "of", "[United", "States", "of", "America].", "EPO", "[Quentin", "Tarantino]", "played", "a", "nobody", "in", "his", "directed", "film", "[Django", "Unchained].", "Normal", "The", "[United", "States]", "President", "[Trump]", "has", "a", "meet", "with", "[Tim", "Cook],", "the", "CEO", "of", "[Apple", "Inc]."], "regionBoundary": {"x2": 526.0, "y1": 221.8900146484375, "x1": 307.0, "y2": 309.8900146484375}, "caption": "Figure 1: Examples of Normal, EntityPairOverlap (EPO) and SingleEntityOverlap (SEO) overlapping patterns.", "page": 0}, {"figType": "Table", "name": "1", "captionBoundary": {"x2": 525.5464477539062, "y1": 157.80355834960938, "x1": 306.9670104980469, "y2": 175.76104736328125}, "imageText": ["ALL", "56195", "5000", "5019", "703", "Normal", "37013", "3266", "1596", "246", "EPO", "9782", "978", "227", "26", "SEO", "14735", "1297", "3406", "457", "Train", "Test", "Train", "Test", "Category", "NYT", "WebNLG"], "regionBoundary": {"x2": 500.0, "y1": 62.8900146484375, "x1": 333.0, "y2": 145.8900146484375}, "caption": "Table 1: Statistics of datasets. Note that a sentence can belong to both EPO class and SEO class.", "page": 5}, {"figType": "Table", "name": "4", "captionBoundary": {"x2": 506.7812805175781, "y1": 187.66653442382812, "x1": 325.7309875488281, "y2": 193.66900634765625}, "imageText": ["(E1,", "R,", "E2)", "89.7", "89.5", "89.6", "93.4", "90.1", "91.8", "(E1,", "R)", "93.6", "90.9", "92.2", "94.8", "90.3", "92.5", "(R,", "E2)", "93.1", "91.3", "92.2", "95.4", "91.1", "93.2", "(E1,", "E2)", "89.2", "90.1", "89.7", "95.3", "91.7", "93.5", "E1", "94.6", "92.4", "93.5", "98.7", "92.8", "95.7", "E2", "94.1", "93.0", "93.5", "97.7", "93.0", "95.3", "R", "96.0", "93.8", "94.9", "96.6", "91.5", "94.0", "Prec.", "Rec.", "F1", "Prec.", "Rec.", "F1", "Element", "NYT", "WebNLG"], "regionBoundary": {"x2": 524.0, "y1": 62.8900146484375, "x1": 309.0, "y2": 175.8900146484375}, "caption": "Table 4: Results on relational triple elements.", "page": 10}, {"figType": "Table", "name": "2", "captionBoundary": {"x2": 516.8346557617188, "y1": 217.57955932617188, "x1": 80.40299987792969, "y2": 223.58203125}, "imageText": ["CASRELrandom", "81.5", "75.7", "78.5", "84.7", "79.5", "82.0", "CASRELLSTM", "84.2", "83.0", "83.6", "86.9", "80.6", "83.7", "CASREL", "89.7", "89.5", "89.6", "93.4", "90.1", "91.8", "NovelTagging", "(Zheng", "et", "al.,", "2017)", "62.4", "31.7", "42.0", "52.5", "19.3", "28.3", "CopyROneDecoder", "(Zeng", "et", "al.,", "2018)", "59.4", "53.1", "56.0", "32.2", "28.9", "30.5", "CopyRMultiDecoder", "(Zeng", "et", "al.,", "2018)", "61.0", "56.6", "58.7", "37.7", "36.4", "37.1", "GraphRel1p", "(Fu", "et", "al.,", "2019)", "62.9", "57.3", "60.0", "42.3", "39.2", "40.7", "GraphRel2p", "(Fu", "et", "al.,", "2019)", "63.9", "60.0", "61.9", "44.7", "41.1", "42.9", "CopyRRL", "(Zeng", "et", "al.,", "2019)", "77.9", "67.2", "72.1", "63.3", "59.9", "61.6", "CopyR\u2217RL", "72.8", "69.4", "71.1", "60.9", "61.1", "61.0", "Prec.", "Rec.", "F1", "Prec.", "Rec.", "F1", "Method", "NYT", "WebNLG"], "regionBoundary": {"x2": 464.0, "y1": 62.8900146484375, "x1": 134.0, "y2": 204.8900146484375}, "caption": "Table 2: Results of different methods on NYT and WebNLG datasets. Our re-implementation is marked by *.", "page": 6}, {"figType": "Table", "name": "6", "captionBoundary": {"x2": 490.7049865722656, "y1": 157.80355834960938, "x1": 106.52999877929688, "y2": 163.8060302734375}, "imageText": ["ALL", "2171", "70339", "4006", "62648", "369", "79934", "289", "Normal", "1604", "59396", "2963", "53395", "368", "57020", "265", "EPO", "8", "5376", "715", "2100", "0", "3217", "4", "SEO", "561", "8772", "742", "7365", "1", "21238", "20", "ALL", "Train", "Test", "Train", "Test", "Train", "Test", "Category", "ACE04", "NYT10-HRL", "NYT11-HRL", "Wiki-KBP"], "regionBoundary": {"x2": 434.0, "y1": 62.8900146484375, "x1": 163.0, "y2": 145.8900146484375}, "caption": "Table 6: Statistics of datasets. Note that a sentence can belong to both EPO class and SEO class.", "page": 12}, {"figType": "Figure", "name": "3", "captionBoundary": {"x2": 496.96881103515625, "y1": 213.91854858398438, "x1": 100.57699584960938, "y2": 219.9210205078125}, "imageText": ["(c)", "F1", "of", "SingleEntityOverlap", "Class", "100", "80", "60", "40", "NYT", "WebNLG", "20", "94.7", "60.1", "36.4", "38.3", "33", "22.1", "91.4", "69.4", "51.2", "48.6", "49.9", "40.6", "(b)", "F1", "of", "EntityPairOverlap", "Class", "100", "80", "60", "40", "NYT", "WebNLG", "20", "92.2", "67.4", "39.5", "40.6", "38.7", "36.6", "92", "72.8", "56.5", "58.2", "53.6", "55", "(a)", "F1", "of", "Normal", "Class", "100", "80", "60", "40", "NYT", "WebNLG", "20", "89.4", "62.7", "65.865.4", "59.2", "67", "87.3", "69.6", "71.2", "66.3", "66", "67.4"], "regionBoundary": {"x2": 521.0, "y1": 68.8900146484375, "x1": 75.98760223388672, "y2": 194.66802978515625}, "caption": "Figure 3: F1-score of extracting relational triples from sentences with different overlapping pattern.", "page": 7}, {"figType": "Table", "name": "3", "captionBoundary": {"x2": 520.9089965820312, "y1": 350.383544921875, "x1": 76.3280029296875, "y2": 356.3860168457031}, "imageText": ["CASREL", "88.2", "90.3", "91.9", "94.2", "83.7", "(+37.8)", "89.3", "90.8", "94.2", "92.4", "90.9", "(+35.2)", "CopyROneDecoder", "66.6", "52.6", "49.7", "48.7", "20.3", "65.2", "33.0", "22.2", "14.2", "13.2", "CopyRMultiDecoder", "67.1", "58.6", "52.0", "53.6", "30.0", "59.2", "42.5", "31.7", "24.2", "30.0", "GraphRel1p", "69.1", "59.5", "54.4", "53.9", "37.5", "63.8", "46.3", "34.7", "30.8", "29.4", "GraphRel2p", "71.0", "61.5", "57.4", "55.1", "41.1", "66.0", "48.3", "37.0", "32.1", "32.1", "CopyR\u2217RL", "71.7", "72.6", "72.5", "77.9", "45.9", "63.4", "62.2", "64.4", "57.2", "55.7", "N=1", "N=2", "N=3", "N=4", "N\u22655", "N=1", "N=2", "N=3", "N=4", "N\u22655", "Method", "NYT", "WebNLG"], "regionBoundary": {"x2": 513.0, "y1": 235.8900146484375, "x1": 85.0, "y2": 337.8900146484375}, "caption": "Table 3: F1-score of extracting relational triples from sentences with different number (denoted as N) of triples.", "page": 7}, {"figType": "Table", "name": "5", "captionBoundary": {"x2": 519.1285400390625, "y1": 249.79653930664062, "x1": 78.10700225830078, "y2": 255.79901123046875},