{"raw_detected_boxes": [[], [], [], [{"x2": 716.0, "y1": 92.0, "x1": 102.0, "y2": 244.0}, {"x2": 404.0, "y1": 438.0, "x1": 103.0, "y2": 570.0}], [], [], []], "raw_pdffigures_output": {"regionless-captions": [{"figType": "Figure", "boundary": {"x2": 525.54638671875, "y1": 569.9576416015625, "x1": 307.2760009765625, "y2": 611.8250732421875}, "text": "Figure 2: Trie-constrained decoding with postexpansion pruning, using beam size 2. \u00d7 denotes pruned hypotheses. \u221a denotes the retrieved sentence. Numbers denote translation probabilities.", "name": "2", "page": 1}], "figures": [{"figType": "Figure", "name": "1", "captionBoundary": {"x2": 286.5832824707031, "y1": 404.7915344238281, "x1": 75.68499755859375, "y2": 410.79400634765625}, "imageText": ["I", "like", "cakes", "strudels", "<s>", "Cakes", "are", "the", "best"], "regionBoundary": {"x2": 280.49456787109375, "y1": 352.4880676269531, "x1": 81.77298736572266, "y2": 384.76202392578125}, "caption": "Figure 1: A monolingual trie storing three sentences.", "page": 1}, {"figType": "Table", "name": "2", "captionBoundary": {"x2": 292.07379150390625, "y1": 424.4535827636719, "x1": 72.0, "y2": 442.4110412597656}, "imageText": ["+", "\ufb01ne-tuning", "85.5", "n/a", "*", "Wieting", "et", "al.", "directly", "evaluated", "on", "the", "public", "train", "set.", "Train", "Test", "Azpeitia", "et", "al.", "(2018)", "84.3", "85.5", "Wieting", "et", "al.", "(2019)", "77.5", "n/a*", "Artetxe", "and", "Schwenk", "(2019)", "91.9", "95.6", "(v2)", "pre-expansion", "+", "CE", "\u222a", "BC", "83.0", "83.9"], "regionBoundary": {"x2": 293.0, "y1": 310.8900146484375, "x1": 72.0, "y2": 410.18304443359375}, "caption": "Table 2: F1 scores of our method and other methods on BUCC De-En train and test sets.", "page": 3}, {"figType": "Table", "name": "1", "captionBoundary": {"x2": 439.1957702636719, "y1": 189.35952758789062, "x1": 158.35000610351562, "y2": 195.36199951171875}, "imageText": ["*", "Bicleaner", "does", "not", "have", "a", "published", "classi\ufb01er", "model", "for", "Ru-En.", "+", "cross-entropy", "(CE)", "97", "72", "83", "98", "84", "90", "96", "73", "83", "98", "79", "88", "96", "87", "91", "+", "Bicleaner", "(BC)", "86", "77", "81", "n/a*", "93", "81", "86", "91", "82", "86", "86", "87", "87", "+", "CE", "\u222a", "BC", "93", "81", "86", "n/a", "91", "84", "87", "90", "86", "88", "91", "91", "91", "(v1)", "post-expansion", "92", "62", "74", "99", "61", "75", "88", "61", "72", "96", "59", "73", "81", "75", "81", "(v2)", "pre-expansion", "(1)", "Fr\u2192En", "(2)", "Ru\u2192En", "(3)", "De\u2192En", "(4)", "En\u2192De", "(3)", "\u222a", "(4)", "P", "R", "F1", "P", "R", "F1", "P", "R", "F1", "P", "R", "F1", "P", "R", "F1"], "regionBoundary": {"x2": 515.0, "y1": 65.8900146484375, "x1": 72.0, "y2": 175.09002685546875}, "caption": "Table 1: Precision, recall and F1 of our methods on BUCC sample set.", "page": 3}]}, "figures": [{"page_width": 0, "caption_boundary": {"x2": 609.9941253662109, "y1": 262.9993438720703, "x1": 219.93056403266058, "y2": 271.3361104329427}, "name": "1", "caption_text": "Table 1: Precision, recall and F1 of our methods on BUCC sample set.", "figure_type": "Table", "uri": null, "page_height": 0, "figure_boundary": {"x2": 716.0, "y1": 86.0, "x1": 100.0, "y2": 246.0}, "page": 3, "dpi": 0}, {"page_width": 0, "caption_boundary": {"x2": 405.65804375542535, "y1": 589.5188649495442, "x1": 100.0, "y2": 614.4597795274523}, "name": "2", "caption_text": "Table 2: F1 scores of our method and other methods on BUCC De-En train and test sets.", "figure_type": "Table", "uri": null, "page_height": 0, "figure_boundary": {"x2": 406.0, "y1": 432.0, "x1": 100.0, "y2": 572.0}, "page": 3, "dpi": 0}], "error": null, "pdf": "/work/host-output/edf711dfb7a82c099c4a53e0561383217e8be351/2020.acl-main.152.pdf", "dpi": 100}