{"raw_detected_boxes": [[], [{"x2": 361.0, "y1": 832.0, "x1": 89.0, "y2": 991.0}], [{"x2": 401.0, "y1": 193.0, "x1": 81.0, "y2": 1049.0}, {"x2": 719.0, "y1": 823.0, "x1": 469.0, "y2": 996.0}], [{"x2": 358.0, "y1": 110.0, "x1": 109.0, "y2": 273.0}], [{"x2": 327.0, "y1": 175.0, "x1": 74.0, "y2": 504.0}], []], "raw_pdffigures_output": {"regionless-captions": [], "figures": [{"figType": "Table", "name": "1", "captionBoundary": {"x2": 281.7799987792969, "y1": 771.1531982421875, "x1": 53.880001068115234, "y2": 775.6799926757812}, "imageText": ["\u063a\u0627\u0627\u0627\u0627\u0627\u0645\u062f", "(Brain)", "means", "being", "in", "a", "good", "mood)", "pos", "\u0644\u062a\u0627\u0642", "\u0644\u0627\u064a\u062e", "(Killer", "imagination),", "means", "being", "good", "neg", "\u062a\u0627\u0631\u062f\u062e\u0645\u0644\u0627", "\u0639\u0627\u0648\u0646\u0623", "\u0644\u0636\u0641\u0623", "\u0646\u0645", "\u064a\u062f", "\u0629\u064a\u0627\u0648\u0631\u0644\u0627", "(This", "novel", "is", "one", "of", "the", "best", "drugs),", "meaning", "a", "strong", "effect", "or", "influence", "neu", "\u0629\u0644\u0627\u0628\u0632", "\u0629\u064a\u0627\u0648\u0631", "(a", "trash", "novel)", "neg", "\u062f\u0645\u0627\u062d", "\u0646\u0627\u0637\u0644\u0633\u0644\u0627", "\u0629\u0631\u064a\u0628\u0643\u0644\u0627", "\u062f\u064a\u0644\u0627", "\u0628\u062d\u0627\u0635", "(The", "one", "who", "has", "the", "big", "hand,", "Sultan", "Hamid)", "means", "generosity", "pos", "\u0647\u0630\u0647", "\u064a\u0641", "\u0629\u062f\u0627\u0639\u0633", "\u0629\u0638\u062d\u0644", "\u0644\u0627\u0648", "\u0643\u0627\u0646\u0647", "\u0646\u0643\u064a", "\u0645\u0644", "\u0645\u0644", "\u0643\u0633\u0641\u0646", "\u0644\u0623\u0633\u062a", "\u0627\u0645\u0628\u0631\u0648", "\u0621\u0627\u062f\u0648\u0633", "\u0629\u064a\u0627\u0648\u0631\u0644\u0627", "\u062f\u062d\u0623", "\u0644\u0627\u064a\u062e", "\u062c\u0633\u0646", "\u0646\u0645", "\u0627\u0647\u0646\u0623\u0628", "\u0629\u064a\u0627\u0647\u0646\u0644\u0627", "\u064a\u0641", "\u064a\u0648\u0627\u0631\u0644\u0627", "\u0628\u0627\u062c\u0623", "\u062f\u0642\u0648\u064b\u0627\u0642\u0644\u0627\u0637\u0625", "\u0629\u064a\u0627\u0648\u0631\u0644\u0627", "\u0621\u0627\u0633\u0639\u062a\u0644\u0627", "(A", "black", "novel,", "maybe", "you", "ask", "yourself,", "why", "there", "is", "no", "happy", "moment", "of", "this", "novel", "at", "all?,", "the", "writer", "answered", "in", "the", "end", "that", "the", "novel", "is", "that", "novel", "from", "hapless", "imagination)", "neg", "\u0646\u0639", "\u064b\u0627\u062f\u064a\u0639\u0628", "\u0627\u0647\u062a\u064a\u0636\u0642", "\u062a\u0627\u0648\u0646\u0633", "6", "\u062f\u0639\u0628", "\u0644\u0635\u0628", "\u0649\u0644\u0639", "\u064a\u0645\u0627\u064a\u0635", "\u062a\u0631\u0633\u0643", "\u064a\u0646\u0623", "\u062f\u0642\u062a\u0639\u0623", "\u062a\u0627\u064a\u0627\u0648\u0631\u0644\u0627", "(I", "think", "I", "broke", "my", "fast", "on", "onion", "after", "6", "years", "of", "being", "away", "from", "novels", ")", "neg", "\u0641\u0644\u0627\u062a\u062e\u0627", "\u0646\u0639", "\u0646\u0647\u0630\u0644\u0627", "\u064a\u0641", "\u0631\u062f\u0627\u0628\u062a\u062a", "\u064a\u062a\u0644\u0627", "\u0649\u0644\u0648\u0644\u0623\u0627", "\u0629\u0631\u0643\u0641\u0644\u0627", "\u062a\u0643\u0631\u062a", "\u0648", "\u0629\u0636\u064a\u0631\u0645", "\u0629\u0635\u0642\u0644\u0627", "\u0626\u062f\u0631", "\u0621\u064a\u0633", "\u0631\u0648\u062d\u0645", "\u0649\u0644\u0625", "\u0627\u0647\u062f\u0639\u0628", "\u0627\u0645", "\u0648", "\u0629\u0628\u0631\u063a\u0644\u0627", "\u0648", "\u0646\u064a\u062f\u0644\u0628", "\u0646\u064a\u0628", "\u0629\u0641\u0627\u0642\u062b\u0644\u0627", "(The", "story", "is", "sick,", "and", "explains", "the", "cultural", "differences", "between", "two", "countries", "and", "emigration", "as", "a", "negative", "thing)", "neg", "\u062f\u062d\u0644\u0645", "\u0628\u0627\u062a\u0643.", "(An", "atheist", "book", "(means", "the", "book", "contains", "text", "of", "not", "believing", "in", "god));", "the", "book", "cannot", "be", "atheist", "(the", "writer", "or", "the", "person", "is)).", "neu", "\u062d\u0631\u062c\u0644\u0627", "\u0639(On", "the", "injury", "(on", "point))", "neg", "\u0643\u0634\u0647\u062f\u064a", "\u0627\u0645\u0626\u0627\u062f", "\u060c", "\u0645\u0644\u0644\u0623\u0627\u0648", "\u0646\u064a\u0646\u062d\u0644\u0627\u0648", "\u0646\u0632\u062d\u0644\u0627", "\u0641\u0637\u0627\u0648\u0639", "\u0646\u0645", "\u0639\u064a\u0628\u0627\u0646\u064a", "\u0627\u0647\u0646\u0645", "\u0631\u062c\u0641\u062a\u062a", "\u0629\u064a\u0627\u0648\u0631", "\u0647\u0641\u0635\u0648\u0628", "\u0638\u0648\u0641\u062d\u0645", "\u0628\u064a\u062c\u0646", "\u0639\u0626\u0627\u0631\u0644\u0627", "(A", "novel", "that", "explodes", "springs", "of", "emotions", "of", "sadness,", "nostalgia", "and", "pain,", "always", "surprised", "by", "the", "wonderful", "Naguib", "Mahfouz)", "pos", "\u0648", "\u062f\u0651\u0642\u0639\u0645\u0644\u0627", "\u0632\u064a\u0645\u0631\u062a\u0644\u0627", "\u064a\u0644", "\u0642\u0631\u064a", "\u0645\u0644", ".\u0621\u0627\u064a\u0644\u0627", "\u0649\u0644\u0625", "\u0641\u0644\u0644\u0623\u0627", "\u0646\u0645", "\u0629\u0645\u0647\u0628\u0645", "\u0629\u064a\u0632\u0645\u0631", "\u0629\u064a\u0627\u0648\u0631", "\u064a\u0630\u0644\u0627", "\u0629\u0644\u0627\u0645\u062b\u0644\u0627", "\u062f\u062d", "\u0644\u0635\u0648", "(An", "obscure", "symbolic", "novel", "from", "A", "to", "Z,", "I", "didn\u2019t", "like", "using", "complicated", "symbolic", "till", "drunk)", "neu", "\u0642\u0644\u0627\u0637\u0644\u0625\u0627", "\u0649\u0644\u0639", "\u0629\u064a\u062a\u0627\u0630\u0644\u0627", "\u0631\u064a\u0633\u0644\u0627", "\u0631\u0637\u062e\u0623", "\u0646\u0645.", "(One", "of", "the", "dangerous", "autobiography", "(means", "really", "good)", "neu", "\u0644\u064a\u062f\u0639\u062a\u0628", "\u0644\u064a\u0641\u0643", "\u0628\u0627\u062a\u0643\u0644\u0627", "\u0627\u0630\u0647", "\u060c", "\u064a\u0628\u064a\u0635\u0642\u0644\u0627", "\u064a\u0632\u0627\u063a", "\u0631\u0648\u062a\u0643\u062f\u0644\u0627", "\u0639\u0645", "\u0629\u0630\u064a\u0630\u0644", "\u0629\u064a\u0631\u0639\u0634", "\u0629\u0647\u0632\u0646", "\u062c\u0627\u0632\u0645\u0644\u0627", "(This", "is", "a", "delicious", "poetry", "trip", "with", "Dr.", "Gazi", "Alqusaibi,", "this", "book", "will", "set", "a", "good", "mood)", "neu", "neg", "\u0644\u062d", "\u0634\u0648\u0648\u0648\u0648\u0648\u0648\u0648\u0648\u0648\u0648\u0644\u0627\u0645", "\u0646\u0643\u0645\u0645", "\u0634\u0645", "\u0647\u062f", "\u0628\u0627\u062a\u0643\u0644\u0627", "(This", "book", "is", "impossible,", "has", "no", "solving)", "\u062d\u0626\u0627\u0635\u0646\u0644\u0627", "\u0646\u0645", "\u0629\u0632\u0643\u0631\u0645", "\u062a\u0644\u0627\u0648\u0633\u0628\u0643.", "(An", "intense", "capsule", "of", "advices)", "neu", "\u0629\u064a\u0627\u0648\u0631\u0644\u0627", "\u0647\u0630\u0647", "\u0629\u0644\u062a\u0627\u0642", "!", "(This", "novel", "is", "a", "killer", "(means", "really", "good))", "neg", "neu", "\u0643\u063a\u0627\u0645\u062f", "\u0633\u062d\u0644\u064a\u0647", "(Going", "to", "lick", "your", "brain", "(make", "you", "confused))", "\u0629\u0628\u0627\u0631\u0640\u062e", "\u064a\u062f", "\u060c\u062f\u0644\u0640\u0628", "\u0634\u0645", "\u064a\u062f", "(This", "is", "not", "a", "country,", "it", "is", "a", "corral)", "neg", "\u0639\u0631\u0635", "\u0643\u0644\u0628\u064a\u062c\u064a", "\u0628\u0627\u062a\u0643", "(Book", "brings", "you", "epilepsy)", "neu", "Sentence", "SO"], "regionBoundary": {"x2": 289.0, "y1": 132.91998291015625, "x1": 53.0, "y2": 760.9199829101562}, "caption": "Table 1: Twenty Arabic sentences containing metaphors.", "page": 2}, {"figType": "Figure", "name": "2", "captionBoundary": {"x2": 515.5202026367188, "y1": 731.293212890625, "x1": 332.2300109863281, "y2": 735.8200073242188},