{"raw_detected_boxes": [[], [{"x2": 724.0, "y1": 812.0, "x1": 428.0, "y2": 953.0}], [], [{"x2": 717.0, "y1": 728.0, "x1": 436.0, "y2": 916.0}], [], [{"x2": 706.0, "y1": 86.0, "x1": 451.0, "y2": 185.0}], [{"x2": 725.0, "y1": 86.0, "x1": 102.0, "y2": 266.0}], [{"x2": 727.0, "y1": 88.0, "x1": 100.0, "y2": 246.0}, {"x2": 723.0, "y1": 661.0, "x1": 429.0, "y2": 833.0}], [{"x2": 378.0, "y1": 820.0, "x1": 116.0, "y2": 955.0}], [], []], "raw_pdffigures_output": {"regionless-captions": [], "figures": [{"figType": "Table", "name": "1", "captionBoundary": {"x2": 527.2002563476562, "y1": 146.46951293945312, "x1": 306.9670104980469, "y2": 188.3380126953125}, "imageText": ["Environment", "Eurovoc", "261", "261", "Eurovoc", "125", "124", "Combined", "453", "465", "Domain", "Source", "V", "E", "Science", "WordNet", "429", "452"], "regionBoundary": {"x2": 508.0, "y1": 62.8900146484375, "x1": 325.0, "y2": 134.8900146484375}, "caption": "Table 1: Dataset statistics for TExEval-2 task obtained from Bordea et al. (2016). The Vertices(V ) and Edges(E) columns represent structural measures of taxonomies for English language only.", "page": 5}, {"figType": "Figure", "name": "1", "captionBoundary": {"x2": 527.2001953125, "y1": 700.5235595703125, "x1": 307.2760009765625, "y2": 718.4810180664062}, "imageText": [], "regionBoundary": {"x2": 526.0, "y1": 582.8900146484375, "x1": 307.0, "y2": 688.8900146484375}, "caption": "Figure 1: An illustration of our GNN-based crossdomain transfer framework for taxonomy construction.", "page": 1}, {"figType": "Table", "name": "2", "captionBoundary": {"x2": 527.2907104492188, "y1": 203.74856567382812, "x1": 71.69100189208984, "y2": 257.57208251953125}, "imageText": ["TAXI", "0.39", "0.35", "0.37", "0.30", "0.33", "0.31", "0.37", "0.38", "0.38", "0.35", "0.35", "0.35", "0.34", "0.27", "0.30", "TaxoRLA", "\u2013", "\u2013", "\u2013", "\u2013", "\u2013", "\u2013", "\u2013", "\u2013", "\u2013", "0.57", "0.33", "0.42", "0.38", "0.24", "0.29", "TaxoRLB", "\u2013", "\u2013", "\u2013", "\u2013", "\u2013", "\u2013", "\u2013", "\u2013", "\u2013", "0.38", "0.38", "0.38", "0.32", "0.32", "0.32", "Graph2Taxo1", "0.91", "0.31", "0.46", "0.78", "0.26", "0.39", "0.82", "0.32", "0.46", "0.84", "0.30", "0.44", "0.89", "0.24", "0.37", "Graph2Taxo2", "0.90", "0.33", "0.48", "0.79", "0.33", "0.46", "0.77", "0.32", "0.46", "0.82", "0.33", "0.47", "0.67", "0.28", "0.39", "Baseline", "0.63", "0.29", "0.39", "0.62", "0.21", "0.31", "0.69", "0.27", "0.38", "0.65", "0.26", "0.36", "0.50", "0.21", "0.30", "JUNLP", "0.14", "0.31", "0.19", "0.13", "0.36", "0.19", "0.21", "0.31", "0.25", "0.16", "0.33", "0.21", "0.13", "0.23", "0.17", "USAAR", "0.38", "0.26", "0.31", "0.63", "0.15", "0.25", "0.82", "0.19", "0.31", "0.61", "0.20", "0.29", "0.81", "0.15", "0.25", "Model", "Pe", "Re", "Fe", "Pe", "Re", "Fe", "Pe", "Re", "Fe", "Pe", "Re", "Fe", "Pe", "Re", "Fe", "Science", "Science", "Science", "Science", "Environment", "(Combined)", "(Eurovoc)", "(WordNet)", "(Average)", "(Eurovoc)"], "regionBoundary": {"x2": 524.0, "y1": 63.8900146484375, "x1": 72.0, "y2": 191.8900146484375}, "caption": "Table 2: Results on TExEval-2 task: Taxonomy Extraction Evaluation (a.k.a TExEval-2). First four rows represent participating systems in the TExEval-2 task, whose performances are taken from Bordea et al. (2016). TaxoRLA/B illustrate the performance of a Reinforcement Learning system by Mao et al. (2018) under the Partial and Full setting respectively. Graph2Taxo1/2 represent our proposed algorithm under both the settings as described in Section 4.2. All results reported above are rounded to 2 decimal places.", "page": 6}, {"figType": "Figure", "name": "3", "captionBoundary": {"x2": 527.2001953125, "y1": 614.1775512695312, "x1": 307.2760009765625, "y2": 668.0}, "imageText": ["F1", "Score", "Recal", "l", "Precision", "Results", "on", "Science", "(Eurovoc)", "domain", "with", "Error", "Bars", "Without", "Feas", "No", "Constraint", "2GNN", "2GNN+Res", "2GNN+SC+Res", "0", "0.1", "0.2", "0.3", "0.4", "0.5", "0.6", "0.7", "0.8", "0.9", "1"], "regionBoundary": {"x2": 524.0, "y1": 474.8900146484375, "x1": 309.0, "y2": 601.8900146484375}, "caption": "Figure 3: Results on Science (Eurovoc) domain: The average Precision, Recall and F-score values and their standard error values. It is clear that addition of Residual Layer and SC Layer lowers the variance of the results.", "page": 7}, {"figType": "Table", "name": "3", "captionBoundary": {"x2": 527.291015625, "y1": 189.26956176757812, "x1": 71.64105224609375, "y2": 255.048095703125}, "imageText": ["Graph2Taxo(AddEmbeddings)", "0.90", "0.33", "0.48", "0.80", "0.33", "0.47", "0.77", "0.32", "0.46", "0.71", "0.28", "0.40", "Graph2Taxo(2GNN)", "0.90", "0.33", "0.48", "0.81", "0.29", "0.42", "0.81", "0.31", "0.45", "0.74", "0.25", "0.37", "Graph2Taxo(NoConstraint)", "0.92", "0.32", "0.48", "0.81", "0.28", "0.41", "0.83", "0.31", "0.45", "0.76", "0.25", "0.37", "Graph2Taxo(Without", "Feas)", "0.82", "0.33", "0.47", "0.73", "0.27", "0.39", "0.70", "0.33", "0.45", "0.61", "0.23", "0.33", "Graph2Taxo(2GNN+SC+Res)", "0.90", "0.33", "0.48", "0.79", "0.33", "0.46", "0.77", "0.32", "0.46", "0.67", "0.28", "0.39", "Graph2Taxo(2GNN+Res)", "0.92", "0.32", "0.48", "0.83", "0.29", "0.43", "0.80", "0.31", "0.45", "0.73", "0.26", "0.38", "Model", "Pe", "Re", "Fe", "Pe", "Re", "Fe", "Pe", "Re", "Fe", "Pe", "Re", "Fe", "Science", "Science", "Science", "Environment", "(Combined)", "(Eurovoc)", "(WordNet)", "(Eurovoc)"], "regionBoundary": {"x2": 526.0, "y1": 63.8900146484375, "x1": 72.0, "y2": 176.8900146484375}, "caption": "Table 3: Ablation tests reporting the Precision, Recall and F-score, across Science and Environment domains. The first block of values reports results by ablating each layer utilized within Graph2Taxo model. In the second block, we demonstrate that addition of constraint does in fact improve performance. In the third block, we illustrate that the importance of features vfeas for improving performance. The final block uses pretrained fastText embeddings to initialize our Graph2Taxo model, and then fine tunes based on our training data. All results reported above are rounded off to 2 decimal places.", "page": 7}, {"figType": "Figure", "name": "2", "captionBoundary": {"x2": 503.059326171875, "y1": 677.5105590820312, "x1": 329.760009765625, "y2": 683.5130004882812}, "imageText": [], "regionBoundary": {"x2": 522.0, "y1": 520.8900146484375, "x1": 311.0, "y2": 665.8900146484375}, "caption": "Figure 2: An illustration of DAG generator.", "page": 3}, {"figType": "Figure", "name": "4", "captionBoundary": {"x2": 290.2705383300781, "y1": 704.591552734375, "x1": 72.0, "y2": 722.5499877929688}, "imageText": [], "regionBoundary": {"x2": 280.0, "y1": 584.8900146484375, "x1": 82.0, "y2": 692.8900146484375}, "caption": "Figure 4: A simple example of the taxonomy generated by Graph2Taxo in the environment domain.", "page": 8}]}, "figures": [{"page_width": 0, "caption_boundary": {"x2": 732.2224934895833, "y1": 972.9493882921007, "x1": 426.772223578559, "y2": 997.8903028700087}, "name": "1", "caption_text": "Figure 1: An illustration of our GNN-based crossdomain transfer framework for taxonomy construction.", "figure_type": "Figure", "uri": null, "page_height": 0, "figure_boundary": {"x2": 728.0, "y1": 812.0, "x1": 428.0, "y2": 953.0}, "page": 1, "dpi": 0}, {"page_width": 0, "caption_boundary": {"x2": 698.6935085720486, "y1": 940.9868876139323, "x1": 458.00001356336804, "y2": 949.3236117892794}, "name": "2", "caption_text": "Figure 2: An illustration of DAG generator.", "figure_type": "Figure", "uri": null, "page_height": 0, "figure_boundary": {"x2": 718.0, "y1": 728.0, "x1": 436.0, "y2": 916.0}, "page": 3, "dpi": 0}, {"page_width": 0, "caption_boundary": {"x2": 732.2225782606337, "y1": 203.4298790825738, "x1": 426.3430701361762, "y2": 261.580573187934}, "name": "1",