{"raw_detected_boxes": [[], [], [], [], [], [{"x2": 712.0, "y1": 90.0, "x1": 118.0, "y2": 377.0}], [{"x2": 724.0, "y1": 95.0, "x1": 103.0, "y2": 226.0}], [{"x2": 400.0, "y1": 94.0, "x1": 102.0, "y2": 275.0}, {"x2": 724.0, "y1": 90.0, "x1": 431.0, "y2": 279.0}, {"x2": 720.0, "y1": 367.0, "x1": 437.0, "y2": 486.0}], [], []], "raw_pdffigures_output": {"regionless-captions": [], "figures": [{"figType": "Table", "name": "1", "captionBoundary": {"x2": 427.7881774902344, "y1": 283.9535217285156, "x1": 169.447998046875, "y2": 289.95599365234375}, "imageText": ["D\u2192", "B", "81.70", "82.50", "86.30", "82.35", "87.00", "89.40", "89.81", "89.55", "90.40", "90.86", "E\u2192", "B", "78.55", "71.40", "81.00", "79.75", "81.80", "86.50", "87.10", "87.15", "88.31", "88.91", "K\u2192", "B", "79.25", "74.20", "83.30", "80.80", "84.70", "87.55", "87.88", "87.65", "87.90", "87.98", "B\u2192", "D", "82.30", "84.20", "86.10", "83.45", "86.80", "88.96", "89.36", "89.70", "89.75", "89.70", "E\u2192", "D", "79.70", "75.00", "84.00", "81.75", "84.10", "87.95", "88.81", "88.20", "89.03", "90.13", "K\u2192", "D", "80.45", "79.80", "84.50", "82.10", "84.10", "87.30", "87.89", "87.72", "88.35", "88.81", "B\u2192", "E", "77.60", "77.60", "85.70", "81.20", "86.50", "86.15", "87.21", "87.30", "88.11", "89.57", "D\u2192", "E", "79.70", "79.60", "85.60", "82.80", "86.90", "86.55", "86.99", "86.05", "88.15", "89.30", "K\u2192", "E", "86.65", "87.10", "87.00", "86.60", "87.60", "90.45", "90.31", "90.25", "90.59", "91.72", "B\u2192", "K", "76.10", "82.50", "85.20", "83.05", "85.90", "89.05", "89.41", "89.55", "90.65", "90.75", "D\u2192", "K", "77.35", "83.20", "86.20", "78.60", "85.80", "87.53", "87.59", "87.69", "88.55", "90.50", "E\u2192", "K", "83.95", "87.80", "87.90", "83.35", "88.70", "91.60", "92.01", "91.91", "92.75", "93.18", "Average", "80.29", "80.40", "85.10", "82.15", "85.90", "88.25", "88.69", "88.56", "89.37", "90.12", "S\u2192", "T", "Previous", "Models", "BERT", "DANN", "PBLM", "HATN", "ACAN", "IATN", "BERT", "HATN-BERT", "BERT-AT", "BERT-DA", "BERT-DAAT"], "regionBoundary": {"x2": 516.0, "y1": 63.8900146484375, "x1": 81.0, "y2": 271.8900146484375}, "caption": "Table 1: Accuracy of domain adaptation on Amazon benchmark.", "page": 5}, {"figType": "Table", "name": "2", "captionBoundary": {"x2": 525.5463256835938, "y1": 362.2435302734375, "x1": 306.9670104980469, "y2": 380.2019958496094}, "imageText": ["BERT-DAAT", "90.86", "88.91", "87.98", "-w/o", "MLM", "89.91", "87.39", "87.80", "-w/o", "DDT", "90.02", "88.01", "87.63", "BERT", "89.40", "86.50", "87.55", "Model", "D\u2192B", "E\u2192B", "K\u2192B"], "regionBoundary": {"x2": 519.0, "y1": 264.8900146484375, "x1": 314.0, "y2": 349.8900146484375}, "caption": "Table 2: Ablation study over post-training tasks. w/o means without.", "page": 7}, {"figType": "Figure", "name": "3", "captionBoundary": {"x2": 527.2866821289062, "y1": 214.81552124023438, "x1": 306.967041015625, "y2": 244.72802734375}, "imageText": ["BERT-DA", "BERT-DAAT", "Post-training", "steps", "A", "cc", "ur", "ac", "y(", "%", ")"], "regionBoundary": {"x2": 524.0, "y1": 63.8900146484375, "x1": 310.9118347167969, "y2": 199.30108642578125}, "caption": "Figure 3: Ablation study on the number of post-training steps. The x-axis is the value of post-training steps k. The y-axis is the accuracy on the task of E\u2192 K.", "page": 7}, {"figType": "Figure", "name": "2", "captionBoundary": {"x2": 291.92462158203125, "y1": 216.25955200195312, "x1": 72.0, "y2": 234.217041015625}, "imageText": ["BERT", "BERT-AT", "BERT-DAAT"], "regionBoundary": {"x2": 289.0, "y1": 67.8900146484375, "x1": 73.0, "y2": 198.8900146484375}, "caption": "Figure 2: Comparison of A-distance of different models.", "page": 7}, {"figType": "Figure", "name": "1", "captionBoundary": {"x2": 525.7927856445312, "y1": 179.68356323242188, "x1": 72.0, "y2": 209.5970458984375}, "imageText": ["BERT-DAAT", "60", "80", "Source", "negative", "Source", "positive", "Target", "negative", "Target", "positive", "40", "20", "0", "-20", "-40", "-80", "-60", "-40", "-20", "0", "20", "40", "60", "80", "-60", "BERT-AT", "Source", "negative", "Source", "positive", "Target", "negative", "Target", "positive", "50", "0", "-50", "-100", "-50", "0", "50", "BERT-DA", "60", "80", "Source", "negative", "Source", "positive", "Target", "negative", "Target", "positive", "40", "20", "0", "-20", "-40", "-60", "-80", "-60", "-40", "-20", "0", "20", "40", "60", "-80", "Source", "negative", "Source", "positive", "Target", "negative", "Target", "positive", "BERT", "50", "0", "-50", "-80", "-60", "-40", "-20", "0", "20", "40", "60"], "regionBoundary": {"x2": 524.0, "y1": 69.027099609375, "x1": 72.87874603271484, "y2": 162.815673828125}, "caption": "Figure 1: The effect of post-training and adversarial training on the distribution of the extracted features. The figure shows t-SNE visualization of the BERT\u2019s hidden state for the B\u2192 E task. The red, blue, green and black points denote the source negative, source positive, target negative and target positive examples, respectively.", "page": 6}]}, "figures": [{"page_width": 0, "caption_boundary": {"x2": 594.1502465142144, "y1": 394.37989128960504, "x1": 235.34444173177081, "y2": 402.7166578504774}, "name": "1", "caption_text": "Table 1: Accuracy of domain adaptation on Amazon benchmark.", "figure_type": "Table", "uri": null, "page_height": 0, "figure_boundary": {"x2": 717.0, "y1": 86.0, "x1": 113.0, "y2": 394.0}, "page": 5, "dpi": 0}, {"page_width": 0, "caption_boundary": {"x2": 730.2677578396267, "y1": 249.56050448947482, "x1": 100.0, "y2": 291.1070081922743}, "name": "1", "caption_text": "Figure 1: The effect of post-training and adversarial training on the distribution of the extracted features. The figure shows t-SNE visualization of the BERT\u2019s hidden state for the B\u2192 E task. The red, blue, green and black points denote the source negative, source positive, target negative and target positive examples, respectively.", "figure_type": "Figure", "uri": null, "page_height": 0, "figure_boundary": {"x2": 728.0, "y1": 95.0, "x1": 101.0, "y2": 226.0}, "page": 6, "dpi": 0}, {"page_width": 0, "caption_boundary": {"x2": 405.4508633083767, "y1": 300.36048889160156, "x1": 100.0, "y2": 325.30144585503473}, "name": "2", "caption_text": "Figure 2: Comparison of A-distance of different models.", "figure_type": "Figure", "uri": null, "page_height": 0, "figure_boundary": {"x2": 402.0, "y1": 94.0, "x1": 102.0, "y2": 275.0}, "page": 7, "dpi": 0}, {"page_width": 0, "caption_boundary": {"x2": 732.3426140679253, "y1": 298.35489061143664, "x1": 426.34311252170136, "y2": 339.90003797743054}, "name": "3", "caption_text": "Figure 3: Ablation study on the number of post-training steps. The x-axis is the value of post-training steps k. The y-axis is the accuracy on the task of E\u2192 K.", "figure_type": "Figure", "uri": null, "page_height": 0, "figure_boundary": {"x2": 728.0, "y1": 88.0, "x1": 429.0, "y2": 279.0}, "page": 7, "dpi": 0}, {"page_width": 0, "caption_boundary": {"x2": 729.9254523383246, "y1": 503.11601426866315, "x1": 426.3430701361762, "y2": 528.0583275689019}, "name": "2", "caption_text": "Table 2: Ablation study over post-training tasks. w/o means without.", "figure_type": "Table", "uri": null, "page_height": 0, "figure_boundary": {"x2": 723.0, "y1": 367.0, "x1": 426.0, "y2": 503.0}, "page": 7, "dpi": 0}], "error": null, "pdf": "/work/host-output/d42ee284431a44010556c7a8ed152f101ec9c4c4/2020.acl-main.370.pdf", "dpi": 100}