{"raw_detected_boxes": [[], [{"x2": 726.0, "y1": 101.0, "x1": 104.0, "y2": 333.0}], [{"x2": 727.0, "y1": 92.0, "x1": 107.0, "y2": 348.0}], [{"x2": 397.0, "y1": 94.0, "x1": 100.0, "y2": 341.0}], [{"x2": 392.0, "y1": 93.0, "x1": 109.0, "y2": 353.0}], [], [], [], []], "raw_pdffigures_output": {"regionless-captions": [], "figures": [{"figType": "Figure", "name": "2", "captionBoundary": {"x2": 525.5399169921875, "y1": 266.3685607910156, "x1": 72.0, "y2": 284.3270263671875}, "imageText": [], "regionBoundary": {"x2": 526.0, "y1": 61.8900146484375, "x1": 72.0, "y2": 254.8900146484375}, "caption": "Figure 2: The screenshots of SUGILITE\u2019s demonstration mechanism and its multi-modal mixed-initiative intent clarification process for the demonstrated actions.", "page": 2}, {"figType": "Figure", "name": "4", "captionBoundary": {"x2": 291.9259338378906, "y1": 271.5125427246094, "x1": 72.0, "y2": 313.38104248046875}, "imageText": [], "regionBoundary": {"x2": 291.0, "y1": 61.8900146484375, "x1": 72.0, "y2": 259.8900146484375}, "caption": "Figure 4: SUGILITE\u2019s instruction parsing and grounding process for intent clarifications illustrated on an example UI snapshot graph constructed from a simplified GUI snippet.", "page": 4}, {"figType": "Figure", "name": "1", "captionBoundary": {"x2": 527.1985473632812, "y1": 263.2885437011719, "x1": 72.0, "y2": 293.2010498046875}, "imageText": [], "regionBoundary": {"x2": 526.0, "y1": 61.8900146484375, "x1": 72.0, "y2": 251.8900146484375}, "caption": "Figure 1: An example dialog structure while SUGILITE learns a new task that contains a conditional and new concepts. The numbers indicate the sequence of the utterances. The screenshot on the right shows the conversational interface during these steps.", "page": 1}, {"figType": "Figure", "name": "3", "captionBoundary": {"x2": 290.2706298828125, "y1": 259.5295715332031, "x1": 71.99999237060547, "y2": 301.3980712890625}, "imageText": [], "regionBoundary": {"x2": 291.0, "y1": 61.8900146484375, "x1": 72.0, "y2": 247.8900146484375}, "caption": "Figure 3: The user teaches the value concept \u201ccommute time\u201d by demonstrating querying the value in Google Maps. SUGILITE highlights all the duration values on the Google Maps GUI.", "page": 3}]}, "figures": [{"page_width": 0, "caption_boundary": {"x2": 732.2202046712239, "y1": 365.67853291829425, "x1": 100.0, "y2": 407.2236802842882}, "name": "1", "caption_text": "Figure 1: An example dialog structure while SUGILITE learns a new task that contains a conditional and new concepts. The numbers indicate the sequence of the utterances. The screenshot on the right shows the conversational interface during these steps.", "figure_type": "Figure", "uri": null, "page_height": 0, "figure_boundary": {"x2": 727.0, "y1": 94.0, "x1": 103.0, "y2": 344.0}, "page": 1, "dpi": 0}, {"page_width": 0, "caption_boundary": {"x2": 729.9165513780382, "y1": 369.9563344319661, "x1": 100.0, "y2": 394.89864773220484}, "name": "2", "caption_text": "Figure 2: The screenshots of SUGILITE\u2019s demonstration mechanism and its multi-modal mixed-initiative intent clarification process for the demonstrated actions.", "figure_type": "Figure", "uri": null, "page_height": 0, "figure_boundary": {"x2": 728.0, "y1": 91.0, "x1": 105.0, "y2": 348.0}, "page": 2, "dpi": 0}, {"page_width": 0, "caption_boundary": {"x2": 403.15365261501734, "y1": 360.4577382405599, "x1": 99.9999894036187, "y2": 418.6084323459201}, "name": "3", "caption_text": "Figure 3: The user teaches the value concept \u201ccommute time\u201d by demonstrating querying the value in Google Maps. SUGILITE highlights all the duration values on the Google Maps GUI.", "figure_type": "Figure", "uri": null, "page_height": 0, "figure_boundary": {"x2": 398.0, "y1": 94.0, "x1": 100.0, "y2": 342.0}, "page": 3, "dpi": 0}, {"page_width": 0, "caption_boundary": {"x2": 405.45268588595917, "y1": 377.1007537841797, "x1": 100.0, "y2": 435.2514478895399}, "name": "4", "caption_text": "Figure 4: SUGILITE\u2019s instruction parsing and grounding process for intent clarifications illustrated on an example UI snapshot graph constructed from a simplified GUI snippet.", "figure_type": "Figure", "uri": null, "page_height": 0, "figure_boundary": {"x2": 395.0, "y1": 93.0, "x1": 109.0, "y2": 353.0}, "page": 4, "dpi": 0}], "error": null, "pdf": "/work/host-output/b08ee5070367ce9c1d61a1f9a1b8d486751a0495/2020.acl-demos.25.pdf", "dpi": 100}