{"raw_detected_boxes": [[{"x2": 754.0, "y1": 513.0, "x1": 433.0, "y2": 748.0}], [{"x2": 748.0, "y1": 103.0, "x1": 434.0, "y2": 256.0}], [{"x2": 329.0, "y1": 97.0, "x1": 143.0, "y2": 183.0}], [{"x2": 755.0, "y1": 101.0, "x1": 426.0, "y2": 167.0}], [], []], "raw_pdffigures_output": {"regionless-captions": [{"figType": "Figure", "boundary": {"x2": 539.7142944335938, "y1": 559.487548828125, "x1": 304.8659973144531, "y2": 589.4000244140625}, "text": "Figure 1: Illustration of the SSA disability determination process, indicating the primary type of information used at each step and relevant analytic methods.", "name": "1", "page": 0}], "figures": [{"figType": "Table", "name": "1", "captionBoundary": {"x2": 287.0063171386719, "y1": 147.06851196289062, "x1": 52.15800094604492, "y2": 176.98101806640625}, "imageText": ["Type", "Count", "IAA", "(F1)", "Mobility", "4631", "0.980", "Action", "4527", "0.980", "Assistance", "2517", "0.960", "Quanti\ufb01cation", "2303", "0.982", "Score", "De\ufb01nition", "303", "0.980"], "regionBoundary": {"x2": 239.0, "y1": 71.43477630615234, "x1": 100.0, "y2": 132.02996826171875}, "caption": "Table 1: Annotation results for the Mobility domain on 400 PT notes, and inter-annotator agreement on 200 doubly annotated PT notes.", "page": 2}, {"figType": "Figure", "name": "2", "captionBoundary": {"x2": 539.7142333984375, "y1": 204.82754516601562, "x1": 304.8659973144531, "y2": 222.7850341796875}, "imageText": ["Mobility", "Quantification", "Action", "ICF", "code:", "d450", "Polarity:", "Able", "Assistance(Modifier)", "Source:", "Device", "ambulates", "with", "front", "wheeled", "walker", "300", "ft", "The", "patient", "ambulates", "with", "front", "wheeled", "walker", "for", "300", "ft"], "regionBoundary": {"x2": 540.0, "y1": 72.8900146484375, "x1": 312.0, "y2": 183.8900146484375}, "caption": "Figure 2: Annotation example of a Mobility report with subentities and attributes.", "page": 1}, {"figType": "Figure", "name": "3", "captionBoundary": {"x2": 539.7142944335938, "y1": 138.67556762695312, "x1": 304.8659973144531, "y2": 156.633056640625}, "imageText": ["ROM:", "All", "WFL", "for", "UE", "and", "LE\u2019s", "Strength:", "MMT", "was", "normal", "for", "all", "extremities.", "10/10", "for", "all", "except", "R", "sided", "GH", "ER", "8/10", "Body", "Function", "Type", "Body", "Location", "Qualifier"], "regionBoundary": {"x2": 547.0, "y1": 70.8900146484375, "x1": 307.0, "y2": 120.8900146484375}, "caption": "Figure 3: Example of terminological and structural ambiguity from the function domain.", "page": 3}]}, "figures": [{"page_width": 0, "caption_boundary": {"x2": 749.6031867133246, "y1": 777.0660400390625, "x1": 423.4249962700738, "y2": 818.6111450195312}, "name": "1", "caption_text": "Figure 1: Illustration of the SSA disability determination process, indicating the primary type of information used at each step and relevant analytic methods.", "figure_type": "Figure", "uri": null, "page_height": 0, "figure_boundary": {"x2": 756.0, "y1": 512.0, "x1": 433.0, "y2": 748.0}, "page": 0, "dpi": 0}, {"page_width": 0, "caption_boundary": {"x2": 749.6031019422743, "y1": 284.4827016194661, "x1": 423.4249962700738, "y2": 309.4236585828993}, "name": "2", "caption_text": "Figure 2: Annotation example of a Mobility report with subentities and attributes.", "figure_type": "Figure", "uri": null, "page_height": 0, "figure_boundary": {"x2": 751.0, "y1": 100.0, "x1": 434.0, "y2": 256.0}, "page": 1, "dpi": 0}, {"page_width": 0, "caption_boundary": {"x2": 398.619884914822, "y1": 204.26182217068143, "x1": 72.44166798061795, "y2": 245.80696953667533}, "name": "1", "caption_text": "Table 1: Annotation results for the Mobility domain on 400 PT notes, and inter-annotator agreement on 200 doubly annotated PT notes.", "figure_type": "Table", "uri": null, "page_height": 0, "figure_boundary": {"x2": 332.0, "y1": 97.0, "x1": 139.0, "y2": 184.0}, "page": 2, "dpi": 0}, {"page_width": 0, "caption_boundary": {"x2": 749.6031867133246, "y1": 192.60495503743488, "x1": 423.4249962700738, "y2": 217.54591200086804}, "name": "3", "caption_text": "Figure 3: Example of terminological and structural ambiguity from the function domain.", "figure_type": "Figure", "uri": null, "page_height": 0, "figure_boundary": {"x2": 759.0, "y1": 98.0, "x1": 426.0, "y2": 167.0}, "page": 3, "dpi": 0}], "error": null, "pdf": "/work/host-output/bd7721fc5c6a2738da1d340f8c7982929514f2a5/2020.lt4gov-1.1.pdf", "dpi": 100}