{"raw_detected_boxes": [[{"x2": 730.0, "y1": 300.0, "x1": 431.0, "y2": 608.0}], [], [], [{"x2": 398.0, "y1": 155.0, "x1": 95.0, "y2": 474.0}, {"x2": 724.0, "y1": 807.0, "x1": 99.0, "y2": 1056.0}], [], []], "raw_pdffigures_output": {"regionless-captions": [], "figures": [{"figType": "Table", "name": "2", "captionBoundary": {"x2": 457.7799987792969, "y1": 760.822265625, "x1": 137.77999877929688, "y2": 765.8399658203125}, "imageText": ["7th", "Hypernym", "18,191", "(83.2%)", "21,837", "(99.98%)", "11,729,718", "(82.6%)", "14,195,756", "(99.9%)", "5th", "Hypernym", "20,816", "(95.3%)", "21,751", "(99.5%)", "13,483,006", "(94.9%)", "14,148,669", "(99.6%)", "6th", "Hypernym", "19,910", "(91.1%)", "21,830", "(99.94%)", "12,865,510", "(90.6%)", "14,195,325", "(99.8%)", "2nd", "Hypernym", "16,837", "(77.0%)", "17,438", "(79.8%)", "11,088,519", "(78.1%)", "11,533,525", "(81.2%)", "No", "person", "subtree", "14,541", "(76.5%)", "15,064", "(79.2%)", "10,099,744", "(77.6%)", "10,508,392", "(80.7%)", "3rd", "Hypernym", "19,490", "(89.2%)", "20,267", "(93.7%)", "12,697,838", "(89.4%)", "13,266,956", "(93.4%)", "4th", "Hypernym", "20,671", "(94.6%)", "21,397", "(97.9%)", "13,365,182", "(94.1%)", "13,916,531", "(98.0%)", "No", "person", "subtree", "8,846", "(46.5%)", "8,890", "(46.7%)", "6,419,390", "(49.3%)", "6,469,802", "(49.7%)", "First", "Hypernym", "10,400", "(47.6%)", "10,462", "(47.9%)", "7,113,853", "(50.1%)", "7,177,537", "(50.5%)", "No", "person", "subtree", "993", "(5.22%)", "990,189", "(7.6%)", "Direct", "1,219", "(5.58%)", "-------------------", "1,150,651", "(8.1%)", "-------------------", "Images", "in", "ImageNet", "Images", "+", "Previous", "Previous", "Level", "AWN\u2019s", "Synsets", "AWN\u2019s", "Synsets", "+"], "regionBoundary": {"x2": 525.0, "y1": 579.6799926757812, "x1": 70.0, "y2": 755.6799926757812}, "caption": "Table 2: Summary of the number of synsets and number of images found.", "page": 3}, {"figType": "Table", "name": "1", "captionBoundary": {"x2": 288.301025390625, "y1": 334.0323181152344, "x1": 70.58399963378906, "y2": 352.25}, "imageText": [" \u0651\u0645\u0627\u0633_\u062a\u0627\u0628\u0646", "n13100156:", "poisonous_", "plant.n.01", "n00442115:", "swimming.", "n.01", "\u0645\u0648\u0652\u0639", "\u060c\u0629\u062d\u0627\u0628\u0633\u0650", "\u062b\u0627\u062b\u0623_\u0629\u0639\u0637\u0650\u0652\u0642", "\u060c\u062b\u0627\u062b\u0623", "n03405725:", "furniture.n.", "01", "n00017222:", "plant.n.02", "\u060c\u0629\u0651\u064a\u062a\u0650\u0627\u0628\u0646_\u0629\u0627\u064a\u062d", "\u062a\u0627\u0628\u0646", "\u060c\u0629\u0633\u0631\u0652\u063a", "AWN", "Synset", "Synset", "Images", "ImageNet"], "regionBoundary": {"x2": 292.0, "y1": 111.67999267578125, "x1": 66.0, "y2": 329.67999267578125}, "caption": "Table 1: Examples of images from ImageNet with their synsets and Arabic synsets, as found in AWN.", "page": 3}, {"figType": "Figure", "name": "1", "captionBoundary": {"x2": 525.0794677734375, "y1": 452.1431579589844, "x1": 307.510009765625, "y2": 491.22998046875}, "imageText": ["3.", "Dog:", "Hypernym", "for", "\u201cworking", "dog\u201d.", "\u0628\u0644\u0643", "\u0644\u063a\u0634\u0644\u0627", "0.", "Siberian", "husky", "not", "available", "1.", "Sled", "dog:", "Direct", "hypernym", "for", "\u201csiberian", "husky\u201d.", "not", "available", "2.", "Working", "dog:", "Hypernym", "for", "\u201csled", "dog\u201d.", "\u0628\u0644\u0643", "\u060c\u0644\u0645\u0627\u0639", "\u0628\u0644\u0643", "from", "AWN", "Synset", "in", "ImageNet", "Arabic", "Synset"], "regionBoundary": {"x2": 525.0, "y1": 215.67999267578125, "x1": 307.0, "y2": 443.67999267578125}, "caption": "Figure 1: Images in ImageNet for the synset \u201cSiberian husky\u201d. Although an Arabic synset from AWN is not available for the synset or its direct hypernym, one is available for the hypernym of the hypernym.", "page": 0}]}, "figures": [{"page_width": 0, "caption_boundary": {"x2": 729.2770385742188, "y1": 627.9766082763672, "x1": 427.09723578559027, "y2": 682.2638617621527}, "name": "1", "caption_text": "Figure 1: Images in ImageNet for the synset \u201cSiberian husky\u201d. Although an Arabic synset from AWN is not available for the synset or its direct hypernym, one is available for the hypernym of the hypernym.", "figure_type": "Figure", "uri": null, "page_height": 0, "figure_boundary": {"x2": 730.0, "y1": 300.0, "x1": 427.0, "y2": 625.0}, "page": 0, "dpi": 0}, {"page_width": 0, "caption_boundary": {"x2": 400.4180908203125, "y1": 463.93377516004773, "x1": 98.03333282470703, "y2": 489.2361111111111}, "name": "1", "caption_text": "Table 1: Examples of images from ImageNet with their synsets and Arabic synsets, as found in AWN.", "figure_type": "Table", "uri": null, "page_height": 0, "figure_boundary": {"x2": 406.0, "y1": 138.0, "x1": 92.0, "y2": 491.0}, "page": 3, "dpi": 0}, {"page_width": 0, "caption_boundary": {"x2": 635.8055538601345, "y1": 1056.6975911458333, "x1": 191.3611094156901, "y2": 1063.6666191948784}, "name": "2", "caption_text": "Table 2: Summary of the number of synsets and number of images found.", "figure_type": "Table", "uri": null, "page_height": 0, "figure_boundary": {"x2": 730.0, "y1": 790.0, "x1": 98.0, "y2": 1067.0}, "page": 3, "dpi": 0}], "error": null, "pdf": "/work/host-output/f6adfcdd7a0e8bab28e47419c65ebd383baf4592/2020.alvr-1.1.pdf", "dpi": 100}