{"raw_detected_boxes": [[], [], [{"x2": 730.0, "y1": 87.0, "x1": 420.0, "y2": 236.0}], [], [], [{"x2": 727.0, "y1": 93.0, "x1": 428.0, "y2": 194.0}], [], [{"x2": 716.0, "y1": 92.0, "x1": 112.0, "y2": 550.0}], [], [], [], [{"x2": 644.0, "y1": 763.0, "x1": 515.0, "y2": 990.0}], [], []], "raw_pdffigures_output": {"regionless-captions": [{"figType": "Figure", "boundary": {"x2": 527.2002563476562, "y1": 183.55850219726562, "x1": 307.2760009765625, "y2": 213.47198486328125}, "text": "Figure 1: Usage representations and usage type distributions generated with occurrences of the word atom in COHA (Davies, 2012). Colours encode usage types.", "name": "1", "page": 2}], "figures": [{"figType": "Table", "name": "1", "captionBoundary": {"x2": 527.2003173828125, "y1": 152.03854370117188, "x1": 306.9469909667969, "y2": 229.7720947265625}, "imageText": ["Gulordava", "and", "Baroni", "(2011)", "0.386", "Frermann", "and", "Lapata", "(2016)", "0.377", "Frequency", "difference", "0.068", "Entropy", "difference", "(max)", "0.278", "Jensen-Shannon", "divergence", "(max)", "0.276", "Average", "pairwise", "distance", "(Euclidean,", "max)", "0.285"], "regionBoundary": {"x2": 524.0, "y1": 62.8900146484375, "x1": 307.0, "y2": 139.8900146484375}, "caption": "Table 1: Spearman\u2019s \u03c1 correlation coefficients between the gold standard scores in the GEMS dataset and the change scores assigned by our three metrics and a relative frequency baseline. For reference, correlation coefficients reported by previous works using different approaches are also given. All correlations are significant (p < 0.05) except for the frequency difference baseline.", "page": 5}, {"figType": "Figure", "name": "5", "captionBoundary": {"x2": 382.64215087890625, "y1": 718.0405883789062, "x1": 214.90199279785156, "y2": 724.0430297851562}, "imageText": [], "regionBoundary": {"x2": 526.0, "y1": 97.8900146484375, "x1": 72.0, "y2": 705.8900146484375}, "caption": "Figure 5: Annotation instructions (part 2).", "page": 13}, {"figType": "Figure", "name": "4", "captionBoundary": {"x2": 382.64215087890625, "y1": 640.2506103515625, "x1": 214.90199279785156, "y2": 646.2530517578125}, "imageText": [], "regionBoundary": {"x2": 526.0, "y1": 175.8900146484375, "x1": 72.0, "y2": 628.8900146484375}, "caption": "Figure 4: Annotation instructions (part 1).", "page": 12}, {"figType": "Figure", "name": "2", "captionBoundary": {"x2": 526.7886962890625, "y1": 409.4915466308594, "x1": 72.0, "y2": 427.4490051269531}, "imageText": ["(d)", "disk", "the\u00a0polished\u00a0disk\u00a0//\u00a0a\u00a0disk\u00a0on\u00a0a\u00a0rigid\u00a0backing", "floppy\u00a0and\u00a0hard\u00addisk\u00a0drives\u00a0//\u00a0portable\u00a0disk\u00adradio", "1", "0.8", "0.6", "0.4", "0.2", "1910", "1920", "1930", "1940", "1950", "1960", "1970", "1980", "1990", "2000", "0", "(c)", "curtain", "I\u00a0hung\u00a0colored\u00a0lights\u00a0around\u00a0my\u00a0curtainless\u00a0windows", "inflatable\u00a0curtain\u00adtype\u00a0head\u00adprotection\u00a0bags", "raising\u00a0the\u00a0curtain\u00a0on\u00a0its\u00a0[...]\u00a0tax\u00adreform\u00a0program", "bureaucracies\u00a0[...]\u00a0on\u00a0both\u00a0sides\u00a0of\u00a0the\u00a0curtain", "1", "0.8", "0.6", "0.4", "0.2", "1910", "1920", "1930", "1940", "1950", "1960", "1970", "1980", "1990", "2000", "0", "(b)", "tenure", "employment\u00a0and\u00a0tenure\u00a0//\u00a0minority\u00a0faculty\u00a0in\u00a0tenure", "tenure\u00a0of\u00a0office", "tenure\u00adtrack\u00a0faculty\u00a0position", "reasons\u00a0for\u00a0short\u00a0term\u00a0leases\u00a0and\u00a0insecurity\u00a0of\u00a0tenure", "1", "0.8", "0.6", "0.4", "0.2", "1910", "1920", "1930", "1940", "1950", "1960", "1970", "1980", "1990", "2000", "0", "(a)", "coach", "you\u00a0can\u00a0always\u00a0go\u00a0coach\u00a0//\u00a0stage\u00a0coach", "cinderella\u00a0\u00ad\u00a0here\u00a0comes\u00a0your\u00a0coach", "1", "0.8", "0.6", "0.4", "0.2", "1910", "1920", "1930", "1940", "1950", "1960", "1970", "1980", "1990", "2000", "0"], "regionBoundary": {"x2": 516.0, "y1": 61.8900146484375, "x1": 80.0, "y2": 394.17401123046875}, "caption": "Figure 2: Evolution of usage type distributions in the period 1910\u20132009, generated with occurrences of coach, tenure, curtain and disk in COHA (Davies, 2012). The legends show sample usages per identified usage type.", "page": 7}, {"figType": "Table", "name": "2", "captionBoundary": {"x2": 491.08905029296875, "y1": 726.4505615234375, "x1": 341.4209899902344, "y2": 732.4530029296875}, "imageText": ["brick", "0.203", "0.263", "virtual", "-0.085", "0.561", "energy", "0.002", "0.990", "card", "0.358", "0.055", "virus", "0.271", "0.159", "disk", "0.183", "0.211", "signal", "0.233", "0.008", "leaf", "0.252", "0.001", "net", "0.361", "0.001", "coach", "0.433", "0.007", "sphere", "0.446", "0.002", "mirror", "0.454", "0.027", "optical", "0.227", "0.003", "compact", "0.229", "0.002", "federal", "0.131", "0.001", "spine", "0.195", "0.032", "\u03c1", "p"], "regionBoundary": {"x2": 464.0, "y1": 543.8497924804688, "x1": 369.0, "y2": 711.0744018554688}, "caption": "Table 2: Correlation results per word.", "page": 11}, {"figType": "Figure", "name": "3", "captionBoundary": {"x2": 525.5465087890625, "y1": 388.00653076171875, "x1": 307.2760009765625, "y2": 405.9639892578125}, "imageText": [], "regionBoundary": {"x2": 526.0, "y1": 195.8900146484375, "x1": 307.0, "y2": 375.8900146484375}, "caption": "Figure 3: An annotation item on the Figure Eight crowdsourcing platform.", "page": 11}]}, "figures": [{"page_width": 0, "caption_boundary": {"x2": 732.2225782606337, "y1": 254.94236416286893, "x1": 426.772223578559, "y2": 296.4888678656684}, "name": "1", "caption_text": "Figure 1: Usage representations and usage type distributions generated with occurrences of the word atom in COHA (Davies, 2012). Colours encode usage types.", "figure_type": "Figure", "uri": null, "page_height": 0, "figure_boundary": {"x2": 747.0, "y1": 87.0, "x1": 403.0, "y2": 236.0}, "page": 2, "dpi": 0}, {"page_width": 0, "caption_boundary": {"x2": 732.222663031684, "y1": 211.16464402940537, "x1": 426.3152652316623, "y2": 319.1279093424479}, "name": "1", "caption_text": "Table 1: Spearman\u2019s \u03c1 correlation coefficients between the gold standard scores in the GEMS dataset and the change scores assigned by our three metrics and a relative frequency baseline. For reference, correlation coefficients reported by previous works using different approaches are also given. All correlations are significant (p < 0.05) except for the frequency difference baseline.", "figure_type": "Table", "uri": null, "page_height": 0, "figure_boundary": {"x2": 727.0, "y1": 86.0, "x1": 426.0, "y2": 211.0}, "page": 5, "dpi": 0}, {"page_width": 0, "caption_boundary": {"x2": 731.6509670681423, "y1": 568.7382592095269, "x1": 100.0, "y2": 593.6791737874348}, "name": "2", "caption_text": "Figure 2: Evolution of usage type distributions in the period 1910\u20132009, generated with occurrences of coach, tenure, curtain and disk in COHA (Davies, 2012). The legends show sample usages per identified usage type.", "figure_type": "Figure", "uri": null, "page_height": 0, "figure_boundary": {"x2": 716.0, "y1": 91.0, "x1": 112.0, "y2": 550.0}, "page": 7, "dpi": 0}, {"page_width": 0, "caption_boundary": {"x2": 682.068125406901, "y1": 1008.9591132269965, "x1": 474.19581943088104, "y2": 1017.2958374023438}, "name": "2", "caption_text": "Table 2: Correlation results per word.", "figure_type": "Table", "uri": null, "page_height": 0, "figure_boundary": {"x2": 644.0, "y1": 756.0, "x1": 512.0, "y2": 990.0}, "page": 11, "dpi": 0}], "error": null, "pdf": "/work/host-output/8c9815ff7f66cddc65297d8b8e35394719c3d133/2020.acl-main.365.pdf", "dpi": 100}