{"raw_detected_boxes": [[], [], [], [{"x2": 403.0, "y1": 101.0, "x1": 114.0, "y2": 332.0}], [{"x2": 710.0, "y1": 105.0, "x1": 431.0, "y2": 702.0}], [], [{"x2": 723.0, "y1": 102.0, "x1": 434.0, "y2": 584.0}], [{"x2": 666.0, "y1": 102.0, "x1": 151.0, "y2": 255.0}, {"x2": 397.0, "y1": 323.0, "x1": 103.0, "y2": 844.0}, {"x2": 698.0, "y1": 813.0, "x1": 465.0, "y2": 1010.0}], [], [], []], "raw_pdffigures_output": {"regionless-captions": [], "figures": [{"figType": "Table", "name": "1", "captionBoundary": {"x2": 291.92437744140625, "y1": 623.1475830078125, "x1": 71.6709976196289, "y2": 676.9710083007812}, "imageText": ["Acc.", "0.880", "0.665", "0.927", "0.769", "0.952", "MF-O", "0.420", "0.246", "0.577", "0.584", "0.447", "MF-G", "0.517", "0.707", "0.452", "0.606", "0.461", "Sb", "0.606", "0.539", "0.652", "0.653", "0.620", "DTM", "0.647", "0.246", "0.669", "0.294", "0.644", "DMM", "0.334", "0.150", "0.649", "0.073", "0.500", "Pur.", "0.907", "0.890", "0.962", "0.851", "0.972", "MF-O", "0.552", "0.529", "0.602", "0.636", "0.608", "MF-G", "0.653", "0.801", "0.530", "0.835", "0.606", "Sb", "0.414", "0.609", "0.609", "0.580", "0.770", "DTM", "0.767", "0.749", "0.793", "0.765", "0.795", "DMM", "0.456", "0.473", "0.673", "0.398", "0.694", "OSDM", "VM", "0.805", "0.831", "0.479", "0.857", "0.478", "MF-O", "0.684", "0.744", "0.361", "0.803", "0.380", "MF-G", "0.779", "0.793", "0.361", "0.888", "0.400", "Sb", "0.575", "0.696", "0.458", "0.723", "0.436", "DTM", "0.808", "0.800", "0.526", "0.810", "0.527", "DMM", "0.586", "0.636", "0.448", "0.582", "0.476", "OSDM", "Ho.", "0.951", "0.936", "0.954", "0.900", "0.964", "MF-O", "0.654", "0.695", "0.374", "0.778", "0.385", "MF-G", "0.751", "0.738", "0.319", "0.900", "0.343", "Sb", "0.547", "0.758", "0.402", "0.747", "0.574", "DTM", "0.833", "0.822", "0.659", "0.837", "0.657", "DMM", "0.588", "0.622", "0.466", "0.565", "0.497", "OSDM", "NMI", "0.815", "0.836", "0.552", "0.858", "0.554", "MF-O", "0.685", "0.746", "0.361", "0.803", "0.381", "MF-G", "0.780", "0.795", "0.364", "0.888", "0.405", "Sb", "0.575", "0.698", "0.464", "0.723", "0.494", "DTM", "0.808", "0.800", "0.537", "0.810", "0.537", "DMM", "0.586", "0.636", "0.448", "0.582", "0.476", "OSDM", "Ns", "Ts", "Rs", "Ns-T", "Rs-T", "OSDM", "Alg.", "Eva.", "Datasets"], "regionBoundary": {"x2": 291.0, "y1": 225.8900146484375, "x1": 74.0, "y2": 610.8900146484375}, "caption": "Table 1: The performance of different algorithms on five data sets in terms of different measures including Mutual Information (NMI), Homogeneity (Ho.), VMeasure (VM), Accuracy (Acc.) and cluster Purity (Pur.).", "page": 7}, {"figType": "Figure", "name": "4", "captionBoundary": {"x2": 527.2003173828125, "y1": 741.4215698242188, "x1": 307.2760009765625, "y2": 759.3790283203125}, "imageText": [], "regionBoundary": {"x2": 500.0, "y1": 584.8900146484375, "x1": 366.0, "y2": 708.8900146484375}, "caption": "Figure 4: The runtime of different text stream clustering algorithms.", "page": 7}, {"figType": "Figure", "name": "3", "captionBoundary": {"x2": 461.44769287109375, "y1": 196.91452026367188, "x1": 136.09600830078125, "y2": 202.9169921875}, "imageText": ["(c)", "\u03bb", "(b)", "\u03b2", "(a)", "\u03b1"], "regionBoundary": {"x2": 482.0, "y1": 72.8900146484375, "x1": 118.0, "y2": 181.59698486328125}, "caption": "Figure 3: The sensitivity analysis with different parameters, including \u03b1, \u03b2 and \u03bb.", "page": 7}, {"figType": "Figure", "name": "1", "captionBoundary": {"x2": 290.2705993652344, "y1": 252.58853149414062, "x1": 72.0, "y2": 282.50103759765625}, "imageText": ["(b)", "MStreamF", "\u221e", "\ud835\udca9\ud835\udca9", "\u221e", "\ud835\udc64\ud835\udc64", "\ud835\udd03\ud835\udd03", "\u03b8", "Batch", "\ud835\udc9f\ud835\udc9f", "\u03b2", "\u03b1", "\ud835\udc64\ud835\udc64", "\ud835\udd03\ud835\udd03", "\u03b8", "Batch", "\ud835\udc9f\ud835\udc9f", "\ud835\udca9\ud835\udca9", "\u03b2", "\u03b1", "(a)", "OSDM", "\ud835\udccf\ud835\udccf", "\u03b8", "\u03b1", "\u03b2", "\ud835\udca9\ud835\udca9", "\u221e", "\ud835\udc7a\ud835\udc7a", "\ud835\udc9f\ud835\udc9f", "\ud835\udc64\ud835\udc64", "\ud835\udc64\ud835\udc64\ud835\udc57\ud835\udc57", "\ud835\udc64\ud835\udc64\ud835\udc56\ud835\udc56", "\ud835\udccf\ud835\udccf", "\u03b8", "\u03b1", "\u03b2", "\ud835\udca9\ud835\udca9", "\u221e", "\ud835\udc7a\ud835\udc7a", "\ud835\udc9f\ud835\udc9f", "\ud835\udc64\ud835\udc64", "\ud835\udc64\ud835\udc64\ud835\udc57\ud835\udc57", "\ud835\udc64\ud835\udc64\ud835\udc56\ud835\udc56"], "regionBoundary": {"x2": 293.0, "y1": 72.8900146484375, "x1": 82.0, "y2": 237.27099609375}, "caption": "Figure 1: The graphical representation of OSDM and MStream. Here MStream works in a batch way while OSDM works in an online way.", "page": 3}, {"figType": "Figure", "name": "2", "captionBoundary": {"x2": 527.2003173828125, "y1": 435.74853515625, "x1": 307.2760009765625, "y2": 465.6609802246094}, "imageText": ["(e)", "Tweets", "(d)", "Reuters-T", "(c)", "Reuters", "(b)", "News-T", "(a)", "News"], "regionBoundary": {"x2": 521.0, "y1": 72.8900146484375, "x1": 329.0, "y2": 420.4309997558594}, "caption": "Figure 2: The performance of different text steam clustering algorithm over time (in thousand points) in terms of NMI measure.", "page": 6}]}, "figures": [{"page_width": 0, "caption_boundary": {"x2": 403.1536102294922, "y1": 350.8174048529731, "x1": 100.0, "y2": 392.362552218967}, "name": "1", "caption_text": "Figure 1: The graphical representation of OSDM and MStream. Here MStream works in a batch way while OSDM works in an online way.", "figure_type": "Figure", "uri": null, "page_height": 0, "figure_boundary": {"x2": 407.0, "y1": 101.0, "x1": 114.0, "y2": 332.0}, "page": 3, "dpi": 0}, {"page_width": 0, "caption_boundary": {"x2": 732.222663031684, "y1": 605.206298828125, "x1": 426.772223578559, "y2": 646.7513614230686}, "name": "2", "caption_text": "Figure 2: The performance of different text steam clustering algorithm over time (in thousand points) in terms of NMI measure.", "figure_type": "Figure", "uri": null, "page_height": 0, "figure_boundary": {"x2": 723.0, "y1": 102.0, "x1": 434.0, "y2": 587.0}, "page": 6, "dpi": 0}, {"page_width": 0, "caption_boundary": {"x2": 640.8995734320746, "y1": 273.4923892550998, "x1": 189.02223375108505, "y2": 281.82915581597223}, "name": "3", "caption_text": "Figure 3: The sensitivity analysis with different parameters, including \u03b1, \u03b2 and \u03bb.", "figure_type": "Figure", "uri": null, "page_height": 0, "figure_boundary": {"x2": 671.0, "y1": 102.0, "x1": 148.0, "y2": 255.0}, "page": 7, "dpi": 0}, {"page_width": 0, "caption_boundary": {"x2": 405.45052422417535, "y1": 865.4827541775173, "x1": 99.54305224948459, "y2": 940.2375115288628}, "name": "1", "caption_text": "Table 1: The performance of different algorithms on five data sets in terms of different measures including Mutual Information (NMI), Homogeneity (Ho.), VMeasure (VM), Accuracy (Acc.) and cluster Purity (Pur.).", "figure_type": "Table", "uri": null, "page_height": 0, "figure_boundary": {"x2": 404.0, "y1": 314.0, "x1": 103.0, "y2": 849.0}, "page": 7, "dpi": 0}, {"page_width": 0, "caption_boundary": {"x2": 732.222663031684, "y1": 1029.7521803114148, "x1": 426.772223578559, "y2": 1054.693094889323}, "name": "4", "caption_text": "Figure 4: The runtime of different text stream clustering algorithms.", "figure_type": "Figure", "uri": null, "page_height": 0, "figure_boundary": {"x2": 698.0, "y1": 811.0, "x1": 465.0, "y2": 1011.0}, "page": 7, "dpi": 0}], "error": null, "pdf": "/work/host-output/65f4bf9fc06fe68dd0e1287a1fc43baeec120efa/2020.acl-main.70.pdf", "dpi": 100}