{"raw_detected_boxes": [[], [], [], [], [], [{"x2": 384.0, "y1": 87.0, "x1": 119.0, "y2": 179.0}], [], [], [], [], [], [], [], []], "raw_pdffigures_output": {"regionless-captions": [], "figures": [{"figType": "Figure", "name": "1", "captionBoundary": {"x2": 258.9219055175781, "y1": 145.34951782226562, "x1": 103.34600067138672, "y2": 151.35198974609375}, "imageText": [], "regionBoundary": {"x2": 277.0, "y1": 61.8900146484375, "x1": 85.0, "y2": 129.8900146484375}, "caption": "Figure 1: Photo stimuli 1 (L) and 2 (R)", "page": 5}]}, "figures": [{"page_width": 0, "caption_boundary": {"x2": 359.6137576633029, "y1": 201.87433030870224, "x1": 143.53611204359265, "y2": 210.21109686957465}, "name": "1", "caption_text": "Figure 1: Photo stimuli 1 (L) and 2 (R)", "figure_type": "Figure", "uri": null, "page_height": 0, "figure_boundary": {"x2": 384.0, "y1": 87.0, "x1": 119.0, "y2": 179.0}, "page": 5, "dpi": 0}], "error": null, "pdf": "/work/host-output/5650868ac053b71c25c4b1dd7816f38b801e70eb/2020.acl-main.463.pdf", "dpi": 100}