{"raw_detected_boxes": [[{"x2": 725.0, "y1": 314.0, "x1": 429.0, "y2": 380.0}], [], [{"x2": 690.0, "y1": 89.0, "x1": 460.0, "y2": 353.0}], [{"x2": 395.0, "y1": 83.0, "x1": 104.0, "y2": 233.0}], [], [{"x2": 671.0, "y1": 103.0, "x1": 146.0, "y2": 334.0}], [{"x2": 720.0, "y1": 87.0, "x1": 104.0, "y2": 224.0}], [{"x2": 390.0, "y1": 89.0, "x1": 103.0, "y2": 445.0}], [{"x2": 723.0, "y1": 98.0, "x1": 104.0, "y2": 406.0}], [], []], "raw_pdffigures_output": {"regionless-captions": [], "figures": [{"figType": "Table", "name": "1", "captionBoundary": {"x2": 527.2819213867188, "y1": 286.8745422363281, "x1": 306.9169616699219, "y2": 340.69805908203125}, "imageText": ["S1", "BERT", "1721", "72.4", "566", "48.3", "S2", "Reading", "Strategies", "1637", "68.9", "496", "42.3", "System", "Description", "ARC-easy", "ARC-challenge", "ID", "#Correct", "Acc.", "#Correct", "Acc."], "regionBoundary": {"x2": 526.0, "y1": 222.8900146484375, "x1": 307.0, "y2": 274.8900146484375}, "caption": "Table 1: Performance of two systems (Devlin et al., 2019; Sun et al., 2018) on the ARC question-answering dataset (Clark et al., 2018). ARC-easy & ARCchallenge have 2376 & 1172 instances, respectively. Acc.: accuracy as a percentage.", "page": 0}, {"figType": "Figure", "name": "2", "captionBoundary": {"x2": 527.2010498046875, "y1": 249.02151489257812, "x1": 72.0, "y2": 290.8900146484375}, "imageText": ["0.06120.00939", "HDIHDI", "\u03b81", "ROPE", "HDI", "\u03b81", "-", "\u03b82", "\u03b82\u03b82", "\u03b81", "-", "\u03b82", "\u03b81"], "regionBoundary": {"x2": 522.0, "y1": 38.8900146484375, "x1": 77.0, "y2": 243.8900146484375}, "caption": "Figure 2: Left: Prior distributions of two systems (bottom row) and their difference (top row). Right: Posterior distributions of two systems (bottom row) and their difference (top row) after observing the performances on ARCeasy dataset. Note the posterior HDI estimate, (0.00939, 0.0612). Here we assume at least one percent accuracy difference to be considered practically different. Hence, we indicate the interval (\u22120.01, 0.01) as ROPE (\u00a72.3.)", "page": 5}, {"figType": "Table", "name": "3", "captionBoundary": {"x2": 525.547119140625, "y1": 173.95053100585938, "x1": 71.69100189208984, "y2": 191.90802001953125}, "imageText": ["(\u00a72.4)", "BF", "Bayesian", "2", "Yes", "No", "Highly", "sensitive", "Acceptable", "BF", "0", "(\u00a72.3)", "HDI", "Bayesian", "1", "No", "No", "Not", "sensitive", "but", "takes", "it", "into", "account", "HDI", "relative", "to", "ROPE", "0", "(\u00a72.2)", "CI", "frequentist", "4", "No", "Yes", "No", "Acceptablecon\ufb01dence", "margin", "6", "(\u00a72.1)", "p-value", "frequentist", "3", "Yes", "Yes", "No", "Acceptable", "p-value", "73", "in", "ACL\u201918", "#", "of", "papers", "using", "this", "test", "Dependence", "on", "prior", "(3.4)", "Decision", "rule", "intention", "(3.3)", "Depends", "on", "stopping", "(3.2)", "Encourages", "binary-thinking", "(\u00a73.1)", "interpretation", "(1", "=easy)", "Method", "Paradigm", "Ease", "of"], "regionBoundary": {"x2": 523.0, "y1": 62.8900146484375, "x1": 75.0, "y2": 161.8900146484375}, "caption": "Table 3: A comparison of different statistical methods for evaluating the credibility of a hypothesis given a set of observations. The total number of published papers in at the ACL-2018 conference is 439.", "page": 6}, {"figType": "Figure", "name": "1", "captionBoundary": {"x2": 525.5465087890625, "y1": 266.3425598144531, "x1": 307.2760009765625, "y2": 284.300048828125}, "imageText": [], "regionBoundary": {"x2": 498.0, "y1": 60.8900146484375, "x1": 331.0, "y2": 257.8900146484375}, "caption": "Figure 1: Progression of steps taken during a scientific assessment of claims from empirical observations.", "page": 2}, {"figType": "Figure", "name": "3", "captionBoundary": {"x2": 261.3428039550781, "y1": 332.4975280761719, "x1": 100.92500305175781, "y2": 338.5}, "imageText": ["Do", "you", "know", "the", "definition", "of", "\"Bayes", "Factor\"?", "Do", "you", "know", "the", "definition", "of", "\"Highest", "Density", "Interval\"?", "Have", "you", "heard", "about", "\"Bayesian", "Hypothesis", "Testing\"?", "I", "have", "used", "\"hypothesis", "testing\"", "in", "the", "past", "(in", "a", "homework,", "a", "paper,", "etc)."], "regionBoundary": {"x2": 284.0, "y1": 63.8900146484375, "x1": 74.0, "y2": 323.8900146484375}, "caption": "Figure 3: Select results from our survey.", "page": 7}, {"figType": "Table", "name": "2", "captionBoundary": {"x2": 291.9242858886719, "y1": 176.22854614257812, "x1": 71.69100189208984, "y2": 194.18701171875}, "imageText": [], "regionBoundary": {"x2": 286.0, "y1": 58.8900146484375, "x1": 73.0, "y2": 169.8900146484375}, "caption": "Table 2: Various classes of methods for statistical assessment of hypotheses.", "page": 3}, {"figType": "Table", "name": "4", "captionBoundary": {"x2": 479.79217529296875, "y1": 296.6805725097656, "x1": 117.44300079345703, "y2": 302.68304443359375},