{"raw_detected_boxes": [[{"x2": 720.0, "y1": 676.0, "x1": 438.0, "y2": 760.0}], [{"x2": 712.0, "y1": 93.0, "x1": 115.0, "y2": 307.0}], [{"x2": 690.0, "y1": 103.0, "x1": 139.0, "y2": 377.0}], [{"x2": 633.0, "y1": 391.0, "x1": 532.0, "y2": 499.0}], [{"x2": 724.0, "y1": 741.0, "x1": 430.0, "y2": 827.0}], [{"x2": 724.0, "y1": 92.0, "x1": 107.0, "y2": 189.0}, {"x2": 722.0, "y1": 253.0, "x1": 433.0, "y2": 367.0}], [], []], "raw_pdffigures_output": {"regionless-captions": [], "figures": [{"figType": "Figure", "name": "1", "captionBoundary": {"x2": 525.5465087890625, "y1": 566.5595703125, "x1": 307.2760009765625, "y2": 584.5169677734375}, "imageText": [], "regionBoundary": {"x2": 522.0, "y1": 478.8900146484375, "x1": 311.0, "y2": 554.8900146484375}, "caption": "Figure 1: Two kind of semantic phenomenon: explicit semantic features and implicit semantic features.", "page": 0}, {"figType": "Table", "name": "2", "captionBoundary": {"x2": 418.6269226074219, "y1": 153.14553833007812, "x1": 178.60800170898438, "y2": 159.14801025390625}, "imageText": ["N-gram", "Matching", "0.1200", "0.7050", "0.9574", "0.9915", "0.6393", "0.8036", "0.8385", "0.8543", "0.9867", "0.9922", "0.8900", "0.9640", "DACNM", "0.1116", "0.7127", "0.9520", "0.9909", "0.6430", "0.8043", "0.8452", "0.8602", "0.9878", "0.9932", "0.8895", "0.9657", "CAML(Mullenbach", "et", "al.,", "2018)", "0.0600", "0.6755", "0.8832", "0.9808", "0.6099", "0.7651", "0.8305", "0.8458", "0.9846", "0.9902", "0.8796", "0.9579", "Dilated", "CNN", "0.1017", "0.6997", "0.8637", "0.9772", "0.6268", "0.7864", "0.8399", "0.8523", "0.9849", "0.9904", "0.8807", "0.9550", "Macro", "Micro", "Macro", "Micro", "k=5", "k=10", "Macro", "Micro", "Macro", "Micro", "k=5", "k=8", "Model", "F1", "AUC", "R@k", "F1", "AUC", "R@k", "Dataset", "CN-Full", "CN-50"], "regionBoundary": {"x2": 523.0, "y1": 67.16515350341797, "x1": 76.0, "y2": 140.8900146484375}, "caption": "Table 2: Evaluation on Chinese dataset CN-Full and CN-50.", "page": 5}, {"figType": "Table", "name": "3", "captionBoundary": {"x2": 506.646240234375, "y1": 279.4775695800781, "x1": 325.864990234375, "y2": 285.48004150390625}, "imageText": ["DACNM", "(Proposed", "model)", "0.579", "0.641", "0.890", "0.916", "0.616", "CAML(Mullenbach", "et", "al.,", "2018)", "0.532", "0.614", "0.875", "0.909", "0.609", "DR-CAML(Mullenbach", "et", "al.,", "2018)", "0.576", "0.633", "0.884", "0.916", "0.618", "(Shi", "et", "al.,", "2017)", "-", "0.532", "-", "0.900", "-", "HA-GRU(Baumel", "et", "al.,", "2018)", "-", "0.366", "-", "-", "-", "Bi-GRU", "0.484", "0.549", "0.828", "0.868", "0.591", "C-MemNN(Prakash", "et", "al.,", "2017)", "-", "-", "0.833", "-", "0.42", "Model", "F1", "AUC", "P@k", "Macro", "Micro", "Macro", "Micro", "k=5", "CNN", "0.576", "0.625", "0.876", "0.907", "0.620"], "regionBoundary": {"x2": 522.0, "y1": 182.8900146484375, "x1": 312.0, "y2": 267.8900146484375}, "caption": "Table 3: Evaluation on MIMIC-III-50 dataset", "page": 5}, {"figType": "Figure", "name": "2", "captionBoundary": {"x2": 525.54736328125, "y1": 235.15652465820312, "x1": 72.0, "y2": 277.0250244140625}, "imageText": [], "regionBoundary": {"x2": 517.0, "y1": 61.8900146484375, "x1": 80.0, "y2": 222.8900146484375}, "caption": "Figure 2: The screenshot of Clinical-Coder system, the English version can be found in the appendix A. (a) gives the predicted diseases after users enter the clinical notes which contains four parts, admission situation, admission diagnosis, discharge situation and discharge diagnosis. (b1) and (b2) are the visualization of supporting information for predictions.", "page": 1}, {"figType": "Figure", "name": "3", "captionBoundary": {"x2": 527.2011108398438, "y1": 294.3295593261719, "x1": 71.7509994506836, "y2": 336.1980285644531}, "imageText": [], "regionBoundary": {"x2": 512.0, "y1": 61.8900146484375, "x1": 85.0, "y2": 282.8900146484375}, "caption": "Figure 3: The whole architecture of the model. The input is the clinical text, and output is the ICD codes. The yellow dotted box indicates how to use attention-based dilated convolution to capture the implicit semantic of noncontinuous words. The green dotted box indicates how to use n-gram matching mechanism to capture the explicit semantic of continuous n-gram words.", "page": 2}, {"figType": "Figure", "name": "4", "captionBoundary": {"x2": 527.2002563476562, "y1": 374.2345275878906, "x1": 307.2760009765625, "y2": 392.1919860839844}, "imageText": [], "regionBoundary": {"x2": 478.0, "y1": 275.8900146484375, "x1": 355.0, "y2": 362.8900146484375}, "caption": "Figure 4: An example of the dilated convolution in processing text.", "page": 3}, {"figType": "Table", "name": "1", "captionBoundary": {"x2": 512.02587890625, "y1": 607.5975952148438, "x1": 320.4849853515625, "y2": 613.6000366210938}, "imageText": ["Vocabulary", "size", "3,957", "3,957", "51,917", "#", "Average", "tokens", "per", "sample", "621", "655", "1,530", "#", "Average", "labels", "per", "sample", "4.3", "2.6", "5.7", "CN-Full", "CN-50", "MIMIC-III-50", "#", "Samples", "50,678", "36,758", "9,795", "#", "Labels", "6200", "50", "50"], "regionBoundary": {"x2": 526.0, "y1": 532.8900146484375, "x1": 309.0, "y2": 595.8900146484375}, "caption": "Table 1: Detailed information for three datasets.", "page": 4}]}, "figures": [{"page_width": 0, "caption_boundary": {"x2": 729.9257066514757, "y1": 786.8882921006945, "x1": 426.772223578559, "y2": 811.829121907552}, "name": "1", "caption_text": "Figure 1: Two kind of semantic phenomenon: explicit semantic features and implicit semantic features.", "figure_type": "Figure", "uri": null, "page_height": 0, "figure_boundary": {"x2": 720.0, "y1": 676.0, "x1": 438.0, "y2": 760.0}, "page": 0, "dpi": 0}, {"page_width": 0, "caption_boundary": {"x2": 729.9268934461805, "y1": 326.60628424750433, "x1": 100.0, "y2": 384.75697835286456}, "name": "2", "caption_text": "Figure 2: The screenshot of Clinical-Coder system, the English version can be found in the appendix A. (a) gives the predicted diseases after users enter the clinical notes which contains four parts, admission situation, admission diagnosis, discharge situation and discharge diagnosis. (b1) and (b2) are the visualization of supporting information for predictions.", "figure_type": "Figure", "uri": null, "page_height": 0, "figure_boundary": {"x2": 716.0, "y1": 93.0, "x1": 114.0, "y2": 307.0}, "page": 1, "dpi": 0}, {"page_width": 0, "caption_boundary": {"x2": 732.2237650553385, "y1": 408.79105461968317, "x1": 99.6541659037272, "y2": 466.9417063395182}, "name": "3", "caption_text": "Figure 3: The whole architecture of the model. The input is the clinical text, and output is the ICD codes. The yellow dotted box indicates how to use attention-based dilated convolution to capture the implicit semantic of noncontinuous words. The green dotted box indicates how to use n-gram matching mechanism to capture the explicit semantic of continuous n-gram words.", "figure_type": "Figure", "uri": null, "page_height": 0, "figure_boundary": {"x2": 691.0, "y1": 103.0, "x1": 139.0, "y2": 377.0}, "page": 2, "dpi": 0}, {"page_width": 0, "caption_boundary": {"x2": 732.2225782606337, "y1": 519.7701772054037, "x1": 426.772223578559, "y2": 544.7110917833116}, "name": "4", "caption_text": "Figure 4: An example of the dilated convolution in processing text.", "figure_type": "Figure", "uri": null, "page_height": 0, "figure_boundary": {"x2": 635.0, "y1": 387.0, "x1": 529.0, "y2": 499.0}, "page": 3, "dpi": 0}, {"page_width": 0, "caption_boundary": {"x2": 711.1470540364583, "y1": 843.8855489095051, "x1": 445.1180352105035, "y2": 852.2222730848524}, "name": "1", "caption_text": "Table 1: Detailed information for three datasets.", "figure_type": "Table", "uri": null, "page_height": 0, "figure_boundary": {"x2": 731.0, "y1": 740.0, "x1": 429.0, "y2": 844.0}, "page": 4, "dpi": 0}, {"page_width": 0, "caption_boundary": {"x2": 581.426281399197, "y1": 212.70213656955295, "x1": 248.06666904025607, "y2": 221.03890313042535}, "name": "2",