{"raw_detected_boxes": [[], [], [], [{"x2": 399.0, "y1": 86.0, "x1": 106.0, "y2": 510.0}], [{"x2": 393.0, "y1": 351.0, "x1": 110.0, "y2": 512.0}], [{"x2": 394.0, "y1": 88.0, "x1": 106.0, "y2": 255.0}], [{"x2": 381.0, "y1": 90.0, "x1": 102.0, "y2": 408.0}], [{"x2": 684.0, "y1": 97.0, "x1": 146.0, "y2": 298.0}, {"x2": 397.0, "y1": 371.0, "x1": 106.0, "y2": 773.0}], [], []], "raw_pdffigures_output": {"regionless-captions": [], "figures": [{"figType": "Figure", "name": "2", "captionBoundary": {"x2": 291.9244079589844, "y1": 199.16854858398438, "x1": 71.64099884033203, "y2": 217.12701416015625}, "imageText": ["Undecidable", "or", "Both", "0.59%", "21.86%", "Literal", "77.55%", "Idiomatic"], "regionBoundary": {"x2": 285.7025146484375, "y1": 62.8900146484375, "x1": 76.56448364257812, "y2": 186.8900146484375}, "caption": "Figure 2: Distribution of annotation labels in COLFVID", "page": 5}, {"figType": "Figure", "name": "3", "captionBoundary": {"x2": 265.8211669921875, "y1": 308.5335388183594, "x1": 96.4469985961914, "y2": 314.5360107421875}, "imageText": ["(ScoreLiteral,", "ScoreIdiomatic,", "ScoreUndecidable,", "ScoreBoth)", "MLP", "VWasser", "concat", "LSTM", "LSTM", "Wasser", "emb", "Vins", "concat", "LSTM", "LSTM", "ins", "emb", "V\ufb01el", "concat", "LSTM", "LSTM", "\ufb01el", "emb", "VKonzert", "concat", "LSTM", "LSTM", "Konzert", "emb", "VDas", "concat", "LSTM", "LSTM", "Das", "emb"], "regionBoundary": {"x2": 275.0, "y1": 66.75801849365234, "x1": 72.0, "y2": 293.87078857421875}, "caption": "Figure 3: Architecture of the neural model", "page": 6}, {"figType": "Table", "name": "2", "captionBoundary": {"x2": 351.9376220703125, "y1": 226.96755981445312, "x1": 245.29800415039062, "y2": 232.97003173828125}, "imageText": ["Model", "Pre", "Rec", "F1", "Pre", "Rec", "F1", "Pre", "Rec", "F1", "Acc", "Majority", "baseline", "76.95", "100.00", "86.98", "0", "0", "0", "59.22", "76.95", "66.93", "76.95", "Word2vec+LSTM+MLP", "90.40", "87.38", "88.86", "61.05", "69.66", "65.07", "83.17", "82.76", "82.88", "82.76", "fastText+LSTM+MLP", "91.23", "93.94", "92.56", "77.42", "71.79", "74.50", "87.45", "88.29", "87.83", "88.29", "ELMo+LSTM+MLP", "93.70", "93.94", "93.82", "78.24", "79.91", "79.07", "89.54", "90.10", "89.82", "90.10", "Test", "set:", "class", "idiomatic", "class", "literal", "weighted", "macro", "average", "Model", "Pre", "Rec", "F1", "Pre", "Rec", "F1", "Pre", "Rec", "F1", "Acc", "Majority", "baseline", "75.39", "100.00", "85.97", "0", "0", "0", "56.78", "75.32", "64.75", "75.32", "Word2vec+LSTM+MLP", "90.60", "90.25", "90.42", "70.47", "72.76", "71.60", "85.30", "85.59", "85.44", "85.59", "fastText+LSTM+MLP", "91.77", "92.85", "92.31", "77.41", "75.20", "76.29", "87.86", "88.14", "87.99", "88.14", "ELMo+LSTM+MLP", "90.70", "96.36", "93.44", "85.71", "70.73", "77.51", "89.05", "89.71", "89.14", "89.71", "Validation", "set:", "class", "idiomatic", "class", "literal", "weighted", "macro", "average"], "regionBoundary": {"x2": 493.0, "y1": 64.3797836303711, "x1": 105.0, "y2": 214.8900146484375}, "caption": "Table 2: Evaluation results", "page": 7}, {"figType": "Table", "name": "3", "captionBoundary": {"x2": 290.27044677734375, "y1": 573.3465576171875, "x1": 71.69100189208984, "y2": 591.3050537109375}, "imageText": ["u\u0308ber", "Bord", "gehen", "18", "45.22", "84.03", "88.89", "86.30", "u\u0308ber", "Bord", "werfen", "67", "87.81", "98.66", "98.51", "98.54", "u\u0308ber", "die", "Bu\u0308hne", "gehen", "20", "99.0", "90.25", "95.00", "92.56", "vor", "der", "Tu\u0308r", "stehen", "90", "68.17", "83.20", "82.22", "82.54", "ein", "Zelt", "aufschlagen", "15", "41.0", "76.67", "66.67", "65.08", "einen", "Nerv", "treffen", "43", "99.65", "100.00", "100.00", "100.00", "die", "Notbremse", "ziehen", "49", "84.36", "92.09", "89.80", "90.51", "eine", "Rechnung", "begleichen", "38", "64.54", "78.95", "78.95", "78.95", "von", "Bord", "gehen", "14", "51.61", "82.86", "71.43", "70.24", "Luft", "holen", "26", "38.82", "83.85", "76.92", "75.11", "mit", "dem", "Feuer", "spielen", "13", "87.06", "85.21", "92.31", "88.62", "in", "Schie\ufb02age", "geraten", "7", "90.91", "100.00", "100.00", "100.00", "ins", "Wasser", "fallen", "38", "73.52", "92.98", "89.47", "90.15", "im", "Blut", "haben", "6", "19.44", "100.00", "100.00", "100.00", "in", "den", "Keller", "gehen", "19", "72.8", "95.18", "94.74", "94.68", "in", "der", "Luft", "ha\u0308ngen", "43", "90.14", "89.24", "88.37", "88.74", "im", "Regen", "stehen", "57", "79.68", "82.42", "85.96", "84.09", "ins", "Rennen", "gehen", "10", "82.26", "64.00", "80.00", "71.11", "in", "eine", "Sackgasse", "geraten", "16", "98.02", "100.00", "100.00", "100.00", "im", "Schatten", "stehen", "9", "86.67", "100.00", "100.00", "100.00", "auf", "den", "Zug", "aufspringen", "19", "96.03", "100.00", "94.74", "97.30", "eine", "Bru\u0308cke", "bauen", "53", "68.39", "92.45", "92.45", "92.45", "die", "Fa\u0308den", "ziehen", "26", "94.8", "90.86", "88.46", "89.49", "auf", "der", "Strecke", "bleiben", "94", "99.19", "97.88", "98.94", "98.41", "auf", "dem", "Tisch", "liegen", "143", "71.29", "89.13", "90.21", "89.44", "auf", "der", "Ersatzbank", "sitzen", "4", "23.81", "50.00", "50.00", "50.00", "auf", "der", "Stra\u00dfe", "stehen", "38", "62.4", "87.30", "86.84", "87.00", "an", "Glanz", "verlieren", "3", "93.75", "100.00", "100.00", "100.00", "an", "Land", "ziehen", "39", "90.38", "100.00", "100.00", "100.00", "am", "Pranger", "stehen", "1", "100.0", "100.00", "100.00", "100.00", "den", "Atem", "anhalten", "6", "75.0", "88.89", "83.33", "83.81", "auf", "dem", "Abstellgleis", "stehen", "4", "42.31", "56.25", "75.00", "64.29", "auf", "den", "Arm", "nehmen", "14", "42.31", "93.88", "92.86", "92.89", "VID", "#", "I%", "Pre", "Rec", "F1", "am", "Boden", "liegen", "8", "23.4", "77.50", "87.50", "81.94", "Test", "set:", "ELMo+LSTM+MLP"], "regionBoundary": {"x2": 289.0, "y1": 257.7757873535156, "x1": 76.0, "y2": 560.8900146484375}, "caption": "Table 3: Evaluation results (weighted macro) per VID on the test set.", "page": 7}, {"figType": "Table", "name": "1", "captionBoundary": {"x2": 246.46437072753906, "y1": 380.0865478515625, "x1": 115.49600219726562, "y2": 386.0890197753906},