{"raw_detected_boxes": [[], [], [], [], [], [], [{"x2": 383.0, "y1": 91.0, "x1": 125.0, "y2": 318.0}], [{"x2": 637.0, "y1": 87.0, "x1": 195.0, "y2": 333.0}, {"x2": 724.0, "y1": 397.0, "x1": 433.0, "y2": 640.0}], [], [], [], []], "raw_pdffigures_output": {"regionless-captions": [], "figures": [{"figType": "Table", "name": "1", "captionBoundary": {"x2": 525.5455322265625, "y1": 476.8685302734375, "x1": 307.2749938964844, "y2": 494.82598876953125}, "imageText": ["en", "ta", "l", "Lewis", "and", "Steedman", "(2014)", "93.0", "88.6", "81.3", "Ambati", "et", "al.", "(2015)", "91.2", "89.0", "81.4", "Hockenmaier", "(2003)", "92.2", "92.0", "84.4", "Zhang", "and", "Clark", "(2011)", "93.1", "\u2014", "85.5", "Clark", "and", "Curran", "(2007)", "94.3", "93.0", "87.6", "Stanojevic\u0301", "and", "Steedman", "(2019)", "95.4", "95.8", "90.2", "this", "work", "MBR", "reranking", "95.6", "95.9", "90.6", "re", "m", "-I", "nc", "N", "on", "ta", "l", "Hassan", "et", "al.", "(2008)", "beam=", "1", "\u2014", "59.0", "\u2014", "Ambati", "(2016)", "beam=", "1", "74.6", "67.5", "57.5", "this", "work", "beam=", "1", "78.8", "69.9", "55.8", "Goyal", "et", "al.", "(2019)", "beam=", "5", "85.5", "\u2014", "\u2014", "this", "work", "beam=", "5", "90.1", "92.2", "82.1", "Ambati", "(2016)", "beam=16", "90.8", "88.3", "80.8", "this", "work", "beam=16", "91.4", "91.5", "82.3", "this", "work", "beam=64", "92.0", "92.3", "83.4", "em", "en", "In", "cr", "Tag", "UF", "LF"], "regionBoundary": {"x2": 523.0, "y1": 285.8900146484375, "x1": 309.0, "y2": 464.8900146484375}, "caption": "Table 1: Results on the test set. The results of NonIncremental parsers are shown only as a reference.", "page": 7}, {"figType": "Figure", "name": "2", "captionBoundary": {"x2": 400.7682189941406, "y1": 257.1325378417969, "x1": 196.77398681640625, "y2": 263.135009765625}, "imageText": ["Disc", "(baseline)", "Disc-REINFORCE", "Gen", "Gen-Rescaled", "BSO-LaSO-Single", "BSO-LaSO-All", "BSO-Early-Single", "BSO-Early-All", "CRF-LaSO", "d", "F1", "el", "le", "L", "ab", "Beam", "size", "80", "70", "60", "50", "1", "4", "8", "16", "32", "64"], "regionBoundary": {"x2": 463.0, "y1": 62.8900146484375, "x1": 145.47344970703125, "y2": 241.23004150390625}, "caption": "Figure 2: Influence of beam size on the dev results.", "page": 7}, {"figType": "Figure", "name": "1", "captionBoundary": {"x2": 290.27056884765625, "y1": 244.74356079101562, "x1": 72.0, "y2": 262.7010498046875}, "imageText": ["argmax", "MBR", "89", "90", "L", "ab", "el", "le", "d", "F1", "88", "87", "Non-Inc", "All", "Disc", "Gen", "BSO", "LaSO"], "regionBoundary": {"x2": 277.0, "y1": 61.8900146484375, "x1": 94.384033203125, "y2": 229.50518798828125}, "caption": "Figure 1: Reranking 100 samples of dev set sentences generated by discriminative non-incremental model.", "page": 6}]}, "figures": [{"page_width": 0, "caption_boundary": {"x2": 403.153567843967, "y1": 339.9216122097439, "x1": 100.0, "y2": 364.86256917317706}, "name": "1", "caption_text": "Figure 1: Reranking 100 samples of dev set sentences generated by discriminative non-incremental model.", "figure_type": "Figure", "uri": null, "page_height": 0, "figure_boundary": {"x2": 385.0, "y1": 91.0, "x1": 125.0, "y2": 318.0}, "page": 6, "dpi": 0}, {"page_width": 0, "caption_boundary": {"x2": 556.6225263807509, "y1": 357.12852478027344, "x1": 273.29720391167535, "y2": 365.4652913411458}, "name": "2", "caption_text": "Figure 2: Influence of beam size on the dev results.", "figure_type": "Figure", "uri": null, "page_height": 0, "figure_boundary": {"x2": 644.0, "y1": 87.0, "x1": 195.0, "y2": 336.0}, "page": 7, "dpi": 0}, {"page_width": 0, "caption_boundary": {"x2": 729.9243503146702, "y1": 662.317403157552, "x1": 426.7708248562283, "y2": 687.2583177354601}, "name": "1", "caption_text": "Table 1: Results on the test set. The results of NonIncremental parsers are shown only as a reference.", "figure_type": "Table", "uri": null, "page_height": 0, "figure_boundary": {"x2": 727.0, "y1": 397.0, "x1": 430.0, "y2": 645.0}, "page": 7, "dpi": 0}], "error": null, "pdf": "/work/host-output/8c660ea2e44a5a1c38385847d448f5dedb6c36eb/2020.acl-main.378.pdf", "dpi": 100}