{"raw_detected_boxes": [[], [{"x2": 729.0, "y1": 90.0, "x1": 107.0, "y2": 471.0}], [], [{"x2": 705.0, "y1": 86.0, "x1": 115.0, "y2": 176.0}, {"x2": 696.0, "y1": 663.0, "x1": 461.0, "y2": 797.0}], [{"x2": 729.0, "y1": 88.0, "x1": 102.0, "y2": 218.0}], [{"x2": 401.0, "y1": 88.0, "x1": 100.0, "y2": 235.0}], []], "raw_pdffigures_output": {"regionless-captions": [], "figures": [{"figType": "Table", "name": "4", "captionBoundary": {"x2": 277.2134704589844, "y1": 189.90652465820312, "x1": 84.74600219726562, "y2": 195.90899658203125}, "imageText": ["Model", "Model", "Type", "Avg.", "QWK", "score", "CNN", "Word-level", "0.902", "LSTM", "Word-level", "0.927", "Bi-LSTM", "Word-level", "0.921", "LSTM", "+", "attention", "Word-level", "0.931", "CNN-CNN", "Sentence-level", "0.934", "LSTM-LSTM", "Sentence-level", "0.937", "CNN-LSTM-ATT", "Sentence-level", "0.952", "LSTM-LSTM-ATT", "Sentence-level", "0.957"], "regionBoundary": {"x2": 293.0, "y1": 63.8900146484375, "x1": 72.0, "y2": 172.8900146484375}, "caption": "Table 4: Average QWK scores on EFCAMDAT", "page": 5}, {"figType": "Table", "name": "3", "captionBoundary": {"x2": 443.8127746582031, "y1": 173.77651977539062, "x1": 153.42300415039062, "y2": 179.77899169921875}, "imageText": ["Model", "Binary", "Task", "DIRC", "Task", "Incorrect", "tag", "Insertion", "tag", "Replacement", "tag", "Deletion", "tag", "Prec.", "Rec.", "F0.5", "Prec.", "Rec.", "F0.5", "Prec.", "Rec.", "F0.5", "Prec.", "Rec.", "F0.5", "Rei", "and", "S\u00f8gaard", "(2018)", "65.5", "28.6", "52", "BiLSTM-CRF", "+", "word2vec", "89", "13.8", "42.6", "57.2", "12.1", "32.9", "82.9", "22.4", "53.9", "67.6", "3.1", "13.2", "BiLSTM-CRF", "+", "Flair", "68.9", "24.6", "50.7", "53.8", "20.2", "40.4", "72.8", "28.3", "55.4", "59.6", "10.1", "30.17", "BiLSTM-CRF", "+", "BERT", "71.1", "35.7", "59.4", "53.2", "23.8", "42.7", "73.1", "36.1", "60.7", "53.9", "24.1", "43.2", "BiLSTM-CRF", "+", "BERT", "+Flair", "72.3", "36.7", "60.6", "54.6", "25.3", "44.3", "73.5", "40.6", "63.3", "59", "24.9", "46.3"], "regionBoundary": {"x2": 526.0, "y1": 64.8900146484375, "x1": 72.0, "y2": 156.8900146484375}, "caption": "Table 3: Evaluation on FCE-public test set in DIRC task and binary task", "page": 4}, {"figType": "Figure", "name": "1", "captionBoundary": {"x2": 405.0029602050781, "y1": 356.8885498046875, "x1": 192.54100036621094, "y2": 362.8910217285156}, "imageText": [], "regionBoundary": {"x2": 526.0, "y1": 61.8900146484375, "x1": 72.0, "y2": 339.8900146484375}, "caption": "Figure 1: The screenshot of the system LinggleWrite", "page": 1}, {"figType": "Table", "name": "1", "captionBoundary": {"x2": 369.0729064941406, "y1": 141.36856079101562, "x1": 228.16200256347656, "y2": 147.37103271484375}, "imageText": ["?", "Deletion", "Edit", "search", "for", "TERM", "optionally", "discuss", "?about", "this", "issue", "*", "Insertion", "Edit", "match", "zero", "or", "any", "words", "good", "*", "this", "Replacement", "Edit", "match", "one", "word", "not", "me", "to", "Operators", "Corresponding", "edit", "types", "Description", "Example"], "regionBoundary": {"x2": 513.0, "y1": 68.0152816772461, "x1": 82.0, "y2": 128.8900146484375}, "caption": "Table 1: Query operator instruction", "page": 3}, {"figType": "Table", "name": "2", "captionBoundary": {"x2": 512.8031616210938, "y1": 586.0985717773438, "x1": 319.7080078125, "y2": 592.1010131835938}, "imageText": ["CEFR", "Level", "#Essays", "#Training", "A1", "460,614", "1,903", "A2", "300,188", "1,903", "B1", "166,453", "1,903", "B2", "60,844", "1,903", "C1", "14,551", "1,903", "C2", "1,903", "1,903"], "regionBoundary": {"x2": 501.0, "y1": 477.8900146484375, "x1": 332.0, "y2": 573.8900146484375}, "caption": "Table 2: Description of the EFCAMDAT dataset", "page": 3}]}, "figures": [{"page_width": 0, "caption_boundary": {"x2": 562.5041113959418, "y1": 495.6785413953993, "x1": 267.4180560641818, "y2": 504.01530795627167}, "name": "1", "caption_text": "Figure 1: The screenshot of the system LinggleWrite", "figure_type": "Figure", "uri": null, "page_height": 0, "figure_boundary": {"x2": 729.0, "y1": 90.0, "x1": 102.0, "y2": 471.0}, "page": 1, "dpi": 0}, {"page_width": 0, "caption_boundary": {"x2": 512.6012590196398, "y1": 196.34522332085504, "x1": 316.8916702270508, "y2": 204.68198988172742}, "name": "1", "caption_text": "Table 1: Query operator instruction", "figure_type": "Table", "uri": null, "page_height": 0, "figure_boundary": {"x2": 713.0, "y1": 86.0, "x1": 114.0, "y2": 179.0}, "page": 3, "dpi": 0}, {"page_width": 0, "caption_boundary": {"x2": 712.2266133626301, "y1": 814.0257941351996, "x1": 444.0388997395833, "y2": 822.3625183105469}, "name": "2", "caption_text": "Table 2: Description of the EFCAMDAT dataset", "figure_type": "Table", "uri": null, "page_height": 0, "figure_boundary": {"x2": 696.0, "y1": 663.0, "x1": 444.0, "y2": 814.0}, "page": 3, "dpi": 0}, {"page_width": 0, "caption_boundary": {"x2": 616.4066314697266, "y1": 241.3562774658203, "x1": 213.08750576443143, "y2": 249.6930440266927}, "name": "3", "caption_text": "Table 3: Evaluation on FCE-public test set in DIRC task and binary task", "figure_type": "Table", "uri": null, "page_height": 0, "figure_boundary": {"x2": 731.0, "y1": 88.0, "x1": 99.0, "y2": 218.0}, "page": 4, "dpi": 0}, {"page_width": 0, "caption_boundary": {"x2": 385.01870897081164, "y1": 263.7590620252821, "x1": 117.70278082953558, "y2": 272.0958285861545}, "name": "4", "caption_text": "Table 4: Average QWK scores on EFCAMDAT", "figure_type": "Table", "uri": null, "page_height": 0, "figure_boundary": {"x2": 407.0, "y1": 88.0, "x1": 100.0, "y2": 240.0}, "page": 5, "dpi": 0}], "error": null, "pdf": "/work/host-output/8bf154cc71bd1e50fd72eeac7cbc642f2797fe7d/2020.acl-demos.17.pdf", "dpi": 100}