{"raw_detected_boxes": [[{"x2": 718.0, "y1": 316.0, "x1": 444.0, "y2": 362.0}], [], [], [{"x2": 726.0, "y1": 90.0, "x1": 111.0, "y2": 308.0}], [{"x2": 718.0, "y1": 148.0, "x1": 437.0, "y2": 195.0}], [{"x2": 722.0, "y1": 95.0, "x1": 109.0, "y2": 669.0}], [{"x2": 718.0, "y1": 93.0, "x1": 109.0, "y2": 447.0}], [], [], [], [], [{"x2": 676.0, "y1": 94.0, "x1": 481.0, "y2": 384.0}, {"x2": 676.0, "y1": 485.0, "x1": 480.0, "y2": 995.0}]], "raw_pdffigures_output": {"regionless-captions": [], "figures": [{"figType": "Figure", "name": "1", "captionBoundary": {"x2": 527.2005004882812, "y1": 281.9105529785156, "x1": 307.2760009765625, "y2": 311.82305908203125}, "imageText": ["org:subsidiaries", "tail", "(obj)", "head", "(subj)", "[...]", "included", "Aerolineas\u2019s", "domestic", "subsidiary,", "Austral."], "regionBoundary": {"x2": 526.0, "y1": 221.8900146484375, "x1": 307.0, "y2": 269.8900146484375}, "caption": "Figure 1: Example relation from TACRED. The sentence contains the relation org:subsidiaries between the head and tail entities \u2018Aerolineas\u2019 and \u2018Austral\u2019.", "page": 0}, {"figType": "Table", "name": "2", "captionBoundary": {"x2": 525.5443115234375, "y1": 493.758544921875, "x1": 71.69100189208984, "y2": 525.166015625}, "imageText": ["S-Att.", "89.9", "81.8", "22.7", "32.8", "75.7", "78.1", "34.1", "38.9", "40.8", "44.8", "26.1", "38.2", "60.7", "81.1", "57.6", "+", "ELMo", "96.6", "87.8", "24.9", "30.6", "74.1", "79.1", "36.0", "41.4", "39.2", "44.1", "26.4", "37.9", "64.1", "83.4", "64.7", "+", "BERT", "\u2193", "96.2", "87.0", "25.9", "31.4", "75.6", "76.5", "35.3", "40.8", "39.8", "44.4", "25.4", "39.1", "61.8", "81.3", "63.9", "+", "BERT", "\u2191", "96.5", "87.3", "26.1", "32.6", "76.8", "78.0", "34.7", "40.9", "40.0", "44.0", "25.7", "38.1", "62.2", "81.7", "63.8", "S-Att.", "\u2297", "79.5", "56.5", "29.0", "44.3", "91.2", "79.5", "29.6", "43.0", "36.1", "60.3", "26.1", "39.6", "64.7", "79.5", "65.9", "+", "ELMo", "78.2", "44.4", "25.1", "31.5", "72.3", "77.1", "31.6", "37.5", "34.4", "34.8", "26.2", "36.7", "62.1", "75.9", "66.6", "+", "BERT", "\u2193", "82.4", "66.9", "36.2", "33.2", "74.9", "76.8", "32.0", "37.6", "38.0", "41.3", "27.4", "37.6", "63.0", "79.8", "66.7", "+", "BERT", "\u2191", "80.0", "69.0", "31.9", "32.8", "78.6", "76.6", "30.3", "34.2", "37.5", "39.2", "27.0", "38.2", "60.4", "79.9", "66.9", "GCN", "93.0", "81.9", "18.8", "35.5", "86.0", "74.4", "48.6", "48.8", "51.2", "52.3", "24.0", "49.9", "74.2", "85.9", "57.4", "+", "ELMo", "96.3", "86.2", "18.7", "29.3", "77.5", "74.0", "50.4", "52.0", "48.9", "51.7", "23.2", "47.4", "77.1", "86.9", "62.1", "+", "BERT", "\u2193", "96.0", "85.2", "20.7", "31.2", "83.6", "74.2", "48.6", "52.4", "47.4", "50.4", "23.9", "48.7", "74.4", "85.3", "62.9", "+", "BERT", "\u2191", "96.3", "85.7", "21.4", "32.9", "84.3", "75.3", "50.1", "54.6", "48.6", "52.5", "24.5", "49.2", "76.3", "85.8", "61.5", "GCN", "\u2297", "87.6", "67.4", "18.1", "33.1", "81.6", "72.8", "36.8", "51.1", "44.8", "48.8", "24.1", "47.3", "73.2", "83.0", "63.7", "+", "ELMo", "92.7", "68.6", "18.6", "26.4", "76.8", "71.4", "41.9", "50.4", "43.6", "45.1", "23.8", "47.1", "76.3", "83.9", "65.4", "+", "BERT", "\u2193", "93.5", "71.5", "22.0", "33.3", "88.5", "73.8", "44.9", "50.6", "44.7", "47.7", "24.4", "49.1", "72.6", "82.3", "66.3", "+", "BERT", "\u2191", "93.4", "72.0", "23.7", "33.2", "90.4", "73.9", "42.8", "50.1", "44.0", "48.3", "24.9", "48.0", "72.9", "83.0", "65.9", "Bi-LSTM", "93.4", "81.2", "42.0", "47.9", "99.4", "79.2", "41.2", "50.8", "50.6", "68.4", "28.7", "41.7", "69.3", "85.2", "55.3", "+", "ELMo", "96.4", "89.6", "27.9", "47.0", "97.9", "80.9", "47.8", "52.5", "67.2", "72.6", "25.2", "42.8", "72.1", "90.0", "61.8", "+", "BERT", "\u2193", "96.0", "87.3", "31.0", "45.5", "99.1", "78.8", "46.1", "55.6", "61.7", "71.3", "26.6", "42.7", "72.2", "87.7", "62.5", "+", "BERT", "\u2191", "96.0", "87.7", "28.6", "45.3", "97.7", "80.4", "48.0", "50.9", "61.4", "67.4", "25.1", "42.3", "70.8", "87.0", "63.1", "Bi-LSTM", "\u2297", "81.9", "71.4", "27.6", "35.6", "90.6", "73.2", "36.1", "40.5", "59.3", "66.4", "25.7", "38.4", "64.6", "85.3", "62.9", "+", "ELMo", "82.8", "50.7", "30.6", "19.7", "73.4", "65.0", "32.0", "35.9", "37.9", "41.8", "28.0", "32.2", "63.0", "79.5", "64.1", "+", "BERT", "\u2193", "82.3", "77.9", "34.1", "25.6", "87.6", "68.4", "32.5", "36.7", "61.5", "64.7", "27.6", "35.1", "66.6", "86.0", "65.4", "+", "BERT", "\u2191", "81.7", "79.6", "30.2", "21.3", "81.1", "67.0", "30.6", "33.8", "55.9", "55.1", "27.3", "34.2", "64.1", "84.9", "66.1", "CNN", "94.0", "85.8", "47.6", "88.1", "98.8", "84.5", "70.7", "76.1", "84.0", "86.5", "28.5", "44.0", "78.0", "88.6", "55.9", "+", "ELMo", "97.0", "90.2", "48.7", "91.7", "99.1", "84.3", "76.1", "81.2", "86.6", "90.1", "28.3", "45.0", "82.8", "91.9", "58.8", "+", "BERT", "\u2193", "95.9", "88.8", "44.7", "46.0", "93.8", "79.9", "64.7", "74.4", "80.8", "88.4", "29.4", "41.0", "77.7", "90.0", "59.7", "+", "BERT", "\u2191", "96.1", "88.8", "48.0", "43.7", "91.9", "80.0", "56.9", "70.3", "80.1", "87.5", "28.0", "41.3", "75.0", "89.6", "61.0", "CNN", "\u2297", "84.2", "60.9", "46.4", "58.3", "94.3", "81.5", "44.3", "50.9", "54.4", "63.9", "27.7", "40.0", "68.5", "82.0", "59.5", "+", "ELMo", "82.8", "69.8", "47.4", "75.6", "98.1", "82.9", "54.2", "60.2", "65.4", "77.3", "28.7", "42.4", "71.9", "85.0", "61.7", "+", "BERT", "\u2193", "87.6", "80.3", "50.9", "29.3", "83.2", "72.4", "39.3", "46.1", "67.7", "80.7", "30.1", "36.9", "67.1", "87.4", "65.3", "+", "BERT", "\u2191", "87.2", "79.3", "50.6", "25.3", "78.3", "69.8", "39.6", "42.9", "59.9", "77.5", "30.3", "35.1", "65.6", "86.9", "66.1", "Majority", "vote", "66.4", "33.5", "14.5", "14.8", "54.7", "51.0", "22.8", "23.0", "26.9", "20.0", "23.7", "28.4", "58.4", "75.2", "-", "Length", "66.4", "33.5", "100.0", "13.8", "54.8", "59.4", "18.6", "24.7", "26.9", "20.1", "30.5", "29.6", "58.4", "75.2", "-", "ArgDist", "66.4", "33.5", "16.5", "100.0", "54.7", "77.5", "14.9", "23.0", "26.9", "19.8", "23.8", "35.3", "58.4", "75.2", "-", "BoE", "77.7", "47.6", "61.1", "22.6", "97.3", "66.5", "33.7", "41.5", "32.5", "36.3", "29.8", "31.0", "66.3", "77.4", "39.4", "Type", "Head", "Type", "Tail", "Sent", "Len", "Arg", "Dist", "Arg", "Ord", "Ent", "Exist", "PosL", "Head", "PosR", "Head", "PosL", "Tail", "PosR", "Tail", "Tree", "Dep", "SDP", "Dep", "GR", "Head", "GR", "Tail", "F1", "score"], "regionBoundary": {"x2": 520.0, "y1": 65.8900146484375, "x1": 78.0, "y2": 481.8900146484375}, "caption": "Table 2: TACRED probing task accuracies and model F1 scores on the test set. \u2191 and \u2193 indicate the cased and uncased version of BERT, \u2297 models with entity masking. Probing task classification is performed by a logistic regression on the representations sj of all sentences in the dataset.", "page": 5}, {"figType": "Table", "name": "3", "captionBoundary": {"x2": 525.5479736328125, "y1": 334.3565368652344, "x1": 71.69100189208984, "y2": 365.7629699707031},