{"raw_detected_boxes": [[], [{"x2": 350.0, "y1": 97.0, "x1": 140.0, "y2": 488.0}, {"x2": 692.0, "y1": 95.0, "x1": 466.0, "y2": 486.0}], [], [], [], []], "raw_pdffigures_output": {"regionless-captions": [], "figures": [{"figType": "Figure", "name": "2", "captionBoundary": {"x2": 525.5465087890625, "y1": 379.4635314941406, "x1": 307.2760009765625, "y2": 397.4209899902344}, "imageText": [], "regionBoundary": {"x2": 503.0, "y1": 61.8900146484375, "x1": 330.0, "y2": 367.8900146484375}, "caption": "Figure 2: Screenshot of the application with the card George R. R. Martin.", "page": 1}, {"figType": "Figure", "name": "1", "captionBoundary": {"x2": 290.2705993652344, "y1": 379.4635314941406, "x1": 72.0, "y2": 397.4209899902344}, "imageText": [], "regionBoundary": {"x2": 267.0, "y1": 61.8900146484375, "x1": 95.0, "y2": 367.8900146484375}, "caption": "Figure 1: Screenshot of the application with the card Movie Star.", "page": 1}]}, "figures": [{"page_width": 0, "caption_boundary": {"x2": 403.1536102294922, "y1": 527.0326826307509, "x1": 100.0, "y2": 551.9735972086588}, "name": "1", "caption_text": "Figure 1: Screenshot of the application with the card Movie Star.", "figure_type": "Figure", "uri": null, "page_height": 0, "figure_boundary": {"x2": 367.0, "y1": 93.0, "x1": 139.0, "y2": 505.0}, "page": 1, "dpi": 0}, {"page_width": 0, "caption_boundary": {"x2": 729.9257066514757, "y1": 527.0326826307509, "x1": 426.772223578559, "y2": 551.9735972086588}, "name": "2", "caption_text": "Figure 2: Screenshot of the application with the card George R. R. Martin.", "figure_type": "Figure", "uri": null, "page_height": 0, "figure_boundary": {"x2": 694.0, "y1": 94.0, "x1": 466.0, "y2": 503.0}, "page": 1, "dpi": 0}], "error": null, "pdf": "/work/host-output/06495601ac9c0a928af4bc9e3dc40fcd1170eb26/2020.acl-demos.4.pdf", "dpi": 100}