{"raw_detected_boxes": [[], [{"x2": 400.0, "y1": 80.0, "x1": 107.0, "y2": 235.0}], [{"x2": 704.0, "y1": 80.0, "x1": 143.0, "y2": 481.0}], [{"x2": 654.0, "y1": 81.0, "x1": 108.0, "y2": 236.0}], [{"x2": 733.0, "y1": 106.0, "x1": 451.0, "y2": 519.0}], [{"x2": 607.0, "y1": 82.0, "x1": 240.0, "y2": 206.0}, {"x2": 644.0, "y1": 269.0, "x1": 204.0, "y2": 437.0}], [{"x2": 643.0, "y1": 99.0, "x1": 204.0, "y2": 268.0}]], "raw_pdffigures_output": {"regionless-captions": [], "figures": [{"figType": "Table", "name": "1", "captionBoundary": {"x2": 441.2705078125, "y1": 326.9927673339844, "x1": 169.8000030517578, "y2": 333.0799865722656}, "imageText": ["Systran", "8.11%", "37.84%", "18.92%", "35.14%", "0%", "0%", "1", "1263", "16.22%", "2.70%", "18.92%", "18.92%", "18.92%", "24.32%", "2", "2733", "16.22%", "2.70%", "32.43%", "5.41%", "27.03%", "16.22%", "3", "8228", "18.92%", "5.41%", "32.43%", "5.41%", "24.32%", "13.51%", "4", "14192", "18.92%", "5.41%", "32.43%", "5.41%", "24.32%", "13.51%", "5", "22147", "18.92%", "5.41%", "32.43%", "5.41%", "24.32%", "13.51%", "6", "27039", "18.92%", "5.41%", "32.43%", "5.41%", "27.03%", "10.81%", "\u221e", "33479", "18.92%", "5.41%", "32.43%", "5.41%", "24.32%", "13.51%", "Corpus", "Categorical", "accuracy", "Max.", "Size", "Correct", "Incorrect", "Partial", "Depth", "Exact", "Alternate", "Ungr.", "Wrong", "Exact", "Alternate"], "regionBoundary": {"x2": 465.0, "y1": 193.0, "x1": 147.0, "y2": 315.0}, "caption": "Table 1: Results of English to German translation experiments", "page": 5}, {"figType": "Figure", "name": "4", "captionBoundary": {"x2": 420.7397766113281, "y1": 175.07275390625, "x1": 191.0399932861328, "y2": 181.15997314453125}, "imageText": ["then", "ADVP", "it", "NP", "do", "VB", "VP", "PPP", "we", "NP", "shall", "MD", "SXXXX#", "dann", "ADVX", "es", "NX", "wir", "NX", "MF", "PPP", "machen", "LK", "S", "PPP"], "regionBoundary": {"x2": 436.5916442871094, "y1": 53.0, "x1": 172.8000030517578, "y2": 147.79998779296875}, "caption": "Figure 4: Example of a linked tree pair in Verbmobil", "page": 5}, {"figType": "Figure", "name": "1", "captionBoundary": {"x2": 261.9272766113281, "y1": 197.63275146484375, "x1": 107.04000091552734, "y2": 205.4000244140625}, "imageText": ["Charles", "NP", "a\u0300", "P", "PP", "QQ", "pla\u0131\u0302t", "V", "VP", "HH", "Anne", "!!!", "NP", "S", "aaa", "Anne", "NP", "likes", "V", "VP", "QQ", "Charles", "!!!", "NP", "S", "aaa"], "regionBoundary": {"x2": 290.4327087402344, "y1": 53.0, "x1": 75.95999908447266, "y2": 169.76043701171875}, "caption": "Figure 1: A linked tree pair hTs;Tti.", "page": 1}, {"figType": "Table", "name": "2", "captionBoundary": {"x2": 441.2596130371094, "y1": 205.67279052734375, "x1": 169.8000030517578, "y2": 211.760009765625}, "imageText": ["Systran", "12.82%", "25.64%", "20.51%", "41.03%", "0%", "0%", "1", "1263", "15.38%", "2.56%", "12.82%", "12.82%", "41.03%", "15.38%", "2", "2733", "12.82%", "7.69%", "12.82%", "12.82%", "35.90%", "17.95%", "3", "8228", "12.82%", "10.26%", "12.82%", "7.69%", "38.46%", "17.95%", "4", "14192", "15.38%", "7.69%", "12.82%", "10.26%", "35.90%", "17.95%", "5", "22147", "15.38%", "5.13%", "12.82%", "12.82%", "35.90%", "17.95%", "6", "27039", "15.38%", "5.13%", "12.82%", "10.26%", "38.46%", "17.95%", "\u221e", "33479", "15.38%", "7.69%", "12.82%", "7.69%", "38.46%", "17.95%", "Corpus", "Categorical", "accuracy", "Max.", "Size", "Correct", "Incorrect", "Partial", "Depth", "Exact", "Alternate", "Ungr.", "Wrong", "Exact", "Alternate"], "regionBoundary": {"x2": 465.0, "y1": 71.0, "x1": 147.0, "y2": 194.0}, "caption": "Table 2: Results of German to English translation experiments", "page": 6}, {"figType": "Figure", "name": "2", "captionBoundary": {"x2": 417.3600158691406, "y1": 374.8727722167969, "x1": 194.63999938964844, "y2": 382.6400146484375}, "imageText": ["Anne", "NP", "Anne", "NP", "Charles", "NP", "Charles", "NP", "NP", "a\u0300", "P", "PP", "@", "pla\u0131\u0302t", "V", "NP", "VP", "bb\"\"", "S", "HH", "NP", "likes", "V", "NP", "VP", "Z", "S", "HH", "Charles", "NP", "a\u0300", "P", "PP", "QQ", "pla\u0131\u0302t", "V", "NP", "VP", "HH", "S", "aa!!", "NP", "likes", "V", "VP", "Z", "Charles", "!!!", "NP", "S", "aaa", "NP", "a\u0300", "P", "PP", "@", "pla\u0131\u0302t", "V", "VP", "bb\"\"", "Anne", "!!!", "NP", "S", "aaa", "Anne", "NP", "likes", "V", "NP", "VP", "QQ", "S", "HH", "Charles", "NP", "a\u0300", "P", "PP", "QQ", "pla\u0131\u0302t", "V", "VP", "HH", "Anne", "!!!", "NP", "S", "aaa", "Anne", "NP", "likes", "V", "VP", "QQ", "Charles", "!!!", "NP", "S", "aaa"], "regionBoundary": {"x2": 507.1432189941406, "y1": 53.0, "x1": 102.23999786376953, "y2": 346.8800048828125}, "caption": "Figure 2: The bag of linked subtree pairs of hTs;Tti", "page": 2}, {"figType": "Figure", "name": "3", "captionBoundary": {"x2": 386.0058898925781, "y1": 185.03277587890625, "x1": 225.72000122070312, "y2": 191.1199951171875}, "imageText": ["Anne", "NP", "a\u0300", "P", "PP", "l,", "pla\u0131\u0302t", "V", "NP", "VP", "bb\"\"", "S", "HH", "NP", "likes", "V", "VP", "Z", "Anne", "NP", "S", "HH", "Anne", "=", "NP", "Anne", "\u00c6", "NP", "NP", "a\u0300", "P", "PP", "@", "pla\u0131\u0302t", "V", "NP", "VP", "bb\"\"", "S", "HH", "NP", "likes", "V", "NP", "VP", "Z", "S", "HH"], "regionBoundary": {"x2": 470.743408203125, "y1": 53.0, "x1": 77.04000091552734, "y2": 169.76043701171875}, "caption": "Figure 3: The composition operation", "page": 3}, {"figType": "Figure", "name": "5", "captionBoundary": {"x2": 535.732666015625, "y1": 392.27276611328125, "x1": 318.9599914550781, "y2": 398.3599853515625}, "imageText": ["Partial", "Alternate", "Ich", "habe", "Preise", "vom", "Parkhotel", "Hannover", "da.", "Verbmobil:", "I", "have", "got", "prices", "for", "Hannover", "Parkhotel", "here.", "Translated", "as:", "for", "Parkhotel", "Hannover", "Partial", "Exact", "And", "as", "said", "I", "think", "the", "location", "of", "the", "branch", "of\ufb01ce", "is", "posh.", "Verbmobil:", "Und", "wie", "gesagt", "ich", "denke", "die", "Lage", "zur", "Filiale", "spricht", "Ba\u0308nde", "ist.", "Translated", "as:", "ich", "denke", "die", "Lage", "Wrong", "Es", "ist", "ja", "keine", "Beho\u0308rde.", "Verbmobil:", "It", "is", "not", "an", "administrative", "of\ufb01ce", "you", "know.", "Translated", "as:", "There", "is", "not", "an", "administrative", "of\ufb01ce", "you", "know.", "Alternate", "I", "will", "book", "the", "trains.", "Verbmobil:", "Ich", "buche", "die", "Zu\u0308ge.", "Translated", "as:", "Ich", "werde", "die", "Zu\u0308ge", "reservieren.", "Exact", "That", "would", "be", "very", "interesting.", "Verbmobil:", "Das", "wa\u0308re", "sehr", "interessant.", "Translated", "as:", "Das", "wa\u0308re", "sehr", "interessant."], "regionBoundary": {"x2": 526.8618774414062, "y1": 74.3755874633789, "x1": 325.6734619140625, "y2": 376.8991394042969}, "caption": "Figure 5: Translation and classification examples.", "page": 4}]}, "figures": [{"page_width": 0, "caption_boundary": {"x2": 363.78788418240015, "y1": 274.48993259006073, "x1": 148.66666793823242, "y2": 285.2778116861979}, "name": "1", "caption_text": "Figure 1: A linked tree pair hTs;Tti.", "figure_type": "Figure", "uri": null, "page_height": 0, "figure_boundary": {"x2": 403.0, "y1": 80.0, "x1": 107.0, "y2": 236.0}, "page": 1, "dpi": 0}, {"page_width": 0, "caption_boundary": {"x2": 579.6666887071398, "y1": 520.6566280788845, "x1": 270.3333324856228, "y2": 531.4444647894965}, "name": "2", "caption_text": "Figure 2: The bag of linked subtree pairs of hTs;Tti", "figure_type": "Figure", "uri": null, "page_height": 0, "figure_boundary": {"x2": 705.0, "y1": 80.0, "x1": 143.0, "y2": 482.0}, "page": 2, "dpi": 0}, {"page_width": 0, "caption_boundary": {"x2": 536.1192915174696, "y1": 256.9899664984809, "x1": 313.500001695421, "y2": 265.44443766276044}, "name": "3", "caption_text": "Figure 3: The composition operation", "figure_type": "Figure", "uri": null, "page_height": 0, "figure_boundary": {"x2": 654.0, "y1": 80.0, "x1": 107.0,