{"raw_detected_boxes": [[], [{"x2": 711.0, "y1": 99.0, "x1": 476.0, "y2": 204.0}], [{"x2": 382.0, "y1": 99.0, "x1": 108.0, "y2": 219.0}], [{"x2": 642.0, "y1": 101.0, "x1": 207.0, "y2": 292.0}], [], [{"x2": 672.0, "y1": 75.0, "x1": 185.0, "y2": 241.0}], []], "raw_pdffigures_output": {"regionless-captions": [{"figType": "Figure", "boundary": {"x2": 386.760009765625, "y1": 198.92001342773438, "x1": 220.1999969482422, "y2": 204.32000732421875}, "text": "Figure 6: Constraint graph for (2).", "name": "6", "page": 5}], "figures": [{"figType": "Figure", "name": "1", "captionBoundary": {"x2": 539.8799438476562, "y1": 171.92001342773438, "x1": 315.0, "y2": 177.32000732421875}, "imageText": ["name", "var", "mary", "love", "var", "var", "man", "var", "8", ")", "woman", "var", "^", "9", "^"], "regionBoundary": {"x2": 511.0, "y1": 72.7398910522461, "x1": 338.760009765625, "y2": 146.1199951171875}, "caption": "Figure 1: DPL structure for the meaning of (1).", "page": 1}, {"figType": "Figure", "name": "2", "captionBoundary": {"x2": 255.7198944091797, "y1": 174.43997192382812, "x1": 113.15992736816406, "y2": 179.8399658203125}, "imageText": ["R", "::=", "+", "j", "+", "j", "=", "j", "?", "j", "R", "[R", "j", "R", "\\R", "j", ":R", "j", "R", "1", "'", "::=", "X:f(X1;", ":", ":", ":", ";Xn)", "(fjn", "2", ")", "j", "XRY", "j", ":(X", "Y", "Z)", "j", "(X)=Y", "j", "'", "^", "'0:"], "regionBoundary": {"x2": 276.2399597167969, "y1": 73.28006744384766, "x1": 77.04000091552734, "y2": 156.91998291015625}, "caption": "Figure 2: Syntax of CL(DPL)", "page": 2}, {"figType": "Figure", "name": "3", "captionBoundary": {"x2": 386.760009765625, "y1": 235.63998413085938, "x1": 220.1999969482422, "y2": 241.03997802734375}, "imageText": ["name", "Z2", "var", "Z3", "mary", "Z4", "Y3", "love", "W", "var", "var", "woman", "Y2", "var", "9", "Y", "^", "Y1", "X2", "man", "var", "8", "X", ")", "X1", "^", "Z0", "Z1"], "regionBoundary": {"x2": 463.1999816894531, "y1": 74.06002044677734, "x1": 148.32000732421875, "y2": 209.9600830078125}, "caption": "Figure 3: Constraint graph for (1).", "page": 3}, {"figType": "Figure", "name": "4", "captionBoundary": {"x2": 373.4398193359375, "y1": 153.31985473632812, "x1": 233.75982666015625, "y2": 158.7198486328125}, "imageText": ["(Dyn3)", "(X)=Y", "^", "Z:f(Z1;", ":", ":", ":", ";", "Zn)", "^", "Zi", "X", "^", "Zj", "Y", "!", "false", "(fjn", "2", "con", "dyn", "con", ";", "i", "6=", "j)", "(Dyn4)", "(X)=Y", "^", "Z:f(Z1;", ":", ":", ":", ";", "Zn)", "^", "Zi", "X", "^", "Zj", "Y", "!", "false", "(fjn", "2", ";", "i", "<", "j)", "(f", "2", "dyncon", ";", "gjn", "2", "stat", "con", ")", "(Dyn1)", "(X)=Y", "^", "Y", ":8(Y", "0)", "!", "Y", "X", "(Dyn2)", "(X)=Y", "^", "Z:f(Z1;", "Z2)", "^", "Z1", "Y", "^", "Z2", "X", "^W", ":g(W1;", ":", ":", ":", ";Wn)", "!", ":(Z1", "W", "Y", ")"], "regionBoundary": {"x2": 531.239990234375, "y1": 72.86006927490234, "x1": 77.0399169921875, "y2": 138.31988525390625}, "caption": "Figure 4: Properness axioms.", "page": 4}, {"figType": "Figure", "name": "5", "captionBoundary": {"x2": 486.1197814941406, "y1": 339.4398498535156, "x1": 120.95973205566406, "y2": 344.83984375}, "imageText": ["(NonI1)", ":(X", "Y", "Z)", "^X", "Y", "!", "Y", ":", "Z", "(NonI2)", ":(X", "Y", "Z)", "^", "Y", "Z", "!", "X:", "Y", "Y", "(NegDom)", "X:?Y", "^X", "?Z", "!", "Z:", "Y", "(Inter)", "XR1Y", "^", "XR2Y", "!", "XRY", "if", "R1\\R2", "R", "(Inv)", "XRY", "!", "Y", "R", "1X", "(Child:down)", "X", "+Y", "^X:f(X1;", ":", ":", ":", ";Xn)", "^", "Vn", "i=1;i6=j", "Xi:", "Y", "!", "Xi", "(NegDisj)", "X", "Z", "^", "Y", "Z", "!", "X:?Y", "(Lab:Disj)", "X:f(:", ":", ":", ";Xi;", ":", ":", ":", ";Xj", ";", ":", ":", ":)", "!", "Xi?Xj", "where", "i", "<", "j", "(Trans)", "X", "Y", "^", "Y", "Z", "!", "X", "Z", "(Lab:Dom)", "X:f(:", ":", ":", ";", "Y;", ":", ":", ":)", "!", "X", "+Y"], "regionBoundary": {"x2": 485.75970458984375, "y1": 175.0998077392578, "x1": 123.8397216796875, "y2": 317.599853515625}, "caption": "Figure 5: Propagation rules for dominance and non-intervention constraints.", "page": 4}]}, "figures": [{"page_width": 0, "caption_boundary": {"x2": 749.833255343967, "y1": 238.77779642740884, "x1": 437.5, "y2": 246.2777879503038}, "name": "1", "caption_text": "Figure 1: DPL structure for the meaning of (1).", "figure_type": "Figure", "uri": null, "page_height": 0, "figure_boundary": {"x2": 711.0, "y1": 98.0, "x1": 470.0, "y2": 204.0}, "page": 1, "dpi": 0}, {"page_width": 0, "caption_boundary": {"x2": 355.1665200127496, "y1": 242.2777387830946, "x1": 157.16656578911676, "y2": 249.77773030598956}, "name": "2", "caption_text": "Figure 2: Syntax of CL(DPL)", "figure_type": "Figure", "uri": null, "page_height": 0, "figure_boundary": {"x2": 382.0, "y1": 99.0, "x1": 107.0, "y2": 222.0}, "page": 2, "dpi": 0}, {"page_width": 0, "caption_boundary": {"x2": 537.1666802300347, "y1": 327.2777557373047, "x1": 305.8333290947808, "y2": 334.77774726019965}, "name": "3", "caption_text": "Figure 3: Constraint graph for (1).", "figure_type": "Figure", "uri": null, "page_height": 0, "figure_boundary": {"x2": 643.0, "y1": 99.0, "x1": 207.0, "y2": 292.0}, "page": 3, "dpi": 0}, {"page_width": 0, "caption_boundary": {"x2": 537.1666802300347, "y1": 276.2777964274088, "x1": 305.8333290947808, "y2": 283.77778795030383}, "name": "6", "caption_text": "Figure 6: Constraint graph for (2).", "figure_type": "Figure", "uri": null, "page_height": 0, "figure_boundary": {"x2": 672.0, "y1": 73.0, "x1": 183.0, "y2": 241.0}, "page": 5, "dpi": 0}], "error": null, "pdf": "/work/host-output/bafb291ecae53d50d5dd575b22323f9e6f14b4e0/C00-1067.pdf", "dpi": 100}