{"raw_detected_boxes": [[], [], [], [{"x2": 343.0, "y1": 66.0, "x1": 163.0, "y2": 240.0}], [{"x2": 801.0, "y1": 48.0, "x1": 437.0, "y2": 178.0}], [{"x2": 754.0, "y1": 37.0, "x1": 443.0, "y2": 256.0}, {"x2": 752.0, "y1": 327.0, "x1": 443.0, "y2": 546.0}], []], "raw_pdffigures_output": {"regionless-captions": [{"figType": "Figure", "boundary": {"x2": 540.0, "y1": 201.3600311279297, "x1": 315.0, "y2": 217.62005615234375}, "text": "Figure 3: Classi cation Accuracy for Three Models Estimated using Basic IIS", "name": "3", "page": 5}, {"figType": "Figure", "boundary": {"x2": 540.0, "y1": 410.1600036621094, "x1": 315.0, "y2": 426.3000183105469}, "text": "Figure 4: Classi cation Accuracy for Three Models Estimated using a Gaussian Prior and IIS", "name": "4", "page": 5}], "figures": [{"figType": "Figure", "name": "2", "captionBoundary": {"x2": 535.4400024414062, "y1": 150.4800262451172, "x1": 316.44000244140625, "y2": 155.46002197265625}, "imageText": ["Max", "parses", "Size", "Rand", "SCFG", "Ref", "1", "6626", "25.2", "(51.7)", "23.3", "(50.0)", "23.4", "(50.0)", "2", "12331", "37.9", "(63.0)", "40.4", "(60.3)", "40.4", "(60.0)", "3", "17026", "43.2", "(65.5)", "43.7", "(63.8)", "43.7", "(63.8)", "5", "24878", "43.7", "(70.2)", "45.8", "(69.5)", "45.8", "(69.5)", "10", "39581", "47.4", "(72.0)", "47.0", "(70.0)", "46.9", "(70.0)", "100", "119694", "45.0", "(68.7)", "45.0", "(68.0)", "45.0", "(68.0)", "1000", "246686", "44.4", "(67.4)", "43.0", "(67.0)", "43.0", "(67.0)", "1", "267400", "43.0", "(66.0)", "43.0", "(66.0)", "43.0", "(66.0)"], "regionBoundary": {"x2": 597.0, "y1": 32.0, "x1": 314.0, "y2": 128.0}, "caption": "Figure 2: Results with various sampling strategies", "page": 4}, {"figType": "Figure", "name": "1", "captionBoundary": {"x2": 250.91998291015625, "y1": 198.35997009277344, "x1": 114.8399887084961, "y2": 203.3399658203125}, "imageText": ["tra\u00c6c", "by", "N1/n:tra\u00c6c", "P1/pn1:by", "b", "b", "\"", "\"", "unimpeded", "PP/p1:by", "A1/app1:unimpeded", "a", "a", "a", "!", "!", "!", "AP/a1:unimpeded"], "regionBoundary": {"x2": 251.3999786376953, "y1": 38.04001998901367, "x1": 117.719970703125, "y2": 172.6199951171875}, "caption": "Figure 1: TSG Parse Fragment", "page": 3}]}, "figures": [{"page_width": 0, "caption_boundary": {"x2": 348.4999762641059, "y1": 275.4999584621853, "x1": 159.49998431735568, "y2": 282.4166191948785}, "name": "1", "caption_text": "Figure 1: TSG Parse Fragment", "figure_type": "Figure", "uri": null, "page_height": 0, "figure_boundary": {"x2": 349.0, "y1": 49.0, "x1": 163.0, "y2": 241.0}, "page": 3, "dpi": 0}, {"page_width": 0, "caption_boundary": {"x2": 743.6666700575087, "y1": 209.00003645155164, "x1": 439.500003390842, "y2": 215.91669718424478}, "name": "2", "caption_text": "Figure 2: Results with various sampling strategies", "figure_type": "Figure", "uri": null, "page_height": 0, "figure_boundary": {"x2": 818.0, "y1": 45.0, "x1": 437.0, "y2": 178.0}, "page": 4, "dpi": 0}, {"page_width": 0, "caption_boundary": {"x2": 750.0, "y1": 279.66670989990234, "x1": 437.5, "y2": 302.25007798936633}, "name": "3", "caption_text": "Figure 3: Classi cation Accuracy for Three Models Estimated using Basic IIS", "figure_type": "Figure", "uri": null, "page_height": 0, "figure_boundary": {"x2": 754.0, "y1": 37.0, "x1": 443.0, "y2": 256.0}, "page": 5, "dpi": 0}, {"page_width": 0, "caption_boundary": {"x2": 750.0, "y1": 569.6666717529297, "x1": 437.5, "y2": 592.0833587646484}, "name": "4", "caption_text": "Figure 4: Classi cation Accuracy for Three Models Estimated using a Gaussian Prior and IIS", "figure_type": "Figure", "uri": null, "page_height": 0, "figure_boundary": {"x2": 754.0, "y1": 327.0, "x1": 443.0, "y2": 546.0}, "page": 5, "dpi": 0}], "error": null, "pdf": "/work/host-output/0a63dd889a534a1fc6916cd8064fcc54d49218b6/C00-1085.pdf", "dpi": 100}