{"raw_detected_boxes": [[], [{"x2": 736.0, "y1": 75.0, "x1": 460.0, "y2": 414.0}], [{"x2": 673.0, "y1": 49.0, "x1": 179.0, "y2": 133.0}], [{"x2": 732.0, "y1": 48.0, "x1": 448.0, "y2": 312.0}], [{"x2": 724.0, "y1": 74.0, "x1": 459.0, "y2": 123.0}], [{"x2": 401.0, "y1": 75.0, "x1": 107.0, "y2": 184.0}, {"x2": 748.0, "y1": 48.0, "x1": 439.0, "y2": 266.0}], []], "raw_pdffigures_output": {"regionless-captions": [], "figures": [{"figType": "Table", "name": "2", "captionBoundary": {"x2": 297.3599853515625, "y1": 33.900001525878906, "x1": 72.0, "y2": 38.94000244140625}, "imageText": ["4.2", "Evaluation", "POS-based", "7.000", "87.5%", "linear", "structure", "|", "78.7%", "*", "Each", "word", "depends", "on", "the", "next", "word.", "selectively", "lexicalized", "6.927", "89.9%", "completely", "lexicalized", "6.651", "87.1%", "entropy", "accuracy", "language", "model", "cross"], "regionBoundary": {"x2": 292.0, "y1": 51.0, "x1": 72.0, "y2": 168.29986572265625}, "caption": "Table 2: Cross entorpy and accuracy of each model.", "page": 5}, {"figType": "Figure", "name": "4", "captionBoundary": {"x2": 540.0, "y1": 217.49998474121094, "x1": 315.1199951171875, "y2": 233.8199462890625}, "imageText": ["84.0%", "86.2%", "88.1%", "89.9%", "4", "8", "12", "16", "0", "20", "parsing", "accuracy", "accuracy", "cross", "entropy", "#characters", "in", "learning", "corpus", "cross", "entropy", "%", "0", "201", "401301101", "50101", "100", "80", "60", "40", "20", "0"], "regionBoundary": {"x2": 533.920654296875, "y1": 34.98984909057617, "x1": 316.3139953613281, "y2": 189.10601806640625}, "caption": "Figure 4: Relation between cross entropy and parsing accuracy.", "page": 5}, {"figType": "Figure", "name": "2", "captionBoundary": {"x2": 529.6799926757812, "y1": 332.4599914550781, "x1": 325.199951171875, "y2": 337.5}, "imageText": ["=", "P", "(t6);", "where", "t6", "=", "t", "5", "ht", "+", "5", "w6i", "t", "5-", "t", "5+<", ">w6", "w1", "2w", "3w", "4w", "5w", "6w", "ano", "that", "ao", "blue", "i", "ending", "wa", "subj", "apple", "ringo", "kare", "he", "P", "(w6jt", "+", "5", ")", "t", "5-", "t", "5+", "?", "w1", "2w", "3w", "4w", "5w", "6w", "ano", "that", "ao", "blue", "i", "ending", "wa", "subj", "kare", "he", "P", "(t+5", "jt5)", "?", "t", "5", "w1", "2w", "3w", "4w", "5w", "6w", "ano", "that", "ao", "blue", "i", "ending", "wa", "subj", "kare", "he", "P", "(t5)"], "regionBoundary": {"x2": 530.0, "y1": 38.220069885253906, "x1": 324.239990234375, "y2": 308.94000244140625}, "caption": "Figure 2: Word prediction from a partial parse", "page": 1}, {"figType": "Figure", "name": "1", "captionBoundary": {"x2": 406.3199768066406, "y1": 124.6199722290039, "x1": 205.1999969482422, "y2": 129.65997314453125}, "imageText": ["BT", "w1", "2w", "3w", "4w", "5w", "6w", "7w", "9w8w", "10w", "tabe", "eat", "wo", "obj", "i", "ending", "ta", "past", "wa", "subj", "apple", "ringo", "ao", "blue", "ano", "that", "kare", "he"], "regionBoundary": {"x2": 484.0, "y1": 33.0, "x1": 129.0, "y2": 94.8690185546875}, "caption": "Figure 1: Dependency structure of a sentence.", "page": 2}, {"figType": "Figure", "name": "3", "captionBoundary": {"x2": 540.4800415039062, "y1": 251.8199920654297, "x1": 315.1199951171875, "y2": 268.1400146484375}, "imageText": ["1w", "w4", "1POS", "w5", "w4", "1POS", "w5", "yes", "w4", "1POS", "w5", "3w", "POS2", "w6", "1POS", "w4", "w5", "2w", "3w", "2w", "3w", "POS2", "w6", "1w", "1w", "2w", "3w", "POS2", "w6", "2w", "POS2", "w6", "yes", "no", "yes", "lexicalize", "1w"], "regionBoundary": {"x2": 531.9658813476562, "y1": 33.0, "x1": 322.0, "y2": 225.0}, "caption": "Figure 3: A conceptual gure of the lexicalization algorithm.", "page": 3}, {"figType": "Table", "name": "1", "captionBoundary": {"x2": 464.1600646972656, "y1": 33.899818420410156, "x1": 390.72003173828125, "y2": 38.9398193359375}, "imageText": ["#sentences", "#words", "#chars", "learning", "1,072", "30,292", "46,212", "test", "119", "3,268", "4,909"], "regionBoundary": {"x2": 526.0, "y1": 51.0, "x1": 329.0, "y2": 89.0}, "caption": "Table 1: Corpus.", "page": 4}]}, "figures": [{"page_width": 0, "caption_boundary": {"x2": 735.6666564941406, "y1": 461.7499881320529, "x1": 451.66659884982636, "y2": 468.75}, "name": "2", "caption_text": "Figure 2: Word prediction from a partial parse", "figure_type": "Figure", "uri": null, "page_height": 0, "figure_boundary": {"x2": 737.0, "y1": 58.0, "x1": 451.0, "y2": 429.0}, "page": 1, "dpi": 0}, {"page_width": 0, "caption_boundary": {"x2": 564.3333011203342, "y1": 173.08329476250543, "x1": 284.99999576144745, "y2": 180.08329603407117}, "name": "1", "caption_text": "Figure 1: Dependency structure of a sentence.", "figure_type": "Figure", "uri": null, "page_height": 0, "figure_boundary": {"x2": 673.0, "y1": 46.0, "x1": 179.0, "y2": 133.0}, "page": 2, "dpi": 0}, {"page_width": 0, "caption_boundary": {"x2": 750.6667243109808, "y1": 349.74998897976343, "x1": 437.6666598849826, "y2": 372.41668701171875}, "name": "3", "caption_text": "Figure 3: A conceptual gure of the lexicalization algorithm.", "figure_type": "Figure", "uri": null, "page_height": 0, "figure_boundary": {"x2": 739.0, "y1": 46.0, "x1": 448.0, "y2": 312.0}, "page": 3, "dpi": 0}, {"page_width": 0, "caption_boundary": {"x2": 644.66675652398, "y1": 47.08308113945855, "x1": 542.6667107476128, "y2": 54.08308241102431}, "name": "1", "caption_text": "Table 1: Corpus.", "figure_type": "Table", "uri": null, "page_height": 0, "figure_boundary": {"x2": 730.0, "y1": 72.0, "x1": 457.0, "y2": 124.0}, "page": 4, "dpi": 0}, {"page_width": 0, "caption_boundary": {"x2": 412.9999796549479, "y1": 47.08333545260959, "x1": 100.0, "y2": 54.083336724175346}, "name": "2", "caption_text": "Table 2: Cross entorpy and accuracy of each model.", "figure_type": "Table", "uri": null, "page_height": 0, "figure_boundary": {"x2": 405.0, "y1": 72.0, "x1": 107.0, "y2": 184.0}, "page": 5, "dpi": 0}, {"page_width": 0, "caption_boundary": {"x2": 750.0, "y1": 302.08331214057074, "x1": 437.6666598849826, "y2": 324.7499254014757}, "name": "4", "caption_text": "Figure 4: Relation between cross entropy and parsing accuracy.", "figure_type": "Figure", "uri": null, "page_height": 0, "figure_boundary": {"x2": 748.0, "y1": 47.0, "x1": 439.0, "y2": 266.0}, "page": 5, "dpi": 0}], "error": null, "pdf": "/work/host-output/f75121d2f959a26d8d2a17a8c8880222a2fa010b/C00-1081.pdf", "dpi": 100}