{"raw_detected_boxes": [[], [{"x2": 391.0, "y1": 684.0, "x1": 108.0, "y2": 978.0}], [{"x2": 376.0, "y1": 886.0, "x1": 123.0, "y2": 981.0}], [{"x2": 720.0, "y1": 795.0, "x1": 426.0, "y2": 972.0}], [{"x2": 697.0, "y1": 398.0, "x1": 441.0, "y2": 549.0}, {"x2": 659.0, "y1": 886.0, "x1": 459.0, "y2": 985.0}], [{"x2": 687.0, "y1": 150.0, "x1": 133.0, "y2": 427.0}, {"x2": 691.0, "y1": 490.0, "x1": 433.0, "y2": 671.0}], []], "raw_pdffigures_output": {"regionless-captions": [], "figures": [{"figType": "Figure", "name": "4", "captionBoundary": {"x2": 501.73834228515625, "y1": 323.7618103027344, "x1": 89.63999938964844, "y2": 330.2402038574219}, "imageText": ["k", ")", "er", "an", "al", "l_r", "o", "f", "t", "ra", "nk", "se", "\u2013", "ll_", "ba", "of", "ta", "an", "k", "s", "(r", "an", "ge", "k", "ch", "R", "an", "Relevant", "document", "ID", "for", "the", "query", "1", "1", "7", "7", "1", "9", "1", "8", "8", "2", "9", "9", "9", "9", "5", "4", "7", "1", "1", "6", "0", "4", "0", "7", "7", "2", "6", "8", "3", "9", "1", "4", "2", "5", "1", "0", "0", "6", "2", "9", "1", "1", "0", "8", "2", "2", "1", "1", "8", "1", "0", "2", "1", "2", "4", "9", "9", "5", "1", "2", "8", "7", "4", "9", "1", "3", "3", "2", "5", "4", "1", "3", "9", "7", "7", "0", "1", "4", "2", "5", "8", "4", "1", "5", "2", "7", "6", "2", "1", "6", "9", "3", "2", "3", "1", "7", "4", "0", "9", "4", "1", "7", "7", "5", "7", "2", "1", "7", "8", "6", "9", "2", "1", "7", "9", "7", "1", "6", "1", "8", "2", "6", "5", "9", "1", "8", "6", "1", "1", "5", "1", "9", "6", "0", "7", "7", "1", "9", "6", "9", "8", "5", "2", "0", "7", "8", "1", "2", "2", "2", "4", "2", "5", "6", "2", "2", "7", "4", "6", "4", "2", "2", "9", "4", "7", "5", "2", "3", "3", "7", "0", "8", "160", "120", "80", "40", "0", "-40", "-80", "-120", "k", ")", "er", "an", "al", "l_r", "o", "f", "t", "ra", "nk", "se", "\u2013", "ll_", "ba", "of", "ta", "an", "k", "s", "(r", "an", "ge", "k", "ch", "R", "an"], "regionBoundary": {"x2": 496.0, "y1": 109.0, "x1": 97.48040008544922, "y2": 310.4404296875}, "caption": "Figure 4. The rank changes of tall_rerank from rank of tall_base for each relevant document of the query.", "page": 5}, {"figType": "Figure", "name": "5", "captionBoundary": {"x2": 500.2900695800781, "y1": 495.841796875, "x1": 305.3999938964844, "y2": 513.479736328125}, "imageText": ["monolingual", "tall_base", "tall_rerank", "io", "n", "c", "is", "p", "re", "recall", "0.00.10.20.30.40.50.60.70.80.91.0", "0.0", "0.1", "0.2", "0.3", "0.4", "0.5", "0.6", "0.7", "0.8", "0.9", "1.0"], "regionBoundary": {"x2": 497.0, "y1": 354.0, "x1": 317.0828857421875, "y2": 489.8429870605469}, "caption": "Figure 5. The performance comparison for the ambiguous query.", "page": 5}, {"figType": "Figure", "name": "1", "captionBoundary": {"x2": 271.7620849609375, "y1": 697.081787109375, "x1": 84.4800033569336, "y2": 714.7197265625}, "imageText": ["Reflecting", "context", "to", "each", "document", "\u2026", "Incremental", "Clusters", "Document", "context", "view", "re-ranked", "results", "Vector", "Space", "Retrieval", "Each", "document", "view", "Dictionary-based", "Query", "Translation", "retrieved", "top", "N", "docs", "Korean", "Query", "Korean-English", "Dictionaries", "TREC", "AP-news", "collection", "English", "Query", "with", "ambiguities"], "regionBoundary": {"x2": 283.0, "y1": 487.0, "x1": 78.0, "y2": 692.0}, "caption": "Figure 1. System architecture of implicit ambiguity resolution by incremental clustering.", "page": 1}, {"figType": "Figure", "name": "2", "captionBoundary": {"x2": 279.742431640625, "y1": 715.32177734375, "x1": 83.76000213623047, "y2": 732.840087890625}, "imageText": [], "regionBoundary": {"x2": 278.0, "y1": 631.0, "x1": 87.0, "y2": 707.0}, "caption": "Figure 2. Incremental centroid clustering in order of the top-ranked N documents", "page": 2}, {"figType": "Table", "name": "1", "captionBoundary": {"x2": 275.9527893066406, "y1": 505.80181884765625, "x1": 79.31999969482422, "y2": 512.2802124023438}, "imageText": ["The", "number", "of", "Korean", "query", "terms", "47", "The", "number", "of", "translated", "terms", "149", "The", "average", "number", "of", "translations", "3.2"], "regionBoundary": {"x2": 285.0, "y1": 454.0, "x1": 76.0, "y2": 498.0}, "caption": "Table 1. The degree of ambiguities for 24 queries.", "page": 3}, {"figType": "Table", "name": "2", "captionBoundary": {"x2": 516.0790405273438, "y1": 707.7617797851562, "x1": 306.1199951171875, "y2": 725.520263671875}, "imageText": ["4)", "tone_base", "0.2559", "89.54", "-", "5)", "tone_rerank", "0.3026", "105.87", "+18.25", "3)", "tall_rerank", "0.2780", "97.27", "+28.29", "2)", "tall_base", "0.2167", "75.82", "-", "1)", "monolingual", "0.2858", "100", "-", "Comparison", "11-pt", "avg.", "C/M", "Change", "precision", "(%)", "(%)"], "regionBoundary": {"x2": 520.0, "y1": 571.0, "x1": 305.0, "y2": 700.0}, "caption": "Table 2. The retrieval effectiveness for comparison methods.", "page": 3}, {"figType": "Figure", "name": "3", "captionBoundary": {"x2": 501.3192443847656, "y1": 404.28179931640625, "x1": 311.1600036621094, "y2": 421.8001708984375}, "imageText": ["be", "r", "m", "em", "#", "of", "be", "r", "m", "em", "#", "of", "cluster", "ID", "0", "20", "40", "60", "80", "100", "120", "140", "100", "C4", "C17", "0", "10", "20", "30", "40", "50", "60", "70", "80", "90", "C2"], "regionBoundary": {"x2": 502.0, "y1": 287.0, "x1": 321.5205078125, "y2": 399.1205139160156}, "caption": "Figure 3. The distribution of cluster members for the query with translation ambiguities.", "page": 4}]}, "figures": [{"page_width": 0, "caption_boundary": {"x2": 377.4473402235243, "y1": 968.1691487630208, "x1": 117.3333379957411, "y2": 992.6662868923611}, "name": "1", "caption_text": "Figure 1. System architecture of implicit ambiguity resolution by incremental clustering.", "figure_type": "Figure", "uri": null, "page_height": 0, "figure_boundary": {"x2": 394.0, "y1": 667.0, "x1": 103.0, "y2": 995.0}, "page": 1, "dpi": 0}, {"page_width": 0, "caption_boundary": {"x2": 388.5311550564236, "y1": 993.5024685329861, "x1": 116.33333630032008, "y2": 1017.8334554036458}, "name": "2", "caption_text": "Figure 2. Incremental centroid clustering in order of the top-ranked N documents", "figure_type": "Figure", "uri": null, "page_height": 0, "figure_boundary": {"x2": 389.0, "y1": 876.0, "x1": 116.0, "y2": 998.0}, "page": 2, "dpi": 0}, {"page_width": 0, "caption_boundary": {"x2": 716.7764451768663, "y1": 983.0024719238281, "x1": 425.1666598849826, "y2": 1007.6670328776041}, "name": "2", "caption_text": "Table 2. The retrieval effectiveness for comparison methods.", "figure_type": "Table", "uri": null, "page_height": 0, "figure_boundary": {"x2": 722.0, "y1": 793.0, "x1": 424.0, "y2": 989.0}, "page": 3, "dpi": 0}, {"page_width": 0, "caption_boundary": {"x2": 696.2767283121744, "y1": 561.5024990505642, "x1": 432.1666717529297, "y2": 585.8335706922743}, "name": "3", "caption_text": "Figure 3. The distribution of cluster members for the query with translation ambiguities.", "figure_type": "Figure", "uri": null, "page_height": 0, "figure_boundary": {"x2": 697.0, "y1": 398.0, "x1": 432.0, "y2": 566.0}, "page": 4, "dpi": 0}, {"page_width": 0, "caption_boundary": {"x2": 696.8588087293837, "y1": 449.66918097601996, "x1": 124.49999915228949, "y2": 458.6669498019748}, "name": "4", "caption_text": "Figure 4. The rank changes of tall_rerank from rank of tall_base for each relevant document of the query.", "figure_type": "Figure", "uri": null, "page_height": 0, "figure_boundary": {"x2": 689.0, "y1": 150.0, "x1": 130.0, "y2": 434.0}, "page": 5, "dpi": 0}, {"page_width": 0, "caption_boundary": {"x2": 694.8473188612196, "y1": 688.6691623263889, "x1": 424.16665818956164, "y2": 713.1663004557291}, "name": "5", "caption_text": "Figure 5. The performance comparison for the ambiguous query.", "figure_type": "Figure", "uri": null, "page_height": 0, "figure_boundary": {"x2": 691.0, "y1": 490.0, "x1": 433.0, "y2": 688.0}, "page": 5, "dpi": 0}],