{"raw_detected_boxes": [[], [], [], [{"x2": 738.0, "y1": 59.0, "x1": 109.0, "y2": 559.0}], [{"x2": 742.0, "y1": 70.0, "x1": 105.0, "y2": 288.0}, {"x2": 743.0, "y1": 333.0, "x1": 114.0, "y2": 475.0}]], "raw_pdffigures_output": {"regionless-captions": [], "figures": [{"figType": "Table", "name": "3", "captionBoundary": {"x2": 481.3976135253906, "y1": 33.61079025268555, "x1": 130.32000732421875, "y2": 40.2598876953125}, "imageText": ["\u2217", "For", "training", "1/5", "of", "all", "the", "training", "corpus", "(163,796", "morphemes)", "was", "used.", "Dictionary", "Boundary", "Recall", "Precision", "F", "OOV", "Corpus", "utterance", "92.64%", "(63,288/68,315)", "91.83%", "(63,288/68,917)", "92.24", "1.84%", "Corpus", "sentence", "92.61%", "(63,265/68,315)", "91.79%", "(63,265/68,923)", "92.20", "1.84%", "JUMAN", "utterance", "90.28%", "(61,676/68,315)", "90.07%", "(61,676/68,478)", "90.17", "6.13%", "JUMAN", "sentence", "90.33%", "(61,710/68,315)", "90.22%", "(61,710/68,403)", "90.27", "6.13%", "ATR", "utterance", "89.80%", "(61,348/68,315)", "90.12%", "(61,348/68,073)", "89.96", "8.14%", "ATR", "sentence", "89.96%", "(61,453/68,315)", "90.30%", "(61,453/68,057)", "90.13", "8.14%", "Corpus+JUMAN", "utterance", "92.03%", "(62,872/68,315)", "91.77%", "(62,872/68,507)", "91.90", "0.52%", "Corpus+JUMAN", "sentence", "92.09%", "(62,913/68,315)", "91.80%", "(62,913/68,534)", "91.95", "0.52%", "Corpus+ATR", "utterance", "92.35%", "(63,086/68,315)", "92.03%", "(63,086/68,547)", "92.19", "0.64%", "Corpus+ATR", "sentence", "92.30%", "(63,057/68,315)", "91.94%", "(63,057/68,585)", "92.12", "0.64%", "JUMAN+ATR", "utterance", "91.60%", "(62,579/68,315)", "91.57%", "(62,579/68,339)", "91.59", "4.61%", "JUMAN+ATR", "sentence", "91.66%", "(62,618/68,315)", "91.67%", "(62,618/68,311)", "91.66", "4.61%", "Corpus+JUMAN+ATR", "utterance", "91.72%", "(62,658/68,315)", "91.66%", "(62,658/68,357)", "91.69", "0.47%", "Corpus+JUMAN+ATR", "sentence", "91.72%", "(62,657/68,315)", "91.62%", "(62,657/68,391)", "91.67", "0.47%"], "regionBoundary": {"x2": 537.0, "y1": 43.0, "x1": 72.0, "y2": 212.93988037109375}, "caption": "Table 3: Results of Experiments (Segmentation and major POS tagging).", "page": 4}, {"figType": "Table", "name": "4", "captionBoundary": {"x2": 481.3976135253906, "y1": 226.93092346191406, "x1": 130.32000732421875, "y2": 233.58001708984375}, "imageText": ["Dictionary", "Boundary", "Recall", "Precision", "F", "OOV", "Corpus", "utterance", "92.80%", "(63,395/68,315)", "90.47%", "(63,395/70,075)", "91.62", "1.84%", "Corpus", "sentence", "92.71%", "(63,333/68,315)", "90.48%", "(63,333/70,000)", "91.58", "1.84%", "Corpus+JUMAN", "utterance", "92.45%", "(63,154/68,315)", "91.60%", "(63,154/68,942)", "92.02", "0.52%", "Corpus+JUMAN", "sentence", "92.48%", "(63,179/68,315)", "91.71%", "(63,179/68,893)", "92.09", "0.52%", "Corpus+ATR", "utterance", "92.91%", "(63,474/68,315)", "91.81%", "(63,474/69,137)", "92.36", "0.64%", "Corpus+ATR", "sentence", "92.75%", "(63,361/68,315)", "91.76%", "(63,361/69,053)", "92.25", "0.64%", "Corpus+JUMAN+ATR", "utterance", "92.30%", "(63,055/68,315)", "91.57%", "(63,055/68,858)", "91.94", "0.47%", "Corpus+JUMAN+ATR", "sentence", "92.28%", "(63,039/68,315)", "91.55%", "(63,039/68,860)", "91.91", "0.47%"], "regionBoundary": {"x2": 537.0, "y1": 237.0, "x1": 75.0, "y2": 333.0}, "caption": "Table 4: Results of Experiments (Segmentation and major POS tagging).", "page": 4}, {"figType": "Table", "name": "2", "captionBoundary": {"x2": 481.3976135253906, "y1": 358.21087646484375, "x1": 130.32000732421875, "y2": 364.8599853515625}, "imageText": ["Boundary", "Recall", "Precision", "F-measure", "utterance", "93.97%", "(64,198/68,315)", "93.25%", "(64,198/68,847)", "93.61", "sentence", "93.97%", "(64,195/68,315)", "93.18%", "(64,195/68,895)", "93.57"], "regionBoundary": {"x2": 472.0, "y1": 368.0, "x1": 140.0, "y2": 404.0}, "caption": "Table 2: Results of Experiments (Segmentation and major POS tagging).", "page": 3}, {"figType": "Table", "name": "1", "captionBoundary": {"x2": 349.1150207519531, "y1": 33.01081466674805, "x1": 262.67999267578125, "y2": 39.659912109375}, "imageText": ["1", "String(0)", "(223,457)", "2", "String(-1)", "(20,769)", "3", "Substring(0)(Left1)", "(2,492)", "4", "Substring(0)(Right1)", "(2,489)", "5", "Substring(0)(Left2)", "(74,046)", "6", "Substring(0)(Right2)", "(73,616)", "7", "Substring(-1)(Left1)", "(2,237)", "8", "Substring(-1)(Right1)", "(2,489)", "9", "Substring(-1)(Left2)", "(12,726)", "10", "Substring(-1)(Right2)", "(12,241)", "11", "Dic(0)(Major)", "Noun,", "Verb,", "Adj,", ".", ".", ".", "Unde\ufb01ned", "(13)", "12", "Dic(0)(Minor)", "Common", "noun,", "Topic", "marker,", "Basic", "form.", ".", ".", "(223)", "13", "Dic(0)(Major&Minor)", "Noun&Common", "noun,", "Verb&Basic", "form,", ".", ".", ".", "(239)", "14", "Length(0)", "1,", "2,", "3,", "4,", "5,", "6", "or", "more", "(6)", "15", "Length(-1)", "1,", "2,", "3,", "4,", "5,", "6", "or", "more", "(6)", "16", "TOC(0)(Beginning)", "Kanji,", "Hiragana,", "Number,", "Katakana,", "Alphabet", "(5)", "17", "TOC(0)(End)", "Kanji,", "Hiragana,", "Number,", "Katakana,", "Alphabet", "(5)", "18", "TOC(0)(Transition)", "Kanji\u2192Hiragana,", "Number\u2192Kanji,", "Katakana\u2192Kanji,", ".", ".", ".", "(25)", "19", "TOC(-1)(End)", "Kanji,", "Hiragana,", "Number,", "Katakana,", "Alphabet", "(5)", "20", "TOC(-1)(Transition)", "Kanji\u2192Hiragana,", "Number\u2192Kanji,", "Katakana\u2192Kanji,", ".", ".", ".", "(18)", "21", "POS(-1)", "Verb,", "Adj,", "Noun,", ".", ".", ".", "(12)", "22", "Comb(1,21)", "Combinations", "Feature", "1", "and", "21", "(142,546)", "23", "Comb(1,2,21)", "Combinations", "Feature", "1,", "2", "and", "21", "(216,431)", "24", "Comb(1,13,21)", "Combinations", "Feature", "1,", "13", "and", "21", "(29,876)", "25", "Comb(1,2,13,21)", "Combinations", "Feature", "1,", "2,", "13", "and", "21", "(158,211)", "26", "Comb(11,21)", "Combinations", "Feature", "11", "and", "21", "(156)", "27", "Comb(12,21)", "Combinations", "Feature", "12", "and", "21", "(1,366)", "28", "Comb(13,21)", "Combinations", "Feature", "13", "and", "21", "(1,518)", "Feature", "number", "Feature", "type", "Feature", "value", "(Number", "of", "value)"], "regionBoundary": {"x2": 535.0, "y1": 40.0, "x1": 77.0, "y2": 352.0}, "caption": "Table 1: Features.", "page": 3}]}, "figures": [{"page_width": 0, "caption_boundary": {"x2": 668.6077965630425, "y1": 497.5151062011719, "x1": 181.00001017252603, "y2": 506.7499796549479}, "name": "2", "caption_text": "Table 2: Results of Experiments (Segmentation and major POS tagging).", "figure_type": "Table", "uri": null, "page_height": 0, "figure_boundary": {"x2": 743.0, "y1": 44.0, "x1": 107.0, "y2": 561.0}, "page": 3, "dpi": 0}, {"page_width": 0, "caption_boundary": {"x2": 668.6077965630425, "y1": 46.68165312872993, "x1": 181.00001017252603, "y2": 55.91651068793403}, "name": "3", "caption_text": "Table 3: Results of Experiments (Segmentation and major POS tagging).", "figure_type": "Table", "uri": null, "page_height": 0, "figure_boundary": {"x2": 745.0, "y1": 53.0, "x1": 101.0, "y2": 300.0}, "page": 4, "dpi": 0}, {"page_width": 0, "caption_boundary": {"x2": 668.6077965630425, "y1": 315.1818381415473, "x1": 181.00001017252603, "y2": 324.41669040256073}, "name": "4", "caption_text": "Table 4: Results of Experiments (Segmentation and major POS tagging).", "figure_type": "Table", "uri": null, "page_height": 0, "figure_boundary": {"x2": 745.0, "y1": 316.0, "x1": 101.0, "y2": 481.0}, "page": 4, "dpi": 0}], "error": null, "pdf": "/work/host-output/c9cb42fc890f3b9a6f8938b2a6a3129f44c94789/C02-2019.pdf", "dpi": 100}