{"raw_detected_boxes": [[], [{"x2": 729.0, "y1": 265.0, "x1": 453.0, "y2": 401.0}], [{"x2": 404.0, "y1": 223.0, "x1": 105.0, "y2": 451.0}], [{"x2": 752.0, "y1": 61.0, "x1": 438.0, "y2": 114.0}], [{"x2": 406.0, "y1": 65.0, "x1": 100.0, "y2": 435.0}, {"x2": 755.0, "y1": 388.0, "x1": 438.0, "y2": 636.0}], [], []], "raw_pdffigures_output": {"regionless-captions": [], "figures": [{"figType": "Figure", "name": "2", "captionBoundary": {"x2": 296.93475341796875, "y1": 331.4508972167969, "x1": 72.0, "y2": 350.70001220703125}, "imageText": [], "regionBoundary": {"x2": 293.0, "y1": 156.0, "x1": 75.0, "y2": 325.0}, "caption": "Figure 2: Example of text generated from keywords.", "page": 2}, {"figType": "Table", "name": "1", "captionBoundary": {"x2": 297.065673828125, "y1": 24.61079216003418, "x1": 72.0, "y2": 43.7398681640625}, "imageText": ["Input", "(Keywords)", "Ex.", "of", "system", "output", "\u30ed\u30b7\u30a2", "\u9023\u8987", "\u9054\u6210", "(\u30ed\u30b7\u30a2\u3067", "(\u9023\u8987\u3092", "\u9054\u6210\u3057\u305f))", "\u4e16\u754c", "\u8a18\u9332", "\u5909\u308f\u308b", "((\u4e16\u754c\u306e", "\u8a18\u9332\u306b)", "\u5909\u308f\u308b)", "\u8ab2\u984c", "\u5b9f\u73fe", "\u6311\u3080", "((\u8ab2\u984c\u306e", "\u5b9f\u73fe\u306b)", "\u6311\u3080)", "\u30c1\u30fc\u30e0", "\u3068\u3082\u306b", "\u52dd\u3064", "(\u30c1\u30fc\u30e0\u3067", "(\u3068\u3082\u306b", "\u52dd\u3063\u305f))", "\u3053\u306e", "\u8a08\u753b", "\u6c7a\u3081\u308b", "\u6226\u5f8c", "\u751f\u6d3b", "\u652f\u3048\u308b", "((\u6226\u5f8c\u306e", "\u751f\u6d3b\u3092)", "\u652f\u3048\u308b)", "\u5927\u7d71\u9818", "\u4f1a\u898b", "\u9673\u8ff0", "((\u5927\u7d71\u9818\u306e", "\u4f1a\u898b\u306e)", "\u9673\u8ff0)", "\u5bb9\u7591\u8005", "\u4e2d\u56fd", "\u902e\u6355", "(\u5bb9\u7591\u8005\u306f", "(\u4e2d\u56fd\u3067", "\u902e\u6355\u3055\u308c\u305f))", "\u65e5\u672c", "\u4e94\u8f2a", "\u958b\u50ac", "\u56fd", "\u653f\u7b56", "\u767a\u8db3", "((\u56fd\u306e", "\u653f\u7b56\u304c)", "\u767a\u8db3\u3059\u308b)", "\u8ab2\u984c", "\u5b9f\u73fe", "\u5411\u304b\u3046", "((\u8ab2\u984c\u306e", "\u5b9f\u73fe\u306b)", "\u5411\u304b\u3046)", "\u793e\u4f1a", "\u50cd\u304f", "\u5973\u6027", "((\u793e\u4f1a\u306b", "\u50cd\u3044\u3066\u3044\u308b)", "\u5973\u6027)", "\u9996\u76f8", "\u653f\u6a29", "\u596a\u56de", "(\u9996\u76f8\u304c", "(\u653f\u6a29\u3092", "\u596a\u56de\u3059\u308b))", "\u63d0\u6848", "\u898b\u76f4\u3057", "\u4f5c\u308b", "((\u63d0\u6848\u306e", "\u898b\u76f4\u3057\u3092)", "\u4f5c\u308b)", "\u653f\u6a29", "\u767a\u8db3", "\u6c7a\u307e\u308b", "(\u653f\u6a29\u304c", "(\u767a\u8db3\u306b", "\u6c7a\u307e\u3063\u305f))", "\u9999\u6e2f", "\u30af\u30eb\u30fc", "\u591a\u3044", "(\u9999\u6e2f\u306f", "(\u30af\u30eb\u30fc\u3082", "\u591a\u3044\u3089\u3057\u3044))", "\u5927\u4f1a", "\u51fa\u5834", "\u52dd\u3064", "\u6b63\u6708", "\u65c5\u884c", "\u6025\u5897", "((\u6b63\u6708\u306e", "\u65c5\u884c\u3082)", "\u6025\u5897\u3057\u3066\u3044\u308b)", "\u6c11\u55b6\u5316", "\u53cd\u5bfe", "\u4eba", "((\u6c11\u55b6\u5316\u306b", "\u53cd\u5bfe\u3057\u3066\u3044\u308b)", "\u4eba)", "\u6628\u5e74", "\u653f\u7b56", "\u8a8d\u3081\u308b", "((\u6628\u5e74\u306e", "\u653f\u7b56\u3092)", "\u8a8d\u3081\u308b\u3079\u304d\u3060)", "\u7c73\u56fd", "\u52dd\u3064", "\u660e\u3089\u304b\u3060", "((\u7c73\u56fd\u306b", "\u52dd\u3066\u3070)", "\u660e\u3089\u304b\u306b\u306a\u308b)", "\u4f4f\u6c11", "\u7591\u3044", "\u5e83\u304c\u308b", "((\u4f4f\u6c11\u306e", "\u7591\u3044\u304c)", "\u5e83\u304c\u308b)", "\u65e5\u672c", "\u4e2d\u56fd", "\u8fd1\u3044", "\u5916\u56fd\u4eba", "\u52a0\u5165", "\u5897\u52a0", "((\u5916\u56fd\u4eba\u306e", "\u52a0\u5165\u8005\u304c)", "\u5897\u52a0\u3057\u3066\u3044\u308b)", "\u4e94\u8f2a", "\u9078\u624b\u6a29", "\u7372\u5f97", "((\u4e94\u8f2a\u306e", "\u9078\u624b\u6a29\u3092)", "\u7372\u5f97\u3059\u308b)", "\u4f01\u696d", "\u64a4\u5ec3", "\u9032\u3081\u308b", "(\u4f01\u696d\u304c", "(\u64a4\u5ec3\u3092", "\u9032\u3081\u308b))", "\u5c06\u6765", "\u65b0\u9032\u515a", "\u751f\u307e\u308c\u308b", "(\u5c06\u6765\u306f", "(\u65b0\u9032\u515a\u304c", "\u751f\u307e\u308c\u308b\u3060\u308d\u3046))", "\u6628\u5e74", "\u8a18\u9332", "\u4e0a\u56de\u308b", "((\u6628\u5e74\u306e", "\u8a18\u9332\u3092)", "\u4e0a\u56de\u308b)", "\u5f37\u3044", "\u30c1\u30fc\u30e0", "\u76ee\u6307\u3059", "\u3088\u3044", "\u4ed5\u4e8b", "\u307b\u3057\u3044"], "regionBoundary": {"x2": 305.0, "y1": 47.0, "x1": 71.0, "y2": 316.0}, "caption": "Table 1: Input keywords and examples of system output.", "page": 4}, {"figType": "Table", "name": "2", "captionBoundary": {"x2": 526.0331420898438, "y1": 274.9310302734375, "x1": 328.8000183105469, "y2": 281.58013916015625}, "imageText": ["Model", "Standard", "1", "Standard", "2", "KM1", "(trigram)", "13/30", "28/30", "KM1", "+", "MM", "21/30", "28/30", "KM1", "+", "DM", "12/30", "28/30", "KM1", "+", "MM", "+", "DM", "26/30", "28/30", "KM2", "(posterior", "trigram)", "6/30", "15/30", "KM2", "+", "MM", "8/30", "20/30", "KM2", "+", "DM", "10/30", "20/30", "KM2", "+", "MM", "+", "DM", "9/30", "25/30", "KM3", "(dependency", "bigram)", "13/30", "29/30", "KM3", "+", "MM", "26/30", "29/30", "KM3", "+", "DM", "14/30", "28/30", "KM3", "+", "MM", "+", "DM", "27/30", "29/30", "KM4", "(posterior", "dependency", "bigram)", "10/30", "18/30", "KM4", "+", "MM", "9/30", "26/30", "KM4", "+", "DM", "9/30", "22/30", "KM4", "+", "MM", "+", "DM", "13/30", "27/30", "KM5", "(dependency", "trigram)", "12/30", "26/30", "KM5", "+", "MM", "17/30", "28/30", "KM5", "+", "DM", "12/30", "27/30", "KM5", "+", "MM", "+", "DM", "26/30", "28/30"], "regionBoundary": {"x2": 545.0, "y1": 283.0, "x1": 314.0, "y2": 458.0}, "caption": "Table 2: Results of subjective evaluation.", "page": 4}, {"figType": "Figure", "name": "1", "captionBoundary": {"x2": 540.0317993164062, "y1": 296.1708984375, "x1": 315.0, "y2": 315.4200134277344}, "imageText": [], "regionBoundary": {"x2": 525.0, "y1": 189.0, "x1": 326.0, "y2": 288.0}, "caption": "Figure 1: Overview of the text-generation system.", "page": 1}, {"figType": "Figure", "name": "3", "captionBoundary": {"x2": 540.0678100585938, "y1": 92.29078674316406, "x1": 315.0, "y2": 111.5399169921875}, "imageText": ["P", "(ki|wl,", "wl\u22121,", "wh,", "wh\u22121).", "(10)", "i=1", "P", "(K|M,", "D,", "T", ")", "=", "n\u220f", "5.", "dependency", "trigram", "model", "We", "assume", "that", "ki", "depends", "only", "on", "the", "two", "rightmost", "words", "wl", "and", "wl\u22121", "in", "the", "right-", "most", "bunsetsu", "that", "modi\ufb01es", "the", "bunsetsu,", "and", "on", "the", "two", "rightmost", "words", "wh", "and", "wh\u22121", "in", "the", "leftmost", "bunsetsu", "that", "modi-", "\ufb01es", "the", "bunsetsu", "including", "ki", "(see", "Fig.", "3).", "P", "(ki|ws,", "ws+1).", "(9)", "i=1", "P", "(K|M,", "D,", "T", ")", "=", "n\u220f", "4.", "posterior", "dependency", "bigram", "model", "We", "assume", "that", "ki", "depends", "only", "on", "the", "headword,", "ws,", "and", "the", "word", "on", "its", "right,", "ws+1,", "in", "the", "bunsetsu", "that", "is", "modi\ufb01ed", "by", "the", "bunsetsu", "including", "ki", "(see", "Fig.", "3)."], "regionBoundary": {"x2": 554.3922119140625, "y1": 127.33082580566406, "x1": 323.3999938964844, "y2": 331.1400146484375}, "caption": "Figure 3: Relationship between keywords and words in bunsetsus.", "page": 3}]}, "figures": [{"page_width": 0, "caption_boundary": {"x2": 750.0441657172308, "y1": 411.3484700520833, "x1": 437.5, "y2": 438.0833519829644}, "name": "1", "caption_text": "Figure 1: Overview of the text-generation system.", "figure_type": "Figure", "uri": null, "page_height": 0, "figure_boundary": {"x2": 746.0, "y1": 248.0, "x1": 438.0, "y2": 418.0}, "page": 1, "dpi": 0}, {"page_width": 0, "caption_boundary": {"x2": 412.40937974717883, "y1": 460.3484683566623, "x1": 100.0, "y2": 487.0833502875434}, "name": "2", "caption_text": "Figure 2: Example of text generated from keywords.", "figure_type": "Figure", "uri": null, "page_height": 0,