{"raw_detected_boxes": [[], [{"x2": 402.0, "y1": 107.0, "x1": 110.0, "y2": 317.0}], [], [{"x2": 740.0, "y1": 103.0, "x1": 447.0, "y2": 352.0}], [{"x2": 743.0, "y1": 635.0, "x1": 437.0, "y2": 785.0}], [{"x2": 408.0, "y1": 101.0, "x1": 99.0, "y2": 253.0}, {"x2": 404.0, "y1": 312.0, "x1": 99.0, "y2": 466.0}], []], "raw_pdffigures_output": {"regionless-captions": [], "figures": [{"figType": "Table", "name": "2", "captionBoundary": {"x2": 259.3835754394531, "y1": 193.96640014648438, "x1": 109.62052917480469, "y2": 199.525634765625}, "imageText": ["Rec", "Prec", "F1", "Basic", "81.4", "63.4", "70.9", "BN", "87.6", "70.7", "78.0", "Omniscient", "86.9", "71.8", "78.0", "Basic", "85.5", "90.7", "87.8", "89.5", "93.2", "91.1", "BN", "87.0", "90.9", "88.8", "87.5", "93.4", "90.3", "Omniscient", "90.6", "93.4", "91.7", "90.7", "96.5", "93.4", "Approach", "born", "in", "Approach", "person", "location", "Rec", "Prec", "F1", "Rec", "Prec", "F1"], "regionBoundary": {"x2": 294.0, "y1": 72.0, "x1": 72.0, "y2": 182.0}, "caption": "Table 2: Results for dataset \u201cborn in\u201d", "page": 5}, {"figType": "Table", "name": "3", "captionBoundary": {"x2": 249.5573272705078, "y1": 350.0901184082031, "x1": 119.44328308105469, "y2": 355.64935302734375}, "imageText": ["Rec", "Prec", "F1", "Rec", "Prec", "F1", "Basic", "43.8", "78.6", "55.0", "69.0", "72.9", "70.5", "BN", "47.2", "86.8", "60.7", "68.4", "87.5", "76.6", "Omniscient", "52.8", "79.5", "62.1", "76.1", "71.3", "73.2", "Basic", "92.1", "87.0", "89.4", "83.2", "81.1", "82.0", "BN", "78.8", "94.7", "86.0", "83.0", "81.3", "82.1", "Omniscient", "93.4", "87.3", "90.2", "83.5", "83.1", "83.2", "Approach", "kill", "born", "in", "Approach", "person", "location", "Rec", "Prec", "F1", "Rec", "Prec", "F1"], "regionBoundary": {"x2": 294.0, "y1": 225.0, "x1": 72.0, "y2": 338.0}, "caption": "Table 3: Results for dataset \u201call\u201d", "page": 5}, {"figType": "Table", "name": "1", "captionBoundary": {"x2": 494.22259521484375, "y1": 577.293701171875, "x1": 360.7808532714844, "y2": 582.8529663085938}, "imageText": ["Rec", "Prec", "F1", "Basic", "61.8", "57.2", "58.6", "BN", "49.8", "85.4", "62.2", "Omniscient", "67.7", "63.6", "64.8", "Basic", "96.6", "92.3", "94.4", "76.3", "91.9", "83.1", "BN", "89.0", "96.1", "92.4", "78.8", "86.3", "82.1", "Omniscient", "96.4", "92.6", "94.5", "75.4", "90.2", "81.9", "Approach", "kill", "Approach", "person", "location", "Rec", "Prec", "F1", "Rec", "Prec", "F1"], "regionBoundary": {"x2": 537.0, "y1": 455.0, "x1": 314.0, "y2": 566.0}, "caption": "Table 1: Results for dataset \u201ckill\u201d", "page": 4}, {"figType": "Figure", "name": "1", "captionBoundary": {"x2": 284.28814697265625, "y1": 244.60055541992188, "x1": 82.22286224365234, "y2": 250.1597900390625}, "imageText": ["R", "13", "R", "23", "R", "12", "R", "32", "R", "32", "E", "2", "E", "3", "...", "Label-", "n", "Label-1", "Label-2", "...", "Label", "Spelling", "POS", "R", "31", "E", "1"], "regionBoundary": {"x2": 289.0, "y1": 78.9154052734375, "x1": 79.0, "y2": 229.0}, "caption": "Figure 1: Conceptual view of entities and relations", "page": 1}, {"figType": "Figure", "name": "2", "captionBoundary": {"x2": 511.35980224609375, "y1": 127.84786987304688, "x1": 341.15533447265625, "y2": 133.4071044921875}, "imageText": ["Dole", "\u2019s", "wife", ",", "Elizabeth", ",", "is", "a", "native", "of", "Salisbury", ",", "N.C.", "E1", "E2", "E3"], "regionBoundary": {"x2": 533.0, "y1": 90.0, "x1": 324.0, "y2": 112.18121337890625}, "caption": "Figure 2: A sentence that has three entities", "page": 1}, {"figType": "Figure", "name": "3", "captionBoundary": {"x2": 539.998046875, "y1": 272.1182556152344, "x1": 314.9980163574219, "y2": 288.9306640625}, "imageText": ["P(E", "3", "|X)", "P(E", "2", "|X)", "P(E", "1", "|X)", "P(R", "32", "|X)", "P(R", "23", "|X)", "P(R", "31", "|X)", "P(R", "13", "|X)", "P(R", "21", "|X)", "P(R", "12", "|X)", "R", "32", "R", "23", "R", "31", "R", "13", "R", "21", "R", "12", "E", "3", "E", "1", "E", "2"], "regionBoundary": {"x2": 533.0, "y1": 76.40872192382812, "x1": 322.0, "y2": 256.0}, "caption": "Figure 3: Belief network of 3 entity nodes and 6 relation nodes", "page": 3}]}, "figures": [{"page_width": 0, "caption_boundary": {"x2": 394.84464857313367, "y1": 339.7229936387804, "x1": 114.19841978285048, "y2": 347.44415283203125}, "name": "1", "caption_text": "Figure 1: Conceptual view of entities and relations", "figure_type": "Figure", "uri": null, "page_height": 0, "figure_boundary": {"x2": 402.0, "y1": 107.0, "x1": 110.0, "y2": 317.0}, "page": 1, "dpi": 0}, {"page_width": 0, "caption_boundary": {"x2": 749.9972873263889, "y1": 377.9420216878255, "x1": 437.4972449408637, "y2": 401.29258897569446}, "name": "3", "caption_text": "Figure 3: Belief network of 3 entity nodes and 6 relation nodes", "figure_type": "Figure", "uri": null, "page_height": 0, "figure_boundary": {"x2": 740.0, "y1": 103.0, "x1": 447.0, "y2": 356.0}, "page": 3, "dpi": 0}, {"page_width": 0, "caption_boundary": {"x2": 686.4202711317274, "y1": 801.7968071831597, "x1": 501.0845184326172, "y2": 809.5180087619358}, "name": "1", "caption_text": "Table 1: Results for dataset \u201ckill\u201d", "figure_type": "Table", "uri": null, "page_height": 0, "figure_boundary": {"x2": 746.0, "y1": 632.0, "x1": 437.0, "y2": 802.0}, "page": 4, "dpi": 0}, {"page_width": 0, "caption_boundary": {"x2": 360.25496588812933, "y1": 269.3977779812283, "x1": 152.2507349650065, "y2": 277.11893717447913}, "name": "2", "caption_text": "Table 2: Results for dataset \u201cborn in\u201d", "figure_type": "Table", "uri": null, "page_height": 0, "figure_boundary": {"x2": 409.0, "y1": 99.0, "x1": 99.0, "y2": 270.0}, "page": 5, "dpi": 0}, {"page_width": 0, "caption_boundary": {"x2": 346.6073989868164, "y1": 486.2362755669488, "x1": 165.89344872368707, "y2": 493.95743476019965}, "name": "3", "caption_text": "Table 3: Results for dataset \u201call\u201d", "figure_type": "Table", "uri": null, "page_height": 0, "figure_boundary": {"x2": 409.0, "y1": 312.0, "x1": 99.0, "y2": 469.0}, "page": 5, "dpi": 0}], "error": null, "pdf": "/work/host-output/da4cb8f7ad3e92e4b35a02bdf3e3011c4f75cda6/C02-1151.pdf", "dpi": 100}