{"raw_detected_boxes": [[], [], [], [], [], [{"x2": 678.0, "y1": 105.0, "x1": 518.0, "y2": 192.0}, {"x2": 675.0, "y1": 236.0, "x1": 509.0, "y2": 324.0}], []], "raw_pdffigures_output": {"regionless-captions": [], "figures": [{"figType": "Table", "name": "2", "captionBoundary": {"x2": 540.0657348632812, "y1": 251.18231201171875, "x1": 314.9980163574219, "y2": 257.27178955078125}, "imageText": ["100", "+4", "+", "4", "200", "+8", "+", "6", "400", "+2", "+14", "Length", "Events", "tf*idf", "50", "0", "+", "7"], "regionBoundary": {"x2": 488.0, "y1": 171.0, "x1": 367.0, "y2": 239.0}, "caption": "Table 2: Modified greedy algorithm versus baseline.", "page": 5}, {"figType": "Table", "name": "1", "captionBoundary": {"x2": 540.0657958984375, "y1": 150.44415283203125, "x1": 314.9980163574219, "y2": 156.53363037109375}, "imageText": ["100", "+4", "\u22124", "200", "+2", "\u22124", "400", "+5", "0", "Length", "Events", "tf*idf", "50", "+3", "0"], "regionBoundary": {"x2": 488.0, "y1": 72.0, "x1": 367.0, "y2": 138.0}, "caption": "Table 1: Adaptive greedy algorithm versus baseline.", "page": 5}]}, "figures": [{"page_width": 0, "caption_boundary": {"x2": 750.0913831922743, "y1": 208.95021226671005, "x1": 437.4972449408637, "y2": 217.40781995985242}, "name": "1", "caption_text": "Table 1: Adaptive greedy algorithm versus baseline.", "figure_type": "Table", "uri": null, "page_height": 0, "figure_boundary": {"x2": 678.0, "y1": 99.0, "x1": 505.0, "y2": 209.0}, "page": 5, "dpi": 0}, {"page_width": 0, "caption_boundary": {"x2": 750.0912984212239, "y1": 348.86432223849823, "x1": 437.4972449408637, "y2": 357.3219299316406}, "name": "2", "caption_text": "Table 2: Modified greedy algorithm versus baseline.", "figure_type": "Table", "uri": null, "page_height": 0, "figure_boundary": {"x2": 678.0, "y1": 219.0, "x1": 509.0, "y2": 332.0}, "page": 5, "dpi": 0}], "error": null, "pdf": "/work/host-output/89322eba9d7f6cc66b0d29ff0e3611e5f0d34360/C04-1057.pdf", "dpi": 100}