{"raw_detected_boxes": [[], [{"x2": 767.0, "y1": 79.0, "x1": 433.0, "y2": 506.0}], [{"x2": 398.0, "y1": 130.0, "x1": 83.0, "y2": 561.0}], [{"x2": 400.0, "y1": 368.0, "x1": 78.0, "y2": 483.0}], [{"x2": 746.0, "y1": 82.0, "x1": 425.0, "y2": 411.0}, {"x2": 380.0, "y1": 508.0, "x1": 83.0, "y2": 760.0}], [{"x2": 405.0, "y1": 450.0, "x1": 71.0, "y2": 755.0}], []], "raw_pdffigures_output": {"regionless-captions": [{"figType": "Figure", "boundary": {"x2": 278.9536437988281, "y1": 366.17681884765625, "x1": 60.29999923706055, "y2": 373.37969970703125}, "text": "Figure 4: Global distribution of positive instances", "name": "4", "page": 3}], "figures": [{"figType": "Table", "name": "3", "captionBoundary": {"x2": 258.977294921875, "y1": 538.7968139648438, "x1": 81.47846221923828, "y2": 545.9996948242188}, "imageText": ["(95/97)", "Results", "presented", "in", "terms", "of", "F1(recall/precision).", "(GRID)", "86", "(84/88)", "76", "(73/80)", "99", "(99/100)", "96", "(97/95)", "supervised", "20%(SP+GRID)", "85", "(85/85)", "76", "(76/75)", "99", "(99/99)", "96", "20%(GRID)", "75", "(69/82)", "71", "(66/77)", "97", "(95/99)", "95", "(94/96)", "20%(SP)", "75", "(77/74)", "71", "(75/67)", "97", "(97/97)", "95", "(96/95)", "10%(SP+GRID)", "84", "(84/83)", "75", "(75/74)", "99", "(99/99)", "95", "(97/94)", "10%(GRID)", "72", "(67/77)", "67", "(63/72)", "95", "(94/96)", "93", "(91/96)", "10%(SP)", "72", "(75/70)", "68", "(72/64)", "96", "(96/95)", "93", "(94/92)", "5%(SP+GRID)", "82", "(83/81)", "73", "(74/72)", "98", "(98/98)", "94", "(96/92)", "5%(GRID)", "68", "(65/72)", "61", "(59/64)", "93", "(91/94)", "89", "(86/92)", "5%(SP)", "70", "(74/66)", "65", "(70/61)", "94", "(95/93)", "90", "(93/88)", "SP", "LOC", "ST", "ET"], "regionBoundary": {"x2": 291.0, "y1": 322.0, "x1": 47.0, "y2": 535.1396484375}, "caption": "Table 3: Results on semi-structured data", "page": 5}, {"figType": "Figure", "name": "1", "captionBoundary": {"x2": 519.6864624023438, "y1": 381.4766845703125, "x1": 346.2010803222656, "y2": 388.6795654296875}, "imageText": [], "regionBoundary": {"x2": 552.0, "y1": 56.0, "x1": 311.0, "y2": 366.0}, "caption": "Figure 1: Architecture of our IE system", "page": 1}, {"figType": "Table", "name": "1", "captionBoundary": {"x2": 243.55625915527344, "y1": 416.4568176269531, "x1": 106.5, "y2": 423.6596984863281}, "imageText": ["punctuations", "No", "substitution", "\u201cTime\u201d,", "\u201cat\u201d,", "\u201cby\u201d,", "etc.", "are", "unchanged.", "All", "other", "words", "and", "To", "be", "deleted", "and", "adverbial", "modifiers", "PP", "Adjectival", "PP", "\u201cin", "civilian", "clothes\u201d", "Preposition", "Phrase", "\u201cwill", "be", "held\u201d", "VPpas_hold", "\u201cwill", "speak\u201d", "VPact_speak,", "VPpas_RootVerb,", "VPact_RootVerb", "active)", "Verb", "Phrase", "(passive", "or", "\u201cthe", "seminar\u201d", "NP_seminar", "Noun", "Phrase", "NP_HeadNoun", "\u201cFriday\u201d", "NP_Day", "\u201cFeb.27\u201d", "NP_Date", "NP_Percentage,", "NP_Money,", "NP_Number.", "NP_Organization,", "NP_Date,", "NP_Day,", "NP_Time,", "NP_Person,", "NP_Location,", "9", "types", "of", "named", "entities", "Tokens", "Substitution", "Examples"], "regionBoundary": {"x2": 291.0, "y1": 94.0, "x1": 56.0, "y2": 408.0}, "caption": "Table 1: Substitution heuristics", "page": 2}, {"figType": "Figure", "name": "3", "captionBoundary": {"x2": 518.3340454101562, "y1": 396.834228515625, "x1": 338.33984375, "y2": 404.037109375}, "imageText": ["(1)", "Training", "instances:", "Time", ":", "<stime>", "NP_Time", "</stime>", "VPact_be", "at", "<stime>", "NP_Time", "</stime>", "NP_Day", ",", "NP_Date", "<stime>", "NP_Time", "</stime>", "-", "NP_Time", "VPact_be", "at", "<stime>", "NP_Time", "</stime>", ",", "NP_Day", ",", "NP_Date", "Time", ":", "<stime>", "NP_Time", "</stime>", "-", "NP_Time", "(2)", "Soft", "pattern", "rules", "based", "on", "the", "instances:", "\u2026\u2026", "<Slot-2>", "<Slot-1>", "<Slot0>", "<Slot1>", "\u2026...", "Time", "0.4", "VPact_be", "0.4", ",", "0.2", ":", "0.4", "at", "0.4", "NP_Date", "0.2", "NP_Time", "1", "-", "0.67", ",", "0.33"], "regionBoundary": {"x2": 549.0, "y1": 236.0, "x1": 305.0, "y2": 390.0}, "caption": "Figure 3: An excerpt of soft pattern rules", "page": 2}, {"figType": "Figure", "name": "2", "captionBoundary": {"x2": 273.79962158203125, "y1": 589.4367065429688, "x1": 70.68000793457031, "y2": 596.6395874023438}, "imageText": ["(2)", "Substituted", "instances:", "Time", ":", "<stime>", "NP_Time", "</stime>", "VPact_be", "at", "<stime>", "NP_Time", "</stime>", "NP_Day", ",", "NP_Date", "<stime>", "NP_Time", "</stime>", "-", "NP_Time", "VPact_be", "at", "<stime>", "NP_Time", "</stime>", ",", "NP_Day", ",", "NP_Date", "Time", ":", "<stime>", "NP_Time", "</stime>", "-", "NP_Time", "(1)", "Original", "instances", "for", "slot", "<stime>:", "Time", ":", "<stime>", "2:30", "PM", "</stime>", "\u2026", "will", "be", "at", "<stime>", "3", "pm", "</stime>", "\u2026", "\u2026Friday,", "February", "17", "<stime>", "12:00pm", "</stime>", "-", "1:00pm", "\u2026", "will", "be", "at", "<stime>", "4pm", "</stime>", ",", "Monday,", "Feb.", "27", "\u2026", "Time:", "<stime>", "12:00", "PM", "</stime>", "-", "1:30", "PM"], "regionBoundary": {"x2": 300.0, "y1": 436.0, "x1": 56.0, "y2": 581.0}, "caption": "Figure 2: Illustration of generalizing instances", "page": 2}, {"figType": "Table", "name": "2", "captionBoundary": {"x2": 511.44989013671875, "y1": 292.07684326171875, "x1": 351.3629150390625, "y2": 299.27972412109375}, "imageText": ["(51/62)", "Results", "presented", "in", "terms", "of", "F1(recall/precision).", "(48/57)", "62", "(58/67)", "56", "(58/39)", "supervised(GRID)", "52", "AutoSlog-TS", "38", "(53/30)", "48", "(62/39)", "47", "20%(SP+GRID)", "51", "(52/50)", "62", "(63/61)", "54", "(55/53)", "20%(GRID)", "40", "(41/39)", "47", "(44/50)", "47", "(45/49)", "20%(SP)", "40", "(46/35)", "48", "(54/43)", "47", "(50/44)", "10%(SP+GRID)", "50", "(53/47)", "61", "(63/59)", "53", "(52/54)", "10%(GRID)", "37", "(39/35)", "46", "(41/52)", "44", "(41/47)", "10%(SP)", "38", "(45/33)", "46", "(51/42)", "45", "(49/42)", "5%(SP+GRID)", "47", "(49/45)", "58", "(59/57)", "50", "(50/50)", "5%(GRID)", "34", "(35/33)", "44", "(40/49)", "39", "(36/43)", "5%(SP)", "36", "(42/32)", "45", "(49/42)", "42", "(47/38)", "Perp.", "Vic.", "Tar."], "regionBoundary": {"x2": 541.0, "y1": 56.0, "x1": 306.0, "y2": 288.479736328125}, "caption": "Table 2: Results on free text domain", "page": 4}, {"figType": "Figure", "name": "5", "captionBoundary": {"x2": 283.5770263671875, "y1": 555.8967895507812, "x1": 56.7003288269043, "y2": 664.3189697265625}, "imageText": ["20%", "manually", "annotated", "instances", "10%", "manually", "annotated", "instances", "5%", "manually", "annotated", "instances", "su", "re", "m", "ea", "F", "1", "ra", "ge", "A", "ve", "Iteration", "1", "2", "3", "4", "5", "6", "7", "8", "9", "10", "60", "55", "50", "45", "40"], "regionBoundary": {"x2": 280.0, "y1": 363.0, "x1": 60.0, "y2": 550.0}, "caption": "Figure 5: Effect of the number of iterations Table 2 shows the performance of the system on the test data in terms of F1-measure (with recall/precision value in the brackets) using various amounts of manually tagged data after four iterations. To demonstrate the effectiveness of the combination of hard and soft pattern rules, we also ran four iterations using only soft pattern rules (SP) and another four with only GRID rules.", "page": 4}]}, "figures": [{"page_width": 0, "caption_boundary": {"x2": 721.7867533365885, "y1": 529.8287285698784, "x1": 480.83483378092444, "y2": 539.8327297634548}, "name": "1", "caption_text": "Figure 1: Architecture of our IE system", "figure_type": "Figure", "uri": null, "page_height": 0, "figure_boundary": {"x2": 767.0, "y1": 78.0, "x1": 433.0, "y2": 508.0}, "page": 1, "dpi": 0}, {"page_width": 0, "caption_boundary": {"x2": 338.272582160102, "y1": 578.4122467041016, "x1": 147.91666666666666, "y2": 588.416247897678}, "name": "1",