{"raw_detected_boxes": [[], [{"x2": 737.0, "y1": 167.0, "x1": 447.0, "y2": 285.0}], [], [{"x2": 407.0, "y1": 258.0, "x1": 102.0, "y2": 527.0}]], "raw_pdffigures_output": {"regionless-captions": [], "figures": [{"figType": "Figure", "name": "4", "captionBoundary": {"x2": 256.1704406738281, "y1": 735.247314453125, "x1": 112.44331359863281, "y2": 741.820068359375}, "imageText": ["]", "and", "function", "=", "Pred]", "]", "[Clause", "cl_type", "=", "nonrestr_rel]", "]", "[Phrase", "phrase_type", "=", "VP", "and", "function", "=", "Subj]", "[gap", "[Sentence", "[Clause", "[Phrase", "FIRST", "phrase_type", "=", "NP"], "regionBoundary": {"x2": 293.453857421875, "y1": 601.2554931640625, "x1": 72.00331115722656, "y2": 719.2601318359375}, "caption": "Figure 4: An example with a gap", "page": 2}, {"figType": "Figure", "name": "5", "captionBoundary": {"x2": 502.97625732421875, "y1": 259.5674743652344, "x1": 351.4818115234375, "y2": 266.14019775390625}, "imageText": ["]", "[Word", "psp", "=", "adjective", "and", "number", "=", "w1.number", "and", "gender", "=", "w1.gender]", "[Phrase", "phrase_type", "=", "NP", "[Word", "AS", "w1", "psp", "=", "noun]", "]", "[Phrase", "phrase_type", "=", "AdjP"], "regionBoundary": {"x2": 488.4717712402344, "y1": 159.29547119140625, "x1": 315.0018005371094, "y2": 243.5802001953125}, "caption": "Figure 5: Example with agreement", "page": 2}, {"figType": "Figure", "name": "3", "captionBoundary": {"x2": 258.4267578125, "y1": 239.0473175048828, "x1": 109.92129516601562, "y2": 245.62005615234375}, "imageText": ["and", "function", "=", "Pred]", "]", "and", "function", "=", "Subj]", "..", "[Phrase", "phrase_type", "=", "VP", "[Clause", "[Phrase", "phrase_type", "=", "NP"], "regionBoundary": {"x2": 251.35885620117188, "y1": 150.05535888671875, "x1": 72.00105285644531, "y2": 223.06005859375}, "caption": "Figure 3: Examples of embedding", "page": 2}, {"figType": "Figure", "name": "1", "captionBoundary": {"x2": 500.9562683105469, "y1": 225.2472686767578, "x1": 353.3999938964844, "y2": 231.82000732421875}, "imageText": ["clause", "c:", "10008", "phrase", "p:", "10005phr_type:", "NP", "p:", "10006", "phr_type:", "VP", "p:", "10007", "phr_type:", "AP", "word", "w:", "10001", "surface:", "The", "psp:", "article", "w:", "10002", "surface:", "door", "psp:", "noun", "w:", "10003", "surface:", "was", "psp:", "verb", "w:", "10004", "surface:", "blue.", "psp:", "adjective", "1", "2", "3", "4"], "regionBoundary": {"x2": 534.0, "y1": 121.0, "x1": 321.0, "y2": 210.0}, "caption": "Figure 1: A small EMdF database", "page": 1}, {"figType": "Figure", "name": "2", "captionBoundary": {"x2": 507.74176025390625, "y1": 690.0074462890625, "x1": 346.55999755859375, "y2": 696.5802001953125}, "imageText": ["[Phrase", "phrase_type", "=", "NP]", "[Phrase", "phrase_type", "=", "VP]"], "regionBoundary": {"x2": 464.46551513671875, "y1": 657.4155883789062, "x1": 315.0, "y2": 674.14013671875}, "caption": "Figure 2: Two adjacent object blocks", "page": 1}, {"figType": "Figure", "name": "6", "captionBoundary": {"x2": 242.53208923339844, "y1": 397.4473876953125, "x1": 126.12113952636719, "y2": 404.0201110839844}, "imageText": ["]", "]", "..", "[Word", "psp", "=", "conjunction]", "and", "number", "=", "singular", "and", "gender", "=", "w1.gender]", "or", "psp", "=", "proper_noun", "or", "psp", "=", "demonstrative_pronoun", "or", "psp", "=", "interrogative_pronoun", "or", "psp", "=", "personal_pronoun)", "and", "number", "=", "singular]", "]", "..", "[Phrase", "function", "=", "Subj", "[Word", "(psp", "=", "noun", "[Clause", "[Phrase", "function", "=", "Pred", "[Word", "AS", "w1", "psp", "=", "verb"], "regionBoundary": {"x2": 293.5736083984375, "y1": 184.61529541015625, "x1": 72.00067138671875, "y2": 381.4601135253906}, "caption": "Figure 6: Hebrew example", "page": 3}]}, "figures": [{"page_width": 0, "caption_boundary": {"x2": 695.7725948757595, "y1": 312.8434287177192, "x1": 490.8333248562283, "y2": 321.97223239474823}, "name": "1", "caption_text": "Figure 1: A small EMdF database", "figure_type": "Figure", "uri": null, "page_height": 0, "figure_boundary": {"x2": 742.0, "y1": 150.0, "x1": 439.0, "y2": 291.0}, "page": 1, "dpi": 0}, {"page_width": 0, "caption_boundary": {"x2": 336.8501239352756, "y1": 552.010260687934, "x1": 175.16824934217664, "y2": 561.1390431722004}, "name": "6", "caption_text": "Figure 6: Hebrew example", "figure_type": "Figure", "uri": null, "page_height": 0, "figure_boundary": {"x2": 407.0, "y1": 255.0, "x1": 102.0, "y2": 531.0}, "page": 3, "dpi": 0}], "error": null, "pdf": "/work/host-output/be5b8437d1aea6077b2dc35b24a450414b4b5d1b/C04-1172.pdf", "dpi": 100}