{"raw_detected_boxes": [[], [{"x2": 370.0, "y1": 102.0, "x1": 133.0, "y2": 333.0}], [{"x2": 617.0, "y1": 105.0, "x1": 214.0, "y2": 388.0}], [{"x2": 617.0, "y1": 106.0, "x1": 214.0, "y2": 389.0}], [{"x2": 617.0, "y1": 108.0, "x1": 214.0, "y2": 389.0}], [], [], [{"x2": 394.0, "y1": 100.0, "x1": 109.0, "y2": 445.0}]], "raw_pdffigures_output": {"regionless-captions": [], "figures": [{"figType": "Figure", "name": "1", "captionBoundary": {"x2": 286.07684326171875, "y1": 259.5467529296875, "x1": 72.13899993896484, "y2": 279.18804931640625}, "imageText": ["I", "H", "L", "M", "K", "J", "D", "C", "E", "G", "F", "A", "B"], "regionBoundary": {"x2": 268.0, "y1": 73.8900146484375, "x1": 96.0, "y2": 240.8900146484375}, "caption": "Figure 1: Schematic structure of a general graph. Example taken from Sedgewick (1990).", "page": 1}, {"figType": "Figure", "name": "2", "captionBoundary": {"x2": 412.9306945800781, "y1": 299.5157470703125, "x1": 184.8820037841797, "y2": 305.60302734375}, "imageText": ["s8", "s7", "s21", "s20", "s19", "s16", "s24", "s25", "s17s15s23", "s18", "s22", "s14", "s13", "s12", "s11", "s9", "s10", "s2", "s6", "s4s5", "s3", "s1", "Top"], "regionBoundary": {"x2": 444.0, "y1": 73.8900146484375, "x1": 154.0, "y2": 279.8900146484375}, "caption": "Figure 2: Schematic star-like structure of a wordnet.", "page": 2}, {"figType": "Table", "name": "1", "captionBoundary": {"x2": 291.8286437988281, "y1": 337.9997253417969, "x1": 72.13899993896484, "y2": 357.6409912109375}, "imageText": ["GermaNet", "Synsets", "53,312", "Inner", "nodes", "8,728", "Root", "nodes", "4,641", "Tree", "nodes", "18,949", "Leaf", "nodes", "20,683", "Node", "classi\ufb01cation", "time", "1.2", "seconds", "Floyd-Warshall", "path", "search", "120", "hours", "Structure-adapted", "path", "search", "40", "minutes", "Princeton", "WordNet", "Synsets", "117,659", "Inner", "nodes", "4,250", "Root", "nodes", "7,174", "Tree", "nodes", "56,532", "Leaf", "nodes", "49,704", "Node", "classi\ufb01cation", "time", "ca.", "1", "second", "Floyd-Warshall", "path", "search", ">", "35", "days", "Structure-adapted", "path", "search", "9", "minutes"], "regionBoundary": {"x2": 287.0, "y1": 71.8900146484375, "x1": 77.0, "y2": 320.8900146484375}, "caption": "Table 1: Structure-adapted path search \u2013 Summary of results", "page": 7}, {"figType": "Figure", "name": "3", "captionBoundary": {"x2": 382.05242919921875, "y1": 299.5157470703125, "x1": 215.77000427246094, "y2": 305.60302734375}, "imageText": ["s8", "s7", "s21", "s20", "s19", "s16", "s24", "s25", "s17s15s23", "s18", "s22", "s14", "s13", "s12", "s11", "s9", "s10", "s2", "s6", "s4s5", "s3", "s1", "Top"], "regionBoundary": {"x2": 444.0, "y1": 73.8900146484375, "x1": 154.0, "y2": 279.8900146484375}, "caption": "Figure 3: A path through the wordnet.", "page": 3}, {"figType": "Figure", "name": "4", "captionBoundary": {"x2": 525.68310546875, "y1": 299.5157470703125, "x1": 72.13899993896484, "y2": 319.15704345703125}, "imageText": ["s8", "s7", "s21", "s20", "s19", "s16", "s24", "s25", "s17s15s23", "s18", "s22", "s14", "s13", "s12", "s11", "s9", "s10", "s2", "s6", "s4s5", "s3", "s1", "Top"], "regionBoundary": {"x2": 444.0, "y1": 73.8900146484375, "x1": 154.0, "y2": 279.8900146484375}, "caption": "Figure 4: Node classes. White: inner nodes; dark gray: tree nodes; dark gray with thick border: root nodes; light gray: leaf nodes.", "page": 4}]}, "figures": [{"page_width": 0, "caption_boundary": {"x2": 397.3289489746094, "y1": 360.4816012912326, "x1": 100.1930554707845, "y2": 387.76117960611975}, "name": "1", "caption_text": "Figure 1: Schematic structure of a general graph. Example taken from Sedgewick (1990).", "figure_type": "Figure", "uri": null, "page_height": 0, "figure_boundary": {"x2": 372.0, "y1": 102.0, "x1": 133.0, "y2": 334.0}, "page": 1, "dpi": 0}, {"page_width": 0, "caption_boundary": {"x2": 573.5148535834418, "y1": 415.9940931532118, "x1": 256.78056081136066, "y2": 424.44864908854163}, "name": "2", "caption_text": "Figure 2: Schematic star-like structure of a wordnet.", "figure_type": "Figure", "uri": null, "page_height": 0, "figure_boundary": {"x2": 617.0, "y1": 102.0, "x1": 214.0, "y2": 389.0}, "page": 2, "dpi": 0}, {"page_width": 0, "caption_boundary": {"x2": 530.6283738878038, "y1": 415.9940931532118, "x1": 299.68056148952905, "y2": 424.44864908854163}, "name": "3", "caption_text": "Figure 3: A path through the wordnet.", "figure_type": "Figure", "uri": null, "page_height": 0, "figure_boundary": {"x2": 617.0, "y1": 102.0, "x1": 214.0, "y2": 389.0}, "page": 3, "dpi": 0}, {"page_width": 0, "caption_boundary": {"x2": 730.1154242621527, "y1": 415.9940931532118, "x1": 100.1930554707845, "y2": 443.27367146809894}, "name": "4", "caption_text": "Figure 4: Node classes. White: inner nodes; dark gray: tree nodes; dark gray with thick border: root nodes; light gray: leaf nodes.", "figure_type": "Figure", "uri": null, "page_height": 0, "figure_boundary": {"x2": 617.0, "y1": 102.0, "x1": 214.0, "y2": 389.0}, "page": 4, "dpi": 0}, {"page_width": 0, "caption_boundary": {"x2": 405.3175608317057, "y1": 469.44406297471784, "x1": 100.1930554707845, "y2": 496.72359890407984}, "name": "1", "caption_text": "Table 1: Structure-adapted path search \u2013 Summary of results", "figure_type": "Table", "uri": null, "page_height": 0, "figure_boundary": {"x2": 398.0, "y1": 99.0, "x1": 108.0, "y2": 446.0}, "page": 7, "dpi": 0}], "error": null, "pdf": "/work/host-output/2964cd57cb6e9aac46eeb11c2572ac73898f3b44/C08-1126.pdf", "dpi": 100}