{"raw_detected_boxes": [[], [], [], [], [{"x2": 717.0, "y1": 108.0, "x1": 437.0, "y2": 327.0}], [{"x2": 393.0, "y1": 99.0, "x1": 108.0, "y2": 310.0}, {"x2": 733.0, "y1": 102.0, "x1": 425.0, "y2": 178.0}], [{"x2": 713.0, "y1": 159.0, "x1": 439.0, "y2": 329.0}], []], "raw_pdffigures_output": {"regionless-captions": [], "figures": [{"figType": "Table", "name": "2", "captionBoundary": {"x2": 510.29571533203125, "y1": 146.3230743408203, "x1": 321.1102600097656, "y2": 152.89581298828125}, "imageText": ["Sub", "Ins", "Del", "WER", "SER", "initial", "33.23", "0.42", "8.54", "42.18", "91.39", "ASR-like", "11.94", "2.21", "2.36", "16.51", "76.05", "MT-like", "7.34", "0.71", "4.22", "12.26", "63.41"], "regionBoundary": {"x2": 531.0, "y1": 72.8900146484375, "x1": 305.0, "y2": 128.8900146484375}, "caption": "Table 2: Evaluation of the baseline systems", "page": 5}, {"figType": "Table", "name": "1", "captionBoundary": {"x2": 271.11944580078125, "y1": 234.81520080566406, "x1": 92.57020568847656, "y2": 241.387939453125}, "imageText": ["Aix", "Louvain", "Total", "#", "messages", "8,700", "28,000", "36,700", "Original", "messages", "avg.", "length", "14.3", "21.6", "19.9", "#", "tokens", "124", "700", "606", "100", "730", "800", "#", "types", "13", "600", "37", "900", "43", "600", "%", "unknown", "43.7", "%", "30.4", "%", "32.7", "%", "Normalized", "messages", "avg.", "length", "15.4", "23.2", "21.3", "#", "tokens", "133", "800", "650", "100", "783", "900", "#", "types", "8", "200", "20", "800", "23", "300"], "regionBoundary": {"x2": 286.0, "y1": 71.8900146484375, "x1": 78.0, "y2": 222.8900146484375}, "caption": "Table 1: Statistics of the training corpora", "page": 5}, {"figType": "Figure", "name": "1", "captionBoundary": {"x2": 525.5467529296875, "y1": 256.8164367675781, "x1": 305.85931396484375, "y2": 276.9383544921875}, "imageText": ["w:<eps>", "i:<eps>", "l:louis", "<eps>:<eps>", "_#:<eps>", "l:<eps>", "O:<eps>", "p:paul", "_#:<eps>", "<eps>:<eps>", "5", "6", "4", "0/0", "3", "1", "2"], "regionBoundary": {"x2": 516.0, "y1": 77.78695678710938, "x1": 315.0, "y2": 234.458740234375}, "caption": "Figure 1: Transducing phone sequences into word sequences with a dictionary", "page": 4}]}, "figures": [{"page_width": 0, "caption_boundary": {"x2": 729.926045735677, "y1": 356.68949551052515, "x1": 424.80460272894965, "y2": 384.6366034613715}, "name": "1", "caption_text": "Figure 1: Transducing phone sequences into word sequences with a dictionary", "figure_type": "Figure", "uri": null, "page_height": 0, "figure_boundary": {"x2": 717.0, "y1": 108.0, "x1": 437.0, "y2": 327.0}, "page": 4, "dpi": 0}, {"page_width": 0, "caption_boundary": {"x2": 376.5547858344184, "y1": 326.1322233412001, "x1": 128.56973012288412, "y2": 335.26102701822913}, "name": "1", "caption_text": "Table 1: Statistics of the training corpora", "figure_type": "Table", "uri": null, "page_height": 0, "figure_boundary": {"x2": 397.0, "y1": 99.0, "x1": 108.0, "y2": 327.0}, "page": 5, "dpi": 0}, {"page_width": 0, "caption_boundary": {"x2": 708.7440490722656, "y1": 203.2264921400282, "x1": 445.9864722357856, "y2": 212.35529581705728}, "name": "2", "caption_text": "Table 2: Evaluation of the baseline systems", "figure_type": "Table", "uri": null, "page_height": 0, "figure_boundary": {"x2": 738.0, "y1": 101.0, "x1": 424.0, "y2": 178.0}, "page": 5, "dpi": 0}], "error": null, "pdf": "/work/host-output/deea8e50f477702cd88a6ad4c859d0731fe23957/C08-1056.pdf", "dpi": 100}