{"raw_detected_boxes": [[], [], [], [{"x2": 631.0, "y1": 99.0, "x1": 196.0, "y2": 195.0}]], "raw_pdffigures_output": {"regionless-captions": [], "figures": [{"figType": "Figure", "name": "2", "captionBoundary": {"x2": 421.666259765625, "y1": 384.5767822265625, "x1": 176.17904663085938, "y2": 390.6640625}, "imageText": ["7", "do", "s(l,", "j),", "t(l\u2032,", "j\u2032)", "\u2190", "{(A,", "\u03b9)", "|", "A(\u03c61X1\u03c62X2\u03c63,", "\u03c81Y1\u03c82Y2\u03c83)", "\u2192", "B(X1,", "Y1)C(X2,", "Y2)", "\u2208", "P,", "\u2203i.(B,", "\u03b91)", "\u2208", "s(l", "+", "|\u03c61|,", "i),", "(C,", "\u03b92)", "\u2208", "s(i+", "|\u03c62|,", "j", "\u2212", "|\u03c63|),", "\u03c61", "=", "wl+1", ".", ".", ".", "wl+|\u03c61|,", "\u03c62", "=", "wi+1", ".", ".", ".", "wi+|\u03c62|,", "\u03c63", "=", "wj\u2212|\u03c63|", ".", ".", ".", "wj", ",\u2203i\u2032.(C,", "\u03b92)", "\u2208", "t(l\u2032", "+", "|\u03c81|,", "i\u2032),", "(B,", "\u03b91)", "\u2208", "t(i\u2032", "+", "|\u03c82|,", "j\u2032", "\u2212", "|\u03c83|),", "\u03c81", "=", "vl\u2032+1", ".", ".", ".", "vl\u2032+|\u03c81|,", "\u03c82", "=", "vi\u2032+1", ".", ".", ".", "vi\u2032+|\u03c82|,", "\u03c83", "=", "vj\u2032\u2212|\u03c83|", ".", ".", ".", "vj\u2032}", "8", "if", "(S,", "\u03b91)", "\u2208", "s(0,", "n),", "(S,", "\u03b91)", "\u2208", "t(0,", "m)", "then", "return", "success", "else", "failure", "\u2203i.(B,", "\u03b91)", "\u2208", "s(l", "+", "|\u03c61|,", "i),", "(C,", "\u03b92)", "\u2208", "s(i+", "|\u03c62|,", "j", "\u2212", "|\u03c63|),", "\u03c61", "=", "wl+1", ".", ".", ".", "wl+|\u03c61|,", "\u03c62", "=", "wi+1", ".", ".", ".", "wi+|\u03c62|,", "\u03c63", "=", "wj\u2212|\u03c63|", ".", ".", ".", "wj", ",\u2203i\u2032.(B,", "\u03b91)", "\u2208", "t(l\u2032", "+", "|\u03c81|,", "i\u2032),", "(C,", "\u03b92)", "\u2208", "t(i\u2032", "+", "|\u03c82|,", "j\u2032", "\u2212", "|\u03c83|),", "\u03c81", "=", "vl\u2032+1", ".", ".", ".", "vl\u2032+|\u03c81|,", "\u03c82", "=", "vi\u2032+1", ".", ".", ".", "vi\u2032+|\u03c82|,", "\u03c83", "=", "vj\u2032\u2212|\u03c83|", ".", ".", ".", "vj\u2032}", "1", "for", "j", "\u2190", "1", "to", "n,", "for", "j\u2032", "\u2190", "1", "to", "m", "2", "do", "s(i\u2212", "1,", "j),", "t(i\u2032", "\u2212", "1,", "j\u2032)", "\u2190", "{(A,", "\u03b9)", "|", "A(wi", ".", ".", ".", "wj", ",", "vi\u2032", ".", ".", ".", "vj\u2032", ")", "\u2192", "\u01eb", "\u2208", "P}", "3", "for", "k", "\u2190", "(j", "\u2212", "1)", "to", "0,", "for", "k\u2032", "\u2190", "(j\u2032", "\u2212", "1)", "to", "0", "4", "do", "s(k,", "j),", "t(k\u2032,", "j\u2032)", "\u2190", "{(A,", "\u03b9)", "|", "A(X1,", "Y1)", "\u2192", "B(X1,", "Y1)C(X1,", "Y1)", "\u2208", "P,", "(B,", "\u03b91),", "(C,", "\u03b92)", "\u2208", "s(k,", "j),", "(B,", "\u03b91),", "(C,", "\u03b92)", "\u2208", "t(k\u2032,", "j\u2032)}", "5", "for", "l\u2190", "(j", "\u2212", "2)", "to", "0,", "for", "l\u2032", "\u2190", "(j\u2032", "\u2212", "2)", "to", "0", "6", "do", "s(l,", "j),", "t(l\u2032,", "j\u2032)", "\u2190", "{(A,", "\u03b9)", "|", "A(\u03c61X1\u03c62X2\u03c63,", "\u03c81Y1\u03c82Y2\u03c83)", "\u2192", "B(X1,", "Y1)C(X2,", "Y2)", "\u2208", "P,", "BUILD(s,", "[w1", ".", ".", ".", "wn]),", "(t,", "[v1", ".", ".", ".", "vm])"], "regionBoundary": {"x2": 486.4129943847656, "y1": 181.42083740234375, "x1": 72.37899017333984, "y2": 370.2640380859375}, "caption": "Figure 2: CYK-style parsing algorithm for (2,2)-BRCG.", "page": 3}, {"figType": "Figure", "name": "1", "captionBoundary": {"x2": 496.5465393066406, "y1": 154.29656982421875, "x1": 100.93900299072266, "y2": 160.38385009765625}, "imageText": ["Sent.", "TUs", "DTUs", "CDTUs", "MDTUs", "CDTUs/Sent.", "English\u2013French:", "100", "937", "95", "36", "11", "36%", "English-Portuguese:", "100", "939", "100", "52", "3", "52%", "English\u2013Spanish:", "100", "950", "90", "26", "7", "26%", "Portuguese\u2013French:", "100", "915", "77", "19", "3", "19%", "Portuguese\u2013Spanish:", "100", "991", "80", "40", "3", "40%", "Spanish\u2013French:", "100", "975", "74", "24", "8", "24%"], "regionBoundary": {"x2": 460.0, "y1": 70.8900146484375, "x1": 138.0, "y2": 142.8900146484375}, "caption": "Figure 1: Statistics for six 100-sentence hand-aligned Europarl bitexts (Graca et al., 2008).", "page": 3}]}, "figures": [{"page_width": 0, "caption_boundary": {"x2": 689.647971259223, "y1": 214.30079142252603, "x1": 140.193059709337, "y2": 222.7553473578559}, "name": "1", "caption_text": "Figure 1: Statistics for six 100-sentence hand-aligned Europarl bitexts (Graca et al., 2008).", "figure_type": "Figure", "uri": null, "page_height": 0, "figure_boundary": {"x2": 639.0, "y1": 99.0, "x1": 188.0, "y2": 212.0}, "page": 3, "dpi": 0}], "error": null, "pdf": "/work/host-output/54ba9b0fae665a8359887fbfd5fe16f2490f9343/C08-2026.pdf", "dpi": 100}