{"raw_detected_boxes": [[], [], [], [{"x2": 742.0, "y1": 143.0, "x1": 100.0, "y2": 595.0}, {"x2": 699.0, "y1": 697.0, "x1": 457.0, "y2": 894.0}], [{"x2": 394.0, "y1": 99.0, "x1": 103.0, "y2": 161.0}], [{"x2": 718.0, "y1": 109.0, "x1": 112.0, "y2": 279.0}, {"x2": 713.0, "y1": 389.0, "x1": 451.0, "y2": 569.0}], [{"x2": 388.0, "y1": 107.0, "x1": 112.0, "y2": 248.0}], []], "raw_pdffigures_output": {"regionless-captions": [], "figures": [{"figType": "Figure", "name": "3", "captionBoundary": {"x2": 525.6829833984375, "y1": 430.5377197265625, "x1": 305.9949951171875, "y2": 477.2776794433594}, "imageText": ["ot", "q3t", "q2t", "f1t", "q1t", "f2t", "f3t", "ot\u22121", "q3t\u22121", "q2t\u22121", "f1t\u22121", "q1t\u22121", "f2t\u22121", "f3t\u22121", ".", ".", ".", ".", ".", ".", ".", ".", ".", ".", ".", "."], "regionBoundary": {"x2": 513.0, "y1": 278.8900146484375, "x1": 323.98577880859375, "y2": 409.8900146484375}, "caption": "Figure 3: Graphical representation of a Hierarchic Hidden Markov Model. Circles denote random variables, and edges denote conditional dependencies. Shaded circles are observations.", "page": 5}, {"figType": "Figure", "name": "2", "captionBoundary": {"x2": 525.67626953125, "y1": 213.50274658203125, "x1": 72.13854217529297, "y2": 260.24310302734375}, "imageText": ["S/N", "N", "S/N", "N", "S/N", "P", "S/V", "P", "S/V", "P", "N", "S", "N", "P/N", "N", "S", "N", "P/N", "N", "S", "N", "P/N", "P", "N", "P/N", "P", "N", "P/N", "P", "N", "P/N", "P", "N", "P/N", "N", "P/PP", "N", "N", "P/N", "\u2212", "\u2212", "\u2212", "\u2212", "N", "/PRT", "V", "B", "\u2212", "\u2212", "\u2212", "\u2212", "S", "P/N", "N", "P", "N", "N", "P/N", "N", "P", "N", "Ppos/PO", "N", "N", "\u2212", "\u2212", "\u2212", "\u2212", "\u2212", "\u2212", "\u2212", "\u2212", "\u2212", "\u2212", "\u2212", "\u2212", "\u2212", "\u2212", "\u2212", "\u2212", "\u2212", "\u2212", "\u2212", "m", "unicipal", "m", "arket", "up", "the", "propped", "general", "obligations", "bonds", "city", "\u2019s", "york", "new", "for", "strong", "dem", "and", "t=1", "t=2", "t=3", "t=4", "t=5", "t=6", "t=7", "t=8", "t=9", "t=10", "t=11", "t=12", "t=13", "t=14", "t=15", "word", "d=3", "d=2", "d=1"], "regionBoundary": {"x2": 514.0, "y1": 78.43498992919922, "x1": 75.84679412841797, "y2": 200.68377685546875}, "caption": "Figure 2: Sample tree from Figure 1 mapped to qdt variable positions of an HHMM at each stack depth d (vertical) and time step t (horizontal). This tree uses only two levels of stack memory. Values for final-state variables fdt are not shown. Note that some nonterminal labels have been omitted; labels for these nodes can be reconstructed from their children.", "page": 5}, {"figType": "Figure", "name": "1", "captionBoundary": {"x2": 525.6790161132812, "y1": 448.8257141113281, "x1": 72.13899993896484, "y2": 482.0121765136719}, "imageText": ["market", "NN", "municipal", "JJ", "the", "DT", "up", "PRT", "propped", "VBN", "VBN/PRT", "VBN", "bonds", "NNS", "obligation", "NN", "general", "JJ", "\u2019s", "POS", "city", "NNP", "york", "NNP", "new", "NNP", "NNP/NNP", "NNP/NNP", "NNP", "NPpos/POS", "NPpos", "for", "IN", "demand", "NN", "strong", "JJ", "NP/NN", "NP", "NP/PP", "NP/NP", "NP/NNS", "NP/NNS", "NP/NNS", "NP", "S/VP", "S/NP", "S/NN", "S/NN", "S", "b)", "result", "of", "right-corner", "transform:", "market", "NN", "municipal", "JJ", "NN", "the", "DT", "NP", "up", "PRT", "propped", "VBN", "VBN", "VP", "bonds", "NNS", "obligation", "NN", "NNS", "general", "JJ", "NNS", "\u2019s", "POS", "city", "NNP", "york", "NNP", "NNP", "new", "NNP", "NNP", "NPpos", "NP", "for", "IN", "PP", "demand", "NN", "strong", "JJ", "NP", "NP", "S", "a)", "binarized", "phrase", "structure", "tree:"], "regionBoundary": {"x2": 539.103515625, "y1": 73.15178680419922, "x1": 72.13899993896484, "y2": 431.41400146484375}, "caption": "Figure 1: Trees resulting from a) a binarization of a sample phrase structure tree for the sentence Strong demand for New York City\u2019s general obligations bonds propped up the municipal market, and b) a rightcorner transform of this binarized tree.", "page": 3}, {"figType": "Table", "name": "1", "captionBoundary": {"x2": 291.826904296875, "y1": 198.5267333984375, "x1": 72.13899993896484, "y2": 245.25775146484375}, "imageText": ["HHMM", "depth", "limit", "sentences", "coverage", "no", "memory", "127", "0.32%", "1", "memory", "element", "3,496", "8.78%", "2", "memory", "elements", "25,909", "65.05%", "3", "memory", "elements", "38,902", "97.67%", "4", "memory", "elements", "39,816", "99.96%", "5", "memory", "elements", "39,832", "100.00%", "TOTAL", "39,832", "100.00%"], "regionBoundary": {"x2": 284.0, "y1": 75.4427490234375, "x1": 80.0, "y2": 177.17303466796875}, "caption": "Table 1: Percent coverage of right-corner transformed treebank sections 2\u201321 with punctuation omitted, using HHMMs with depth limits D from zero to five.", "page": 6}]}, "figures": [{"page_width": 0, "caption_boundary": {"x2": 730.1097446017795, "y1": 623.3690473768446, "x1": 100.1930554707845, "y2": 669.4613562689887}, "name": "1", "caption_text": "Figure 1: Trees resulting from a) a binarization of a sample phrase structure tree for the sentence Strong demand for New York City\u2019s general obligations bonds propped up the municipal market, and b) a rightcorner transform of this binarized tree.", "figure_type": "Figure", "uri": null, "page_height": 0, "figure_boundary": {"x2": 699.0, "y1": 697.0, "x1": 457.0, "y2": 894.0}, "page": 3, "dpi": 0}, {"page_width": 0, "caption_boundary": {"x2": 730.1059299045139, "y1": 296.5315924750434, "x1": 100.19241968790689, "y2": 361.4487542046441}, "name": "2", "caption_text": "Figure 2: Sample tree from Figure 1 mapped to qdt variable positions of an HHMM at each stack depth d (vertical) and time step t (horizontal). This tree uses only two levels of stack memory. Values for final-state variables fdt are not shown. Note that some nonterminal labels have been omitted; labels for these nodes can be reconstructed from their children.", "figure_type": "Figure", "uri": null, "page_height": 0, "figure_boundary": {"x2": 725.0, "y1": 107.0, "x1": 100.0, "y2": 296.0}, "page": 5, "dpi": 0}, {"page_width": 0, "caption_boundary": {"x2": 730.115254720052, "y1": 597.9690551757812, "x1": 424.9930487738715, "y2": 662.8856658935547}, "name": "3", "caption_text": "Figure 3: Graphical representation of a Hierarchic Hidden Markov Model. Circles denote random variables, and edges denote conditional dependencies. Shaded circles are observations.", "figure_type": "Figure", "uri": null, "page_height": 0, "figure_boundary": {"x2": 713.0, "y1": 386.0, "x1": 451.0, "y2": 569.0}, "page": 5, "dpi": 0}, {"page_width": 0, "caption_boundary": {"x2": 405.3151448567708, "y1": 275.7315741644965, "x1": 100.1930554707845, "y2": 340.6357659233941}, "name": "1", "caption_text": "Table 1: Percent coverage of right-corner transformed treebank sections 2\u201321 with punctuation omitted, using HHMMs with depth limits D from zero to five.", "figure_type": "Table", "uri": null, "page_height": 0, "figure_boundary": {"x2": 394.0, "y1": 102.0, "x1": 111.0, "y2": 248.0}, "page": 6, "dpi": 0}], "error": null, "pdf": "/work/host-output/07bd5c0d83f5227634f45538eb2fbb07a1973f00/C08-1099.pdf", "dpi": 100}