{"raw_detected_boxes": [[], [{"x2": 718.0, "y1": 100.0, "x1": 429.0, "y2": 189.0}], [{"x2": 395.0, "y1": 100.0, "x1": 103.0, "y2": 263.0}, {"x2": 393.0, "y1": 321.0, "x1": 105.0, "y2": 595.0}], [{"x2": 397.0, "y1": 98.0, "x1": 103.0, "y2": 313.0}], [{"x2": 355.0, "y1": 98.0, "x1": 143.0, "y2": 216.0}], [{"x2": 396.0, "y1": 100.0, "x1": 105.0, "y2": 230.0}, {"x2": 399.0, "y1": 345.0, "x1": 102.0, "y2": 475.0}], [{"x2": 698.0, "y1": 98.0, "x1": 124.0, "y2": 258.0}], [{"x2": 395.0, "y1": 102.0, "x1": 102.0, "y2": 396.0}], []], "raw_pdffigures_output": {"regionless-captions": [], "figures": [{"figType": "Table", "name": "2", "captionBoundary": {"x2": 289.2289123535156, "y1": 176.9762725830078, "x1": 72.23600006103516, "y2": 235.38909912109375}, "imageText": ["FIN", "59", "75.73", "72.69", "148.42", "17.44", "7.54", "12.59", "ISP", "64", "55.09", "53.17", "108.27", "20.11", "8.03", "14.18", "LGU", "76", "58.28", "50.55", "108.83", "12.83", "8.55", "10.84", "MO", "70", "66.39", "58.74", "125.13", "15.09", "7.43", "11.49", "PC", "56", "89.34", "77.80", "167.14", "15.48", "6.53", "11.31", "TEL", "66", "75.58", "63.97", "139.55", "12.74", "8.24", "10.67", "ALL", "391", "69.21", "61.96", "131.17", "15.40", "7.69", "11.76", "Utterances/Dial.", "Characters/Utt.", "Domain", "#", "dial.", "OPE", "CAL", "Both", "OPE", "CAL", "Both"], "regionBoundary": {"x2": 286.0, "y1": 70.67999267578125, "x1": 76.0, "y2": 165.67999267578125}, "caption": "Table 2: Training data statistics: Averaged number of utterances per dialogue and characters per utterance for each domain. OPE and CAL denote operator and caller, respectively. See Section 5.1 for the full domain names.", "page": 5}, {"figType": "Table", "name": "3", "captionBoundary": {"x2": 241.5277862548828, "y1": 353.85626220703125, "x1": 120.47599792480469, "y2": 360.4289855957031}, "imageText": ["LGU", "56", "66.55", "51.59", "118.14", "14.54", "7.53", "11.48", "MO", "47", "75.53", "64.87", "140.40", "10.53", "6.79", "8.80", "PC", "44", "124.02", "94.16", "218.18", "14.23", "7.79", "11.45", "TEL", "41", "93.71", "68.54", "162.24", "13.94", "7.85", "11.37", "ALL", "307", "83.07", "65.69", "148.76", "13.98", "7.41", "11.08", "FIN", "60", "73.97", "61.05", "135.02", "14.53", "7.50", "11.35", "ISP", "59", "76.08", "61.24", "137.32", "15.43", "6.94", "11.65", "Utterances/Dial.", "Characters/Utt.", "Domain", "#", "dial.", "OPE", "CAL", "Both", "OPE", "CAL", "Both"], "regionBoundary": {"x2": 288.0, "y1": 247.67999267578125, "x1": 74.0, "y2": 342.67999267578125}, "caption": "Table 3: Test data statistics.", "page": 5}, {"figType": "Figure", "name": "1", "captionBoundary": {"x2": 520.3688354492188, "y1": 153.2162628173828, "x1": 303.35601806640625, "y2": 185.70904541015625}, "imageText": ["Speaker", "HMM", "for", "Class", "2", "3:speaker1", "4:speaker2", "Speaker", "HMM", "for", "Class", "1", "1:speaker1", "2:speaker2"], "regionBoundary": {"x2": 518.0, "y1": 70.67999267578125, "x1": 305.0, "y2": 136.67999267578125}, "caption": "Figure 1: Topology of an ergodic CSHMM. Numbers before \u2018speaker1\u2019 and \u2018speaker2\u2019 denote state IDs.", "page": 1}, {"figType": "Table", "name": "4", "captionBoundary": {"x2": 520.4336547851562, "y1": 197.37623596191406, "x1": 72.23491668701172, "y2": 294.66912841796875}, "imageText": ["Compression", "Rate", "0.42", "0.42", "0.42", "0.42", "0.37", "0.30", "0.30", "(Same-length)", "BL-TF", "F", "0.171", "0.171", "0.171", "0.171", "0.168", "0.164", "0.163", "precision", "0.132", "0.132", "0.132", "0.132", "0.135", "0.140", "0.140", "recall", "0.294", "0.294", "0.294", "0.294", "0.270", "0.241", "0.240", "(Same-length)", "BL-DD", "F", "0.189", "0.189", "0.189", "0.189", "0.189", "0.187", "0.187", "precision", "0.155", "0.155", "0.155", "0.155", "0.162", "0.170", "0.172", "recall", "0.287", "0.287", "0.287", "0.287", "0.273", "0.250", "0.248", "precision", "0.145", "0.145", "0.145", "0.145", "0.161\u2217", "0.191\u2217+", "0.195\u2217+", "recall", "0.294", "0.294", "0.294", "0.294", "0.280\u2217", "0.259\u2217+", "0.259\u2217+", "PROPOSED", "F", "0.177", "0.177", "0.177", "0.177", "0.187\u2217e0e1e2e3", "0.198", "\u2217+e0e1", "e2e3c1", "0.199", "\u2217+e0e1", "e2e3c1", "Metric", "ergodic0", "ergodic1", "ergodic2", "ergodic3", "concat1", "concat2", "concat3"], "regionBoundary": {"x2": 503.0, "y1": 70.67999267578125, "x1": 89.0, "y2": 185.67999267578125}, "caption": "Table 4: F-measure, precision, and recall averaged over all 307 dialogues (cf. Table 3) in the test set for the proposed methods and baselines BL-TF and BL-DD configured to output the same-length summaries as the proposed systems. The averaged compression rate for each proposed system is shown at the bottom. The columns (ergodic0\u2013concat3) indicate our methods as well as the character lengths used by the baselines. Asterisks, \u2018+\u2019, e0\u2013e3, and c1\u2013c3 indicate our systems\u2019 statistical significance by the Wilcoxon signed-rank test (p<0.01) over BL-TF, BL-DD, ergodic0\u20133, and concat1\u20133, respectively. Statistical tests for the precision and recall were only performed between the proposed systems and their same-length baseline counterparts. Bold font indicates the best score in each row.", "page": 6}, {"figType": "Figure", "name": "3", "captionBoundary": {"x2": 289.3751525878906, "y1": 445.7762756347656, "x1": 72.23600006103516, "y2": 465.30902099609375}, "imageText": ["between", "M0", "and", "Mk", "Transition", "probabilities", "of", "M0", "are", "redistributed", "sequences", "output", "common", "less", "likely", "to", "M1\u2026MK", "become", "Split", "Mconcat", "into", "pairs", "again", "and", "retrain", "Mk+0", "converged", "for", "all", "Mk+0", "Mconcat", "If", "the", "fitting", "has", "END", "Step", "2\u2019", "Step", "3", "Step", "2", "Step", "1", "M1+0", "Mk+0", "MK+0", "M1M0", "M0", "Mk", "M0", "MK", "M1+0", "Mk+0", "MK+0", "Concatenate", "AVG", "M1", "Mk", "MK", "M0", "Train", "+", "Classes", "M0", "All", "Train", "Retrain", "MK", "MK", "M0", "K", "Train", "Class", "Retrain", "Mk", "Mk", "M0", "k", "Train", "Class", "Retrain", "M1M0", "1", "M1", "Class", "Copy"], "regionBoundary": {"x2": 284.0, "y1": 230.11737060546875, "x1": 75.93009948730469, "y2": 428.67999267578125}, "caption": "Figure 3: Three steps to create a CSHMM using concatenated training.", "page": 2}, {"figType": "Figure", "name": "2", "captionBoundary": {"x2": 269.14300537109375, "y1": 206.25624084472656, "x1": 92.39600372314453, "y2": 212.8289794921875}, "imageText": ["Speaker", "HMM", "for", "All", "Classes", "(Class", "0)", "Speaker", "HMM", "for", "Class", "2", "Speaker", "HMM", "for", "Class", "1", "5:speaker1", "6:speaker2", "1:speaker1", "2:speaker2", "3:speaker1", "4:speaker2"], "regionBoundary": {"x2": 286.0, "y1": 70.67999267578125, "x1": 74.0, "y2": 189.67999267578125}, "caption": "Figure 2: CSHMM with common states.", "page": 2}, {"figType": "Figure", "name": "6", "captionBoundary": {"x2": 289.37518310546875, "y1": 296.9762878417969, "x1": 72.23600006103516, "y2": 342.4290771484375},