{"raw_detected_boxes": [[], [], [{"x2": 400.0, "y1": 628.0, "x1": 100.0, "y2": 990.0}], [], [{"x2": 401.0, "y1": 108.0, "x1": 105.0, "y2": 261.0}], [{"x2": 397.0, "y1": 102.0, "x1": 106.0, "y2": 260.0}, {"x2": 694.0, "y1": 605.0, "x1": 423.0, "y2": 697.0}], [{"x2": 407.0, "y1": 348.0, "x1": 96.0, "y2": 497.0}], [{"x2": 395.0, "y1": 548.0, "x1": 114.0, "y2": 708.0}], []], "raw_pdffigures_output": {"regionless-captions": [{"figType": "Table", "boundary": {"x2": 455.8141784667969, "y1": 305.7832946777344, "x1": 304.22100830078125, "y2": 311.8389892578125}, "text": "Table 2: The lexico-syntactic patterns", "name": "2", "page": 3}], "figures": [{"figType": "Table", "name": "4", "captionBoundary": {"x2": 289.66436767578125, "y1": 172.78330993652344, "x1": 73.22100067138672, "y2": 189.8389892578125}, "imageText": ["Positive", "expectation", "Negative", "expectation", "Noun(", "_", "(", ")CH", "SO", "w", ")", "Noun(", "_", "(", ")CH", "SO", "w", ")", "\u7f8e", "\u79f0", "|good", "name", "(3.23)", "\u7070", "|ash", "(-3.22)", "\u5065", "\u7f8e", "|health", "(3.06)", "\u6bdb", "|gross", "(-2.93)", "\u9999|fragrance", "(3.05)", "\u7a0e", "|tax", "(-2.89)", "\u7f8e", "\u65b9", "|U.S.A", "(2.98)", "\u6bdb", "\u75c5", "|fault", "(-2.84)", "\u804c", "\u79f0", "|title", "(2.64)", "\u6bd2", "|poison", "(-2.82)"], "regionBoundary": {"x2": 292.0, "y1": 72.67999267578125, "x1": 76.0, "y2": 169.67999267578125}, "caption": "Table 4: Example of nouns with sentiment expectation predicted by the character-based method", "page": 5}, {"figType": "Table", "name": "5", "captionBoundary": {"x2": 455.8940734863281, "y1": 494.7832946777344, "x1": 304.22100830078125, "y2": 500.8389892578125}, "imageText": ["Pos#", "Neg#", "Total#", "Pos#", "1280", "58", "1338", "Neg#", "72", "1666", "1738", "Total#", "1352", "1724", "3066"], "regionBoundary": {"x2": 500.0, "y1": 435.67999267578125, "x1": 308.0, "y2": 491.67999267578125}, "caption": "Table 5: The statistics of DSAAs data", "page": 5}, {"figType": "Table", "name": "6", "captionBoundary": {"x2": 290.5116882324219, "y1": 369.7832946777344, "x1": 73.22100067138672, "y2": 428.8389892578125}, "imageText": ["Methods", "Pre.", "Rec.", "F", "Simple", "Baseline", "61.20", "61.20", "61.20", "HowNet", "Baseline", "97.58", "9.88", "17.94", "Pattern-based", "75.83", "71.67", "73.69", "Character-based", "(HowNet)", "69.89", "69.37", "69.63", "Character-based", "(BaiduHit)", "68.66", "68.59", "68.62", "Character-based", "(Combined)", "71.01", "70.94", "70.97", "Integrated", "method", "78.52", "78.52", "78.52"], "regionBoundary": {"x2": 297.43836975097656, "y1": 251.78330993652344, "x1": 67.0, "y2": 358.8389892578125}, "caption": "Table 6: The experimental results at sentence level As for the simple baseline, both the precision and recall are low, suggesting that DSAAs cannot be neglected for sentiment analysis in a real-world application.", "page": 6}, {"figType": "Table", "name": "1", "captionBoundary": {"x2": 290.63348388671875, "y1": 530.7833251953125, "x1": 73.22100067138672, "y2": 722.8389892578125}, "imageText": ["Positive", "\u538b", "\u529b", "\u5c0f", "|pressure", "is", "small", "\u4ef7\u683c", "\u4f4e", "|price", "is", "low", "Negative", "\u538b", "\u529b", "\u5927", "|pressure", "is", "big", "\u4ef7\u683c", "\u9ad8|price", "is", "high", "The", "SO", "of", "most", "DSAAs", "can", "be", "determined", "by", "target", "nouns", "in", "noun-adjective", "phrases,", "as", "shown", "in", "Table", "1.", "For", "example,", "the", "word", "\u201chigh\u201dhas", "a", "positive", "orientation", "when", "the", "target", "noun", "is", "\u201csalary\u201d", "but", "a", "negative", "orientation", "when", "the", "target", "noun", "is", "\u201cprice\u201d.", "Therefore,", "the", "task", "can", "be", "reduced", "to", "sentiment", "classification", "of", "nouns.", "Positive", "\u6f5c", "\u529b", "\u5927", "|potential", "is", "great", "\u5de5\u8d44\u9ad8|salary", "is", "high", "Negative", "\u6f5c", "\u529b", "\u5c0f", "|potential", "is", "small", "\u5de5\u8d44\u4f4e", "|salary", "is", "low"], "regionBoundary": {"x2": 291.0, "y1": 362.13275146484375, "x1": 70.0, "y2": 528.6799926757812}, "caption": "Table 1: The SO of DSAAs in noun-adjective phrases In previous research, the SO of nouns is classified into three categories: positive, negative and neutral. Accordingly, \u201c\u538b\u529b yali|pressure\u201dwill be assigned as negative and \u201c\u6f5c \u529b qian-li|potential\u201d as positive, while \u201c\u5de5\u8d44 gong-zi|salary\u201d and \u201c\u4ef7\u683c jia-ge|price\u201d will be assigned as neutral, as the two terms are objective and cannot evoke positive or negative emotion. Different from the traditional classification scheme, we propose sentiment expectation and classify nouns into two categories: positive expectation and negative expectation. For a positive expectation noun, people usually expect the thing referred to by the", "page": 2}, {"figType": "Figure", "name": "1", "captionBoundary": {"x2": 282.0254211425781, "y1": 312.7832946777344, "x1": 73.22100067138672, "y2": 318.8389892578125}, "imageText": ["s", "S", "w", "Ws", "\uf03d", "\uf0e5", "\uf0e5", "\uf0ce", "\uf0ce", "6)", "Within", "the", "window", "of", "q", "words", "previous", "to", "w,", "if", "there", "is", "a", "term", "w'\u2208Intensifier_Dict,", "SO(w)", "=\u03c1\u00d7SO(w);", "3.", "(", ")", "(", ")S", "d", "SO", "w", "there", "is", "a", "term", "w'\u2208Negation_Dict,", "SO(w)=", "\u2013SO(w);", "2)", "if", "w\u2208Positive_Dict,", "SO(w)=PosValue;", "3)", "If", "w\u2208Negative_Dict,", "SO(w)=NegValue;", "4)", "Otherwise,", "SO(w)=0;", "5)", "Within", "the", "window", "of", "q", "words", "previous", "to", "w,", "if", "If", "SO(w)=1,", "SO(w)=Dy_PosValue;", "If", "SO(w)=-1,", "SO(w)=Dy_NegValue;", "1)", "if", "w\u2208DSAAs,", "compute", "SO(w)", "with", "the", "integrated", "method.", "Algorithm", "Compute_SO:", "1.", "Tokenize", "document", "d", "into", "sentence", "set", "S,", "and", "each", "sentence", "s\u2208S", "is", "tokenized", "into", "word", "set", "Ws;", "2.", "For", "any", "word", "w", "in", "a", "sentence", "s\u2208S,", "compute", "its", "value", "SO(w)", "as", "follows:"], "regionBoundary": {"x2": 286.569091796875, "y1": 76.78330993652344, "x1": 73.22100067138672, "y2": 306.8389892578125}, "caption": "Figure 1: Algorithm of computing SO of documents", "page": 7}, {"figType": "Table", "name": "7", "captionBoundary": {"x2": 290.3919677734375, "y1": 519.7833251953125, "x1": 73.22100067138672, "y2": 575.8389892578125}, "imageText": ["Pre.", "75.89", "77.50", "76.61", "Rec.", "78.70", "86.11", "87.96Pos.", "F", "77.27", "81.58", "81.90", "Pre.", "87.01", "88.46", "87.06", "Rec.", "64.42", "66.35", "71.15Neg.", "F", "74.03", "75.82", "78.31", "MacroF", "75.62", "78.60", "80.06", "Total", "Accu.", "71.70", "76.42", "79.72", "DSAAs", "(1.5,", "-2.5)", "Baseli", "ne", "DSAAs", "(1,", "-2)"], "regionBoundary": {"x2": 291.0, "y1": 394.67999267578125, "x1": 82.0, "y2": 512.6799926757812}, "caption": "Table 7: The experimental results at document level As an example, the following review, which consists of only one sentence, is correctly classified as positive by DSAAs method, but is classified as negative by the baseline approach.", "page": 7}, {"figType": "Table", "name": "8", "captionBoundary": {"x2": 521.8939819335938, "y1": 185.78330993652344, "x1": 304.22100830078125, "y2": 295.8389892578125}, "imageText": ["OOV", "\u591a|many,\u5c11|few,\u5de8\u5927|huge", "Neg.", "\u5c0f", "|small,", "\u4f4e", "|low,", "\u8584", "|thin,", "\u6d45", "|shallow,", "\u8f7b|light", "Pos.", "\u5927", "|large,", "\u9ad8", "|high,", "\u539a", "|thick,", "\u6df1", "|deep,", "\u91cd|heavy,\u91cd\u5927|great"], "regionBoundary": {"x2": 522.0, "y1": 100.67999267578125, "x1": 304.0, "y2": 179.67999267578125},