{"raw_detected_boxes": [[], [], [{"x2": 714.0, "y1": 173.0, "x1": 430.0, "y2": 306.0}], [{"x2": 393.0, "y1": 100.0, "x1": 100.0, "y2": 349.0}], [{"x2": 662.0, "y1": 292.0, "x1": 483.0, "y2": 392.0}], [{"x2": 718.0, "y1": 149.0, "x1": 106.0, "y2": 926.0}], [{"x2": 391.0, "y1": 104.0, "x1": 106.0, "y2": 349.0}, {"x2": 714.0, "y1": 251.0, "x1": 428.0, "y2": 512.0}], [], []], "raw_pdffigures_output": {"regionless-captions": [{"figType": "Figure", "boundary": {"x2": 288.93402099609375, "y1": 593.7333984375, "x1": 72.08301544189453, "y2": 613.8561401367188}, "text": "Figure 4: Two overlapping 6-grams approximate a 7-gram for back-off.", "name": "4", "page": 4}], "figures": [{"figType": "Figure", "name": "6", "captionBoundary": {"x2": 384.1335144042969, "y1": 677.9612426757812, "x1": 207.90798950195312, "y2": 684.5339965820312}, "imageText": ["correct", "6166", "5349", "532", "132", "153", "incorrect", "1894", "1650", "124", "50", "70", "Precision", "76.5%", "76.4%", "81.1%", "72.5%", "68.6%", "Recall", "100%", "100%", "100%", "100%", "100%", "Still", "requiring", "back-off", "0", "0", "0", "0", "0", "Predict.", "orders", "7", "\u2013", "3", "8060", "6999", "656", "182", "223", "correct", "21", "5", "7", "3", "6", "incorrect", "26", "8", "4", "4", "10", "correct", "5998", "5344", "525", "129", "incorrect", "1808", "1642", "120", "46", "Precision", "76.8%", "76.5%", "81.4%", "73.7%", "Recall", "99.5%", "99.8%", "97.9%", "94.9%", "Back-off", "order", "3", "Predictions", "47", "13", "11", "7", "16", "Still", "requiring", "back-off", "31", "13", "11", "7", "Predict.", "orders", "7", "\u2013", "4", "7806", "6986", "645", "175", "correct", "488", "382", "68", "38", "incorrect", "417", "361", "38", "18", "correct", "5419", "4962", "457", "incorrect", "1363", "1281", "82", "Precision", "79.9%", "79.5%", "84.8%", "Recall", "86.1%", "86.8%", "79.6%", "Back-off", "order", "4", "Predictions", "905", "743", "106", "56", "Still", "requiring", "back-off", "873", "756", "117", "Predict.", "orders", "7", "\u2013", "5", "6782", "6243", "539", "correct", "1542", "1411", "131", "incorrect", "638", "609", "29", "correct", "3551", "3551", "incorrect", "672", "672", "Precision", "84.1%", "84.1%", "Recall", "56.1%", "56.1%", "Back-off", "order", "5", "Predictions", "2180", "2020", "160", "Still", "requiring", "back-off", "2776", "2776", "Predict.", "orders", "7+6", "4223", "4223", "correct", "1620", "1620", "incorrect", "408", "408", "correct", "2495", "1931", "326", "91", "147", "incorrect", "405", "264", "53", "28", "60", "Requiring", "back-off", "5160", "4804", "277", "63", "16", "Precision", "86%", "88%", "86%", "76.5%", "71%", "Recall", "32.6%", "28.7%", "79.6%", "59.1%", "90.2%", "Back-off", "order", "6", "Predictions", "2028", "2028", "Total", "8060", "6999", "656", "182", "223", "Predictions", "2900", "2195", "379", "119", "207", "sum", "7-grams", "6-grams", "5-grams", "4-grams", "(3", "+", "prep", "+", "3)", "(truncated", "7-gram)", "(truncated", "7-gram)", "(truncated", "7-gram)"], "regionBoundary": {"x2": 520.0, "y1": 106.67999267578125, "x1": 72.0, "y2": 666.6799926757812}, "caption": "Figure 6: The results of our experiments", "page": 5}, {"figType": "Figure", "name": "8", "captionBoundary": {"x2": 519.9579467773438, "y1": 390.74627685546875, "x1": 303.10699462890625, "y2": 410.8680114746094}, "imageText": [], "regionBoundary": {"x2": 513.0, "y1": 180.67999267578125, "x1": 307.0, "y2": 368.67999267578125}, "caption": "Figure 8: The accuracy of the n-gram prediction stabilizes quickly.", "page": 6}, {"figType": "Figure", "name": "7", "captionBoundary": {"x2": 288.9339904785156, "y1": 277.2052917480469, "x1": 72.08300018310547, "y2": 297.3270263671875}, "imageText": [], "regionBoundary": {"x2": 282.0, "y1": 74.67999267578125, "x1": 76.0, "y2": 250.67999267578125}, "caption": "Figure 7: Development of precision and recall in relation to back-off order", "page": 6}, {"figType": "Figure", "name": "1", "captionBoundary": {"x2": 497.0113830566406, "y1": 232.5552520751953, "x1": 326.05499267578125, "y2": 239.12799072265625}, "imageText": ["Majority", "baseline", "(of)", "26.94%", "Human", "agreement", "88.60%", "Approach", "Accuracy", "Gamon", "et", "al.", "(2008)", "62.32%", "Tetreault", "and", "Chodorow", "(2008a)", "79.00%", "Bergsma", "et", "al.", "(2009)", "75.50%", "De", "Felice", "(2008)", "system", "70.06%"], "regionBoundary": {"x2": 516.0, "y1": 124.67999267578125, "x1": 307.0, "y2": 220.67999267578125}, "caption": "Figure 1: Preposition prediction results", "page": 2}, {"figType": "Figure", "name": "3", "captionBoundary": {"x2": 519.9579467773438, "y1": 489.27239990234375, "x1": 303.10699462890625, "y2": 509.3941345214844}, "imageText": ["9.", "rather", "a", "question", "from", "the", "scales", "falling", "...", "3.", "rather", "a", "question", "in", "the", "scales", "falling", "2.", "rather", "a", "question", "to", "the", "scales", "falling", "1.", "rather", "a", "question", "of", "the", "scales", "falling"], "regionBoundary": {"x2": 502.4595031738281, "y1": 353.0358581542969, "x1": 313.2189636230469, "y2": 472.3331298828125}, "caption": "Figure 3: Cohort of nine queries resulting for the second prediction task of Figure 2", "page": 3}, {"figType": "Figure", "name": "2", "captionBoundary": {"x2": 283.23504638671875, "y1": 265.8553161621094, "x1": 77.78400421142578, "y2": 272.42803955078125}, "imageText": ["But", "for", "the", "young", ",", "it", "is", "rather", "a", "question", "of", "the", "scales", "falling", "from", "their", "eyes", ",", "and", "having", "nothing", "to", "believe", "-*-MASKED-*-in", "any", "more", "."], "regionBoundary": {"x2": 260.3773193359375, "y1": 214.32962036132812, "x1": 72.08301544189453, "y2": 250.4849853515625}, "caption": "Figure 2: Four prediction tasks for example (1)", "page": 3}, {"figType": "Figure", "name": "5", "captionBoundary": {"x2": 508.8038024902344, "y1": 294.0142517089844, "x1": 314.2619934082031, "y2": 300.58697509765625}, "imageText": ["Full", "back-off", "Correct", "6166", "Incorrect", "1894", "Total", "8060", "Accuracy", "76.5%"], "regionBoundary": {"x2": 476.0, "y1": 210.67999267578125, "x1": 347.0, "y2": 282.67999267578125}, "caption": "Figure 5: Overall results of our experiments.", "page": 4}]}, "figures": [{"page_width": 0, "caption_boundary": {"x2": 690.2935875786675, "y1": 322.99340565999347, "x1": 452.8541564941406, "y2": 332.1222093370226}, "name": "1", "caption_text": "Figure 1: Preposition prediction results", "figure_type": "Figure", "uri": null, "page_height": 0, "figure_boundary": {"x2": 717.0, "y1": 173.0, "x1": 427.0, "y2": 323.0}, "page": 2, "dpi": 0}, {"page_width": 0, "caption_boundary": {"x2": 393.3820088704427, "y1": 369.2434946695963, "x1": 108.0333391825358, "y2": 378.37227715386285}, "name": "2", "caption_text": "Figure 2: Four prediction tasks for example (1)", "figure_type": "Figure", "uri": null, "page_height": 0, "figure_boundary": {"x2": 398.0, "y1": 99.0, "x1": 100.0, "y2": 349.0}, "page": 3, "dpi": 0}, {"page_width": 0, "caption_boundary": {"x2": 706.6719479031033, "y1": 408.3531273735894, "x1": 436.47499084472656, "y2": 417.4819098578559}, "name": "5", "caption_text": "Figure 5: Overall results of our experiments.", "figure_type": "Figure", "uri": null, "page_height": 0, "figure_boundary": {"x2": 665.0, "y1": 275.0, "x1": 466.0, "y2": 409.0}, "page": 4, "dpi": 0}, {"page_width": 0, "caption_boundary": {"x2": 533.5187700059679, "y1": 941.6128370496962, "x1": 288.7610965304904, "y2": 950.7416619194878}, "name": "6", "caption_text": "Figure 6: The results of our experiments", "figure_type": "Figure", "uri": null, "page_height": 0, "figure_boundary": {"x2": 723.0, "y1": 149.0, "x1": 99.0, "y2": 943.0}, "page": 5, "dpi": 0}, {"page_width": 0, "caption_boundary": {"x2": 401.29720899793836, "y1": 385.00734965006507, "x1": 100.11527803209093, "y2": 412.9542032877604}, "name": "7", "caption_text": "Figure 7: Development of precision and recall in relation to back-off order",