{"raw_detected_boxes": [[], [], [], [{"x2": 719.0, "y1": 89.0, "x1": 429.0, "y2": 228.0}], [{"x2": 371.0, "y1": 107.0, "x1": 110.0, "y2": 563.0}], [{"x2": 718.0, "y1": 642.0, "x1": 429.0, "y2": 788.0}], [{"x2": 722.0, "y1": 100.0, "x1": 105.0, "y2": 208.0}, {"x2": 718.0, "y1": 260.0, "x1": 104.0, "y2": 357.0}, {"x2": 397.0, "y1": 422.0, "x1": 106.0, "y2": 568.0}], [], []], "raw_pdffigures_output": {"regionless-captions": [], "figures": [{"figType": "Figure", "name": "3", "captionBoundary": {"x2": 520.1535034179688, "y1": 585.8917236328125, "x1": 303.22100830078125, "y2": 605.5391845703125}, "imageText": ["MMST", "SNL\u2212Style", "Baseline", "All\u2212Style", "Baseline", "as", "ure", "F\u2212", "me", "M", "68", "66", "64", "62", "60", "58", "56", "54", "2", "4", "6", "8", "10", "12", "14", "16", "18", "20", "52"], "regionBoundary": {"x2": 517.8768920898438, "y1": 462.48138427734375, "x1": 307.03900146484375, "y2": 567.2130126953125}, "caption": "Figure 3: Tuning M on the held-out development set", "page": 5}, {"figType": "Figure", "name": "2", "captionBoundary": {"x2": 289.23626708984375, "y1": 428.6317138671875, "x1": 72.22100067138672, "y2": 448.27880859375}, "imageText": ["until", "for", "all", "E", "of", "all", "elements", "in", "BEAM,", "E", "=", "true", "return", "C,", "from", "the", "top", "element", "(W,C,", "F,E)", "of", "BEAM", "end", "if", "end", "for", "BEAM\u2190", "BEAM\u2032", "sort", "BEAM", "in", "descending", "order", "of", "F", ",", "keep", "top", "M", "elements", "end", "if", "end", "for", "C\u2032\u2032", "\u2190", "train({(mki,mkj", ",", "w\u2032\u2032kij)|1", "\u2264", "k", "\u2264", "N,", "i", "<", "j})", "F", "\u2032\u2032", "\u2190", "resolve", "and", "evaluate", "T1,", ".", ".", ".", ",", "TN", "with", "C\u2032\u2032", "BEAM\u2032", "\u2190", "BEAM\u2032", "\u22c3", "{(W", "\u2032\u2032,", "C\u2032\u2032,", "F", "\u2032\u2032,", "false)}", "Chain(mki)", "6=", "Chain(mkj)", "then", "w\u2032\u2032kij", "\u2190", "w\u2032\u2032kij", "+", "\u03b4", "if", "Lkij", "=", "true", "and", "L", "\u2032", "kij", "=", "false", "and", "end", "for", "C\u2032", "\u2190", "train({(mki,mkj", ",", "w\u2032kij)|1", "\u2264", "k", "\u2264", "N,", "i", "<", "j})", "F", "\u2032", "\u2190", "resolve", "and", "evaluate", "T1,", ".", ".", ".", ",", "TN", "with", "C\u2032", "BEAM\u2032", "\u2190", "BEAM\u2032", "\u22c3", "{(W", "\u2032,", "C\u2032,", "F", "\u2032,", "false)}", "W", "\u2032\u2032", "\u2190", "W", "for", "all", "1", "\u2264", "k", "\u2264", "N,", "i", "<", "j", "do", "w\u2032kij", "\u2190", "w\u2032kij", "+", "\u03b4", "end", "if", "if", "Lkij", "=", "false", "and", "L", "\u2032", "kij", "=", "true", "then", "BEAM\u2032", "\u2190", "BEAM\u2032", "\u22c3", "{(W,C,", "F,", "true)}", "if", "E=false", "then", "predict", "all", "L\u2032kij", "with", "C", "(1", "\u2264", "k", "\u2264", "N,", "i", "<", "j)", "cluster", "into", "coreference", "chains", "based", "on", "L\u2032kij", "W", "\u2032", "\u2190", "W", "for", "all", "1", "\u2264", "k", "\u2264", "N,", "i", "<", "j", "do", "BEAM\u2032", "\u2190", "{}", "for", "all", "(W,C,", "F,E)", "in", "BEAM", "do", "INPUT:", "T1,", "T2,", ".", ".", ".", ",", "TN", "OUTPUT:", "classi\ufb01er", "C", "wkij", "\u2190", "1,", "for", "all", "1", "\u2264", "k", "\u2264", "N", "and", "i", "<", "j", "C", "\u2190", "train({(mki,mkj", ",", "wkij)|1", "\u2264", "k", "\u2264", "N,", "i", "<", "j})", "F", "\u2190", "resolve", "and", "evaluate", "T1,", ".", ".", ".", ",", "TN", "with", "C", "E", "\u2190", "false", "BEAM\u2190", "{(W,C,", "F,E)}", "repeat"], "regionBoundary": {"x2": 286.0, "y1": 69.67999267578125, "x1": 71.0, "y2": 411.67999267578125}, "caption": "Figure 2: The maximum metric score training (MMST) algorithm", "page": 4}, {"figType": "Figure", "name": "1", "captionBoundary": {"x2": 509.54522705078125, "y1": 178.7916259765625, "x1": 313.9012145996094, "y2": 184.87890625}, "imageText": ["8", "9", "10", "11", "4", "5", "6", "7", "2", "3", "1"], "regionBoundary": {"x2": 518.0, "y1": 63.67999267578125, "x1": 305.0, "y2": 163.67999267578125}, "caption": "Figure 1: An example of a binary search tree", "page": 3}, {"figType": "Table", "name": "1", "captionBoundary": {"x2": 486.1448059082031, "y1": 167.03173828125, "x1": 106.24099731445312, "y2": 173.1190185546875}, "imageText": ["MMST", "73.3", "59.9", "65.9\u2217\u2217\u2020\u2020", "66.8", "59.8", "63.1\u2217\u2217\u2020", "70.5", "61.9", "65.9\u2217\u2217\u2020", "69.9", "64.0", "66.8\u2020", "64.7", "64.7", "64.7\u2217\u2217\u2020", "M", "=", "6,", "\u03b4", "=", "1.0", "M", "=", "6,", "\u03b4", "=", "0.7", "M", "=", "6,", "\u03b4", "=", "1.8", "M", "=", "6,", "\u03b4", "=", "0.9", "M", "=", "14,", "\u03b4", "=", "0.7", "MUC6", "MUC7", "BNEWS", "NPAPER", "NWIRE", "Model", "R", "P", "F", "R", "P", "F", "R", "P", "F", "R", "P", "F", "R", "P", "F", "Versley", "et", "al.", "08", "\u2013", "\u2013", "60.7", "65.4", "63.0", "64.1", "67.7", "65.8", "60.4", "65.2", "62.7", "Ng", "04", "75.8", "61.4", "67.9", "64.2", "60.2", "62.1", "63.1", "67.8", "65.4", "73.5", "63.3", "68.0", "53.1", "60.6", "56.6", "SNL-Style", "Baseline", "67.0", "49.2", "56.7", "63.0", "54.2", "58.3", "57.4", "64.3", "60.7", "61.6", "67.3", "64.3", "58.6", "66.1", "62.1", "All-Style", "Baseline", "56.9", "69.2", "62.5", "51.5", "73.4", "60.6", "53.0", "76.7", "62.7", "56.3", "75.4", "64.4", "53.0", "74.5", "61.9"], "regionBoundary": {"x2": 526.0, "y1": 72.67999267578125, "x1": 72.0, "y2": 155.67999267578125}, "caption": "Table 1: Results for the two MUC and three ACE corpora with MUC evaluation metric", "page": 6}, {"figType": "Table", "name": "2", "captionBoundary": {"x2": 480.5046081542969, "y1": 274.1317138671875, "x1": 111.8810043334961, "y2": 280.218994140625}, "imageText": ["MMST", "62.7", "81.5", "70.9\u2217\u2217\u2020\u2020", "61.8", "73.6", "67.2\u2020\u2020", "61.6", "83.7", "71.0\u2217\u2217", "63.1", "76.2", "69.1\u2217\u2217", "64.3", "81.0", "71.7", "M", "=", "6,", "\u03b4", "=", "1.0", "M", "=", "8,", "\u03b4", "=", "0.8", "M", "=", "6,", "\u03b4", "=", "0.9", "M", "=", "14,", "\u03b4", "=", "0.5", "M", "=", "6,", "\u03b4", "=", "0.1", "SNL-Style", "Baseline", "57.8", "74.4", "65.1", "57.6", "76.5", "65.7", "62.0", "74.7", "67.8", "61.8", "70.4", "65.8", "65.8", "75.9", "70.5", "All-Style", "Baseline", "51.6", "86.3", "64.6", "49.1", "90.1", "63.6", "61.6", "83.7", "71.0", "63.9", "74.0", "68.6", "64.8", "80.1", "71.7", "MUC6", "MUC7", "BNEWS", "NPAPER", "NWIRE", "Model", "R", "P", "F", "R", "P", "F", "R", "P", "F", "R", "P", "F", "R", "P", "F", "Ng", "05", "\u2013", "\u2013", "57.0", "77.1", "65.6", "62.8", "71.2", "66.7", "59.3", "75.4", "66.4"], "regionBoundary": {"x2": 517.0, "y1": 186.67999267578125, "x1": 75.0, "y2": 260.67999267578125}, "caption": "Table 2: Results for the two MUC and three ACE corpora with B3 evaluation metric", "page": 6}, {"figType": "Figure", "name": "4", "captionBoundary": {"x2": 289.0938415527344, "y1": 427.9117126464844, "x1": 72.22097778320312, "y2": 447.5588073730469}, "imageText": ["MMST", "SNL\u2212Style", "Baseline", "All\u2212Style", "Baseline", "as", "ure", "F\u2212", "me", "delta", "68", "66", "64", "62", "60", "58", "56", "54", "0", "0.2", "0.4", "0.6", "0.8", "1", "1.2", "1.4", "1.6", "1.8", "2", "52"], "regionBoundary": {"x2": 286.0, "y1": 304.5013732910156, "x1": 75.97840118408203, "y2": 409.2330017089844}, "caption": "Figure 4: Tuning \u03b4 on the held-out development set", "page": 6}]}, "figures": [{"page_width": 0, "caption_boundary": {"x2": 707.7017042371962, "y1": 248.32170274522568, "x1": 435.97390916612414, "y2": 256.77625868055554}, "name": "1", "caption_text": "Figure 1: An example of a binary search tree", "figure_type": "Figure", "uri": null, "page_height": 0, "figure_boundary": {"x2": 719.0, "y1": 89.0, "x1": 423.0, "y2": 228.0}, "page": 3, "dpi": 0}, {"page_width": 0, "caption_boundary": {"x2": 401.71703762478296, "y1": 595.3218248155382, "x1": 100.306945376926, "y2": 622.6094563802083}, "name": "2",