{"raw_detected_boxes": [[{"x2": 668.0, "y1": 333.0, "x1": 539.0, "y2": 429.0}], [{"x2": 737.0, "y1": 88.0, "x1": 439.0, "y2": 142.0}], [], [{"x2": 706.0, "y1": 80.0, "x1": 478.0, "y2": 226.0}], [{"x2": 393.0, "y1": 80.0, "x1": 120.0, "y2": 234.0}], []], "raw_pdffigures_output": {"regionless-captions": [], "figures": [{"figType": "Table", "name": "2", "captionBoundary": {"x2": 222.57626342773438, "y1": 172.5423583984375, "x1": 148.2270050048828, "y2": 178.375}, "imageText": ["Ref:", "the", "boy", "wants", "the", "girl", "to", "believe", "him", "All:", "a", "girl", "wanted", "to", "believe", "him", "JAMR-gen:", "boys", "want", "the", "girl", "to", "believe", ":ARG0", "(g", "/", "girl)", ":ARG1", "b))", "(w", "/", "want-01", ":ARG0", "(b", "/", "boy)", ":ARG1", "(b2", "/", "believe-01"], "regionBoundary": {"x2": 284.0, "y1": 58.0, "x1": 87.0, "y2": 169.0}, "caption": "Table 2: Case study.", "page": 4}, {"figType": "Figure", "name": "2", "captionBoundary": {"x2": 493.6569519042969, "y1": 118.93133544921875, "x1": 359.5460205078125, "y2": 124.76397705078125}, "imageText": ["(g,r3)", "ne", "(w,r1)", "(g,r2)", "ns", "(b,r4)", "(w,r3)"], "regionBoundary": {"x2": 534.0, "y1": 64.0, "x1": 313.0, "y2": 102.0}, "caption": "Figure 2: An example AGTSP graph", "page": 1}, {"figType": "Table", "name": "1", "captionBoundary": {"x2": 466.8065185546875, "y1": 160.9853515625, "x1": 386.39599609375, "y2": 166.8179931640625}, "imageText": ["System", "Dev", "Test", "PBMT", "13.13", "16.94", "OnlyConceptRule", "13.15", "14.93", "OnlyInducedRule", "17.68", "18.09", "OnlyBigramLM", "17.19", "17.75", "All", "21.12", "22.44", "JAMR-gen", "23.00", "23.00"], "regionBoundary": {"x2": 509.0, "y1": 58.0, "x1": 344.0, "y2": 157.0}, "caption": "Table 1: Main results.", "page": 3}, {"figType": "Figure", "name": "1", "captionBoundary": {"x2": 516.099609375, "y1": 321.73236083984375, "x1": 337.10400390625, "y2": 327.56500244140625}, "imageText": ["ARG0", "ARG0", "ARG1", "go-01", "boy", "want-01"], "regionBoundary": {"x2": 481.0, "y1": 240.0, "x1": 388.0, "y2": 309.0}, "caption": "Figure 1: AMR graph for \u201cThe boy wants to go\u201d.", "page": 0}]}, "figures": [{"page_width": 0, "caption_boundary": {"x2": 716.8050130208333, "y1": 446.85050116644965, "x1": 468.20000542534723, "y2": 454.9513922797309}, "name": "1", "caption_text": "Figure 1: AMR graph for \u201cThe boy wants to go\u201d.", "figure_type": "Figure", "uri": null, "page_height": 0, "figure_boundary": {"x2": 668.0, "y1": 333.0, "x1": 539.0, "y2": 429.0}, "page": 0, "dpi": 0}, {"page_width": 0, "caption_boundary": {"x2": 685.6346554226345, "y1": 165.18241034613715, "x1": 499.36947292751734, "y2": 173.2833014594184}, "name": "2", "caption_text": "Figure 2: An example AGTSP graph", "figure_type": "Figure", "uri": null, "page_height": 0, "figure_boundary": {"x2": 737.0, "y1": 88.0, "x1": 438.0, "y2": 142.0}, "page": 1, "dpi": 0}, {"page_width": 0, "caption_boundary": {"x2": 648.3423868815104, "y1": 223.59076605902777, "x1": 536.6611056857639, "y2": 231.69165717230902}, "name": "1", "caption_text": "Table 1: Main results.", "figure_type": "Table", "uri": null, "page_height": 0, "figure_boundary": {"x2": 707.0, "y1": 80.0, "x1": 478.0, "y2": 233.0}, "page": 3, "dpi": 0}, {"page_width": 0, "caption_boundary": {"x2": 309.13369920518664, "y1": 239.6421644422743, "x1": 205.87084028455945, "y2": 247.74305555555554}, "name": "2", "caption_text": "Table 2: Case study.", "figure_type": "Table", "uri": null, "page_height": 0, "figure_boundary": {"x2": 395.0, "y1": 80.0, "x1": 120.0, "y2": 251.0}, "page": 4, "dpi": 0}], "error": null, "pdf": "/work/host-output/1d0523bdfc15b963dd46f61b454313d2fa14df27/D16-1224.pdf", "dpi": 100}