{"raw_detected_boxes": [[{"x2": 721.0, "y1": 314.0, "x1": 433.0, "y2": 479.0}], [], [], [{"x2": 700.0, "y1": 87.0, "x1": 127.0, "y2": 198.0}], [{"x2": 726.0, "y1": 86.0, "x1": 432.0, "y2": 269.0}], [{"x2": 687.0, "y1": 86.0, "x1": 142.0, "y2": 256.0}], [{"x2": 696.0, "y1": 86.0, "x1": 134.0, "y2": 241.0}, {"x2": 694.0, "y1": 177.0, "x1": 143.0, "y2": 345.0}, {"x2": 693.0, "y1": 288.0, "x1": 140.0, "y2": 439.0}], [{"x2": 384.0, "y1": 513.0, "x1": 103.0, "y2": 667.0}], []], "raw_pdffigures_output": {"regionless-captions": [], "figures": [{"figType": "Figure", "name": "1", "captionBoundary": {"x2": 525.5465087890625, "y1": 358.112548828125, "x1": 307.2760009765625, "y2": 376.07000732421875}, "imageText": ["Instances", "Concepts", "IsA", "Transitivity", "SubClassOf", "InstanceOf", "Staff", "Member", "Academic", "Staff", "Member", "Assistant", "Professor", "Associate", "Professor", "Professor", "David", "Chris", "Bob", "Alice"], "regionBoundary": {"x2": 519.0, "y1": 223.8900146484375, "x1": 311.0, "y2": 344.68780517578125}, "caption": "Figure 1: An example of concepts, instances, and isA transitivity.", "page": 0}, {"figType": "Table", "name": "2", "captionBoundary": {"x2": 525.547119140625, "y1": 196.10354614257812, "x1": 72.0, "y2": 214.06103515625}, "imageText": ["DistMult", "0.156", "0.362", "22.1", "43.6", "66.0", "93.5", "93.9", "93.0", "93.5", "ComplEx", "0.058", "0.362", "29.2", "40.7", "48.1", "92.8", "92.6", "93.1", "92.9", "TransC", "(unif)", "0.087", "0.421", "28.3", "50.0", "69.2", "93.5", "94.3", "92.6", "93.4", "TransC", "(bern)", "0.112", "0.420", "29.8", "50.2", "69.8", "93.8", "94.8", "92.7", "93.7", "Metric", "MRR", "Hits@N(%)", "Accuracy", "Precision", "Recall", "F1-Score", "Raw", "Filter", "1", "3", "10", "TransE", "0.114", "0.248", "12.3", "28.7", "51.1", "92.1", "92.8", "91.2", "92.0", "TransH", "0.102", "0.215", "10.4", "24.0", "45.1", "90.8", "91.2", "90.3", "90.8", "TransR", "0.112", "0.289", "15.8", "33.8", "56.7", "91.7", "91.6", "91.9", "91.7", "TransD", "0.113", "0.176", "8.9", "19.0", "35.4", "89.3", "88.1", "91.0", "89.5", "HolE", "0.063", "0.198", "11.0", "23.0", "38.4", "92.3", "92.6", "91.9", "92.3", "Experiments", "Link", "Prediction", "Triple", "Classi\ufb01cation(%)"], "regionBoundary": {"x2": 496.0, "y1": 62.8900146484375, "x1": 102.0, "y2": 184.8900146484375}, "caption": "Table 2: Experimental results on link prediction and triple classification for relational triples. Hits@N uses results of \u201cFilter\u201d evaluation setting.", "page": 5}, {"figType": "Table", "name": "4", "captionBoundary": {"x2": 442.56195068359375, "y1": 328.591552734375, "x1": 154.98199462890625, "y2": 334.5940246582031}, "imageText": ["TransC", "(unif)", "82.9", "77.1", "93.7", "84.6", "83.0\u2191", "77.5\u2191", "93.1\u2193", "84.7\u2191", "TransC", "(bern)", "83.7", "78.1", "93.9", "85.2", "84.4\u2191", "80.7\u2191", "90.4\u2193", "85.3\u2191", "Datasets", "YAGO39K", "M-YAGO39K", "Metric", "Accuracy", "Precision", "Recall", "F1-Score", "Accuracy", "Precision", "Recall", "F1-Score", "TransE", "77.6", "72.2", "89.8", "80.0", "76.9\u2193", "72.3\u2191", "87.2\u2193", "79.0\u2193", "TransH", "80.2", "76.4", "87.5", "81.5", "79.1\u2193", "72.8\u2193", "92.9\u2191", "81.6\u2191", "TransR", "80.4", "74.7", "91.9", "82.4", "80.0\u2193", "73.9\u2193", "92.9\u2191", "82.3\u2193", "TransD", "75.9", "70.6", "88.8", "78.7", "76.1\u2191", "70.7\u2191", "89.0\u2191", "78.8\u2191", "HolE", "70.5", "73.9", "63.3", "68.2", "66.6\u2193", "72.3\u2193", "53.7\u2193", "61.7\u2193", "DistMult", "61.9", "68.7", "43.7", "53.4", "60.7\u2193", "71.7\u2191", "35.5\u2193", "47.7\u2193", "ComplEx", "61.6", "71.5", "38.6", "50.1", "59.8\u2193", "65.6\u2193", "41.4\u2191", "50.7\u2191"], "regionBoundary": {"x2": 502.0, "y1": 204.8900146484375, "x1": 96.0, "y2": 316.8900146484375}, "caption": "Table 4: Experimental results on subClassOf triple classification(%).", "page": 6}, {"figType": "Table", "name": "3", "captionBoundary": {"x2": 442.56195068359375, "y1": 186.14053344726562, "x1": 154.98199462890625, "y2": 192.14300537109375}, "imageText": ["TransC", "(unif)", "80.2", "81.6", "80.0", "79.7", "85.5\u2191", "88.3\u2191", "81.8\u2191", "85.0\u2191", "TransC", "(bern)", "79.7", "83.2", "74.4", "78.6", "85.3\u2191", "86.1\u2191", "84.2\u2191", "85.2\u2191", "Datasets", "YAGO39K", "M-YAGO39K", "Metric", "Accuracy", "Precision", "Recall", "F1-Score", "Accuracy", "Precision", "Recall", "F1-Score", "TransE", "82.6", "83.6", "81.0", "82.3", "71.0\u2193", "81.4\u2193", "54.4\u2193", "65.2\u2193", "TransH", "82.9", "83.7", "81.7", "82.7", "70.1\u2193", "80.4\u2193", "53.2\u2193", "64.0\u2193", "TransR", "80.6", "79.4", "82.5", "80.9", "70.9\u2193", "73.0\u2193", "66.3\u2193", "69.5\u2193", "TransD", "83.2", "84.4", "81.5", "82.9", "72.5\u2193", "73.1\u2193", "71.4\u2193", "72.2\u2193", "HolE", "82.3", "86.3", "76.7", "81.2", "74.2\u2193", "81.4\u2193", "62.7\u2193", "70.9\u2193", "DistMult", "83.9", "86.8", "80.1", "83.3", "70.5\u2193", "86.1\u2193", "49.0\u2193", "62.4\u2193", "ComplEx", "83.3", "84.8", "81.1", "82.9", "70.2\u2193", "84.4\u2193", "49.5\u2193", "62.4\u2193"], "regionBoundary": {"x2": 502.0, "y1": 62.8900146484375, "x1": 96.0, "y2": 174.8900146484375}, "caption": "Table 3: Experimental results on instanceOf triple classification(%).", "page": 6}, {"figType": "Figure", "name": "3", "captionBoundary": {"x2": 267.09161376953125, "y1": 491.2155456542969, "x1": 95.177001953125, "y2": 497.218017578125}, "imageText": ["IsA", "Transitivity", "SubClassOf", "InstanceOf", "Northeastern", "United", "States", "Municipality", "City", "Port", "cities", "New", "York", "City"], "regionBoundary": {"x2": 282.77484130859375, "y1": 367.8900146484375, "x1": 75.0, "y2": 481.8900146484375}, "caption": "Figure 3: An inference example of TransC.", "page": 7}, {"figType": "Figure", "name": "2", "captionBoundary": {"x2": 415.69073486328125, "y1": 188.95956420898438, "x1": 181.8520050048828, "y2": 196.45703125}, "imageText": ["\ud835\udc5a\"", "\ud835\udc5a7", "\ud835\udc5a\"", "\ud835\udc5a7", "\ud835\udc5a#", "\ud835\udc5a\"", "\ud835\udc5a7", "\ud835\udc5a\"", "\ud835\udc4e", "\ud835\udc51", "<", "|\ud835\udc5a\"", "\u2212", "\ud835\udc5a#|", "\u2227", "\ud835\udc5a\"", "<", "\ud835\udc5a#", "(\ud835\udc3a\ud835\udc42\ud835\udc34\ud835\udc3f)", "\ud835\udc51", "\ud835\udc60#", "\ud835\udc60\"", "\ud835\udc4f", "\ud835\udc51", "\u2265", "|\ud835\udc5a\"", "+", "\ud835\udc5a#|", "\ud835\udc50", "|\ud835\udc5a\"", "\u2212", "\ud835\udc5a#", "|", "\u2264", "\ud835\udc51", "<", "|\ud835\udc5a\"", "+", "\ud835\udc5a#|", "\ud835\udc51", "\ud835\udc51", "<", "|\ud835\udc5a\"", "\u2212", "\ud835\udc5a#|", "\u2227", "\ud835\udc5a\"", "\u2265", "\ud835\udc5a#", "\ud835\udc51", "\ud835\udc51\ud835\udc51", "\ud835\udc60#", "\ud835\udc60\"\ud835\udc60#", "\ud835\udc60#", "\ud835\udc60\"", "\ud835\udc60\""], "regionBoundary": {"x2": 522.8035278320312, "y1": 62.8900146484375, "x1": 74.0, "y2": 164.8900146484375}, "caption": "Figure 2: Four relative positions between sphere si and sj .", "page": 3}, {"figType": "Table", "name": "1", "captionBoundary": {"x2": 520.0011596679688, "y1": 205.66757202148438, "x1": 312.8190002441406, "y2": 211.6700439453125}, "imageText": ["DataSets", "YAGO39K", "M-YAGO39K", "#Instance", "39,374", "39,374", "#Concept", "46,110", "46,110", "#Relation", "39", "39", "#Relational", "Triple", "354,997", "354,997", "#InstanceOf", "Triple", "442,836", "442,836", "#SubClassOf", "Triple", "30,181", "30,181", "#Valid", "(Relational", "Triple)", "9,341", "9,341", "#Test", "(Relational", "Triple)", "9,364", "9,364", "#Valid", "(InstanceOf", "Triple)", "5,000", "8,650", "#Test", "(InstanceOf", "Triple)", "5,000", "8,650", "#Valid", "(SubClassOf", "Triple)", "1,000", "1,187", "#Test", "(SubClassOf", "Triple)", "1,000", "1,187"], "regionBoundary": {"x2": 523.0, "y1": 62.8900146484375, "x1": 310.0, "y2": 193.8900146484375}, "caption": "Table 1: Statistics of YAGO39K and M-YAGO39K.",