{"raw_detected_boxes": [[], [{"x2": 698.0, "y1": 91.0, "x1": 453.0, "y2": 361.0}], [], [{"x2": 384.0, "y1": 89.0, "x1": 100.0, "y2": 390.0}], [{"x2": 724.0, "y1": 163.0, "x1": 433.0, "y2": 266.0}], [{"x2": 717.0, "y1": 566.0, "x1": 440.0, "y2": 696.0}], [{"x2": 393.0, "y1": 587.0, "x1": 127.0, "y2": 776.0}], [{"x2": 670.0, "y1": 122.0, "x1": 140.0, "y2": 519.0}], [{"x2": 389.0, "y1": 293.0, "x1": 111.0, "y2": 408.0}], [], [{"x2": 647.0, "y1": 240.0, "x1": 506.0, "y2": 464.0}]], "raw_pdffigures_output": {"regionless-captions": [], "figures": [{"figType": "Table", "name": "2", "captionBoundary": {"x2": 525.547607421875, "y1": 513.9605712890625, "x1": 307.2770080566406, "y2": 567.783935546875}, "imageText": ["LargeBin", "62.52", "51.71", "SmallBinPreInit", "171.43", "49.88", "SmallBinReg", "106.79", "42.67", "DiffTime", "25.67", "11.48", "Method", "AMSE", "1900\u20132009", "AMSE", "1950\u20132009"], "regionBoundary": {"x2": 516.0, "y1": 407.8900146484375, "x1": 316.0, "y2": 501.8900146484375}, "caption": "Table 2: Model performance under the synthetic evaluation. The values are the mean sum of squares error (MSSE) for each method. Lower value is better. The first column is MSSE using all times. The second column is MSSE using years 1950 to 2009.", "page": 5}, {"figType": "Table", "name": "3", "captionBoundary": {"x2": 525.5475463867188, "y1": 347.0045471191406, "x1": 307.2770080566406, "y2": 364.9620056152344}, "imageText": ["bird", "10", "building", "7", "clothing", "10", "fruit", "7", "furniture", "8", "ground", "mammal", "17", "tool", "12", "tree", "6", "vehicle", "6", "weapon", "7", "BLESS", "Class", "Size"], "regionBoundary": {"x2": 469.0, "y1": 173.8900146484375, "x1": 364.0, "y2": 334.8900146484375}, "caption": "Table 3: BLESS classes with the number of elements in each class after our preprocessing.", "page": 10}, {"figType": "Figure", "name": "1", "captionBoundary": {"x2": 525.547607421875, "y1": 281.2515563964844, "x1": 307.2770080566406, "y2": 382.89501953125}, "imageText": ["(c)", "Difference", "in", "trajectories", "(b)", "Our", "approach"], "regionBoundary": {"x2": 503.0, "y1": 159.8900146484375, "x1": 324.0530090332031, "y2": 265.3360595703125}, "caption": "Figure 1: Difference between our approach and previous work. Previous work in diachronic distributional models (a) has trained synchronic distributional models on consecutive time bins. In our work (b), a neural network takes word and time as input and produces a time specific word vector. In (c), we sketch that previous work produces a jagged semantic trajectory (blue, solid curve) whereas our model produces a smooth semantic trajectory (pink, dotted curve).", "page": 1}, {"figType": "Figure", "name": "3", "captionBoundary": {"x2": 290.27264404296875, "y1": 572.4345703125, "x1": 72.00089263916016, "y2": 627.7520141601562}, "imageText": ["DiffTime", "0", "0", "1.", "0", "0.", "\u2212", "1.", "1900", "1940", "1980", "SmlBinReg", "0", "0", "1.", "0", "0.", "\u2212", "1.", "1900", "1940", "1980", "Year", "SmlBinInit", "0", "0", "1.", "0", "0.", "\u2212", "1.", "1900", "1940", "1980", "Year", "LrgBin", "0", "0", "1.", "0", "0.", "\u2212", "1.", "1900", "1940", "1980"], "regionBoundary": {"x2": 285.0, "y1": 423.8927307128906, "x1": 93.71795654296875, "y2": 558.8580322265625}, "caption": "Figure 3: Graph Comparisons between shift(t; r1\u25e6r2) (red) and rec(t; r1\u25e6r2,) (blue) for the synthetic word pistol\u25e6elm. The x-axis are the years and the y-axis are the values of shift(t; r1\u25e6r2). rec(t; r1\u25e6r2,mod) and shift(t; r1\u25e6r2) have been Z-scaled.", "page": 6}, {"figType": "Figure", "name": "4", "captionBoundary": {"x2": 525.5482177734375, "y1": 397.8045349121094, "x1": 72.0009994506836, "y2": 427.71697998046875}, "imageText": ["pecan", "pear", "apples", "peach", "1920", "1960", "2000", "debonair", "carefree", "bisexual", "activists", "1920", "1960", "2000", "cable", "postal", "e", "stationery", "1920", "1960", "2000", "port", "railhead", "federal", "national", "1920", "1960", "2000", "prison", "dungeon", "pager", "handset", "rit", "y", "m", "ila", "ne", "si", "co", "si", "0.7", "0.6", "0.5", "0.4", "1920", "1960", "2000", "apple", "gay", "mail", "canadian", "cell", "10", "sp", "ee", "d", "0", "5"], "regionBoundary": {"x2": 483.3900451660156, "y1": 88.96905517578125, "x1": 103.60664367675781, "y2": 373.8900146484375}, "caption": "Figure 4: Speed and nearest neighbors over time of selected words. The top graphs as the speed at which a word changes usage according to our model. The bottom graphs are selected nearest neighbors for those words. Each of the chosen nearest neighbors appear as a top 10 nearest neighbor to the word at some year.", "page": 7}, {"figType": "Figure", "name": "2", "captionBoundary": {"x2": 290.2729797363281, "y1": 294.0415954589844, "x1": 72.00096893310547, "y2": 359.820068359375}, "imageText": ["Time", "Component", "Word", "Component", "Integration", "Component", "Linear\u00a0layer\u00a0", "Matrix\u00ad", "Vector", "Product", "embedding", "tanh\u00a0layer\u00a0Linear\u00a0Layer", "with\u00a0matrix", "output\u00a0", "tanh\u00a0layer\u00a0"], "regionBoundary": {"x2": 277.0, "y1": 61.8900146484375, "x1": 72.0, "y2": 281.8900146484375}, "caption": "Figure 2: Diagram of DiffTime. timevec(t) encodes temporal information as a vector. MW encodes lexical information as a matrix. The target vector for w at time t, useW (w, t), is found by combining Transw and timevec(t). Context version useC(c, t) is the same except that it has its own embedding layer.", "page": 3}, {"figType": "Figure", "name": "5", "captionBoundary": {"x2": 290.2734069824219, "y1": 306.6865539550781, "x1": 72.00099182128906, "y2": 336.5990295410156}, "imageText": [], "regionBoundary": {"x2": 306.0, "y1": 196.8900146484375, "x1": 57.0, "y2": 294.8900146484375}, "caption": "Figure 5: Distribution of time points where a node in h1 is zero. We could interpret these points as barriers between time periods.", "page": 8}, {"figType": "Table", "name": "1", "captionBoundary": {"x2": 525.5474243164062, "y1": 204.53158569335938, "x1": 307.2770080566406, "y2": 222.48907470703125}, "imageText": ["LargeBin", "1990s", "bin", "0.615", "SmallBinPreInit", "1995", "bin", "0.489", "SmallBinReg", "1995", "bin", "0.564", "DiffTime", "start", "of", "1995", "0.694", "Method", "Time", "Spearman\u2019s", "\u03c1"], "regionBoundary": {"x2": 522.0, "y1": 111.8900146484375, "x1": 311.0, "y2": 191.8900146484375}, "caption": "Table 1: Synchronic accuracy of the methods. Time is the point of time we use as our synchronic model.", "page": 4}]}, "figures": [{"page_width": 0, "caption_boundary": {"x2": 729.927232530382, "y1": 390.6271616617838, "x1": 426.77362230088977, "y2": 531.7986382378472}, "name": "1", "caption_text": "Figure 1: Difference between our approach and previous work. Previous work in diachronic distributional models (a) has trained synchronic distributional models on consecutive time bins. In our work (b), a neural network takes word and time as input and produces a time specific word vector. In (c), we sketch that previous work produces a jagged semantic trajectory (blue, solid curve) whereas our model produces a smooth semantic trajectory (pink, dotted curve).", "figure_type": "Figure", "uri": null, "page_height": 0, "figure_boundary": {"x2": 699.0, "y1": 91.0, "x1": 450.0, "y2": 371.0}, "page": 1, "dpi": 0}, {"page_width": 0, "caption_boundary": {"x2": 403.1569163004557, "y1": 408.39110480414496, "x1": 100.00134574042426, "y2": 499.75009494357636}, "name": "2", "caption_text": "Figure 2: Diagram of DiffTime. timevec(t) encodes temporal information as a vector. MW encodes lexical information as a matrix. The target vector for w at time t, useW (w, t), is found by combining Transw and timevec(t). Context version useC(c, t) is the same except that it has its own embedding layer.", "figure_type": "Figure", "uri": null, "page_height": 0, "figure_boundary": {"x2": 391.0, "y1": 86.0, "x1": 100.0, "y2": 407.0},