{"raw_detected_boxes": [[], [], [], [], [{"x2": 661.0, "y1": 146.0, "x1": 191.0, "y2": 441.0}], [{"x2": 676.0, "y1": 418.0, "x1": 137.0, "y2": 660.0}], [{"x2": 630.0, "y1": 551.0, "x1": 197.0, "y2": 649.0}], [], [{"x2": 641.0, "y1": 121.0, "x1": 195.0, "y2": 355.0}, {"x2": 600.0, "y1": 489.0, "x1": 227.0, "y2": 582.0}], [], [], [], [{"x2": 626.0, "y1": 346.0, "x1": 198.0, "y2": 658.0}], [{"x2": 691.0, "y1": 365.0, "x1": 132.0, "y2": 610.0}], [{"x2": 606.0, "y1": 99.0, "x1": 221.0, "y2": 587.0}], [{"x2": 722.0, "y1": 481.0, "x1": 108.0, "y2": 1067.0}], [{"x2": 718.0, "y1": 101.0, "x1": 102.0, "y2": 352.0}], [{"x2": 573.0, "y1": 174.0, "x1": 254.0, "y2": 692.0}], [], [], []], "raw_pdffigures_output": {"regionless-captions": [], "figures": [{"figType": "Table", "name": "4", "captionBoundary": {"x2": 457.40863037109375, "y1": 432.3476867675781, "x1": 137.8800048828125, "y2": 466.49969482421875}, "imageText": ["Cluster", "Name", "Translation", "\u5361\u901a\u5716\u7247__kitty", "cartoon", "picture", "__", "kitty", "\u53ef\u611b\u5716\u7247__\u5361\u901a", "lovable", "picture", "__", "cartoon", "\u6bcd\u89aa\u7bc0\u5716\u7247__\u6bcd\u89aa", "mother\u2019s", "day", "picture", "__", "mother", "\u6bcd\u89aa\u7bc0\u5716\u7247__\u6bcd\u89aa\u7bc0", "mother\u2019s", "day", "picture", "__", "mother\u2019s", "day", "\u6bcd\u89aa\u7bc0\u5716\u7247__\u6bcd\u89aa\u7bc0\u5361\u7247", "mother\u2019s", "day", "picture", "__", "mother\u2019s", "day", "greeting", "card", "\u6bcd\u89aa\u7bc0\u5716\u7247__\u8db4\u8db4\u718a", "mother\u2019s", "day", "picture", "__", "bear", "\u6bcd\u89aa\u7bc0\u5716\u7247__\u5eb7\u4e43\u99a8", "mother\u2019s", "day", "picture", "__", "carnation", "\u5716\u7247__kitty", "picture", "__", "kitty", "\u5716\u7247__\u5361\u901a", "picture", "__", "cartoon", "\u5716\u7247__\u5361\u901a\u5716\u7247", "picture", "__", "cartoon", "picture", "\u5716\u7247__\u5e03\u4e01\u72d7", "picture", "__", "pudding", "dog", "\u5716\u7247__\u6bcd\u89aa\u7bc0", "picture", "__", "mother\u2019s", "day", "\u5716\u7247__\u6bcd\u89aa\u7bc0\u5361\u7247", "picture", "__", "mother\u2019s", "day", "greeting", "card", "\u5716\u7247__\u6bcd\u89aa\u7bc0\u5716\u7247", "picture", "__", "mother\u2019s", "day", "picture", "\u5716\u7247__\u76ae\u5361\u4e18", "picture", "__", "picachu", "\u5716\u7247__\u6709\u8da3", "picture", "__", "funny", "\u5716\u7247__\u72d7", "picture", "__", "dog", "\u5716\u7247__\u8db4\u8db4\u718a", "picture", "__", "bear", "\u5716\u7247__\u684c\u9762", "picture", "__", "theme", "\u5716\u7247__\u684c\u9762\u738b", "picture", "__", "themeking", "\u5716\u7247__\u795e\u5947\u5bf6\u8c9d", "picture", "__", "pokemon", "\u5716\u7247__\u52d5\u7269", "picture", "__", "animal", "\u5716\u7247__\u52d5\u756b", "picture", "__", "animation", "\u5716\u7247__\u5eb7\u4e43\u99a8", "picture", "__", "carnation", "\u5716\u7247__\u904a\u6232", "picture", "__", "game", "\u5716\u7247__\u904a\u6232\u4e0b\u8f09", "picture", "__", "game", "download", "\u5716\u7247__\u5716", "picture", "__", "graph", "\u5716\u7247__\u5716\u7247\u4e0b\u8f09", "picture", "__", "picture", "download", "\u5716\u7247__\u5716\u5eab", "picture", "__", "picture", "bank", "\u5716\u7247__\u5716\u6a94", "picture", "__", "picture", "file", "\u5716\u7247__\u6f2b\u756b", "picture", "__", "comic"], "regionBoundary": {"x2": 436.0, "y1": 72.0, "x1": 159.0, "y2": 423.0}, "caption": "Table 4. An example which contains a number of obtained clusters with information needs related to \u5716\u7247(picture)", "page": 14}, {"figType": "Table", "name": "1", "captionBoundary": {"x2": 413.2414245605469, "y1": 477.4076843261719, "x1": 182.10000610351562, "y2": 485.2796936035156}, "imageText": ["No.", "of", "Distinct", "Queries", "51,125", "Logging", "Days", "15", "days", "(2000/4/22", "00:00~", "2000/5/7", "00:00)", "No.", "of", "Total", "Clients", "12,005", "No.", "of", "Total", "Queries", "341,443"], "regionBoundary": {"x2": 454.0, "y1": 396.0, "x1": 141.0, "y2": 468.0}, "caption": "Table 1. Some statistics of the testing proxy log.", "page": 6}, {"figType": "Table", "name": "3", "captionBoundary": {"x2": 424.9731750488281, "y1": 449.20770263671875, "x1": 170.33999633789062, "y2": 457.0797119140625}, "imageText": ["1:", "+\u53f0\u5927", "\u53f0\u5927", "\u53f0\u7063\u5927\u5b78", "1:", "\u5716\u66f8\u9928", "\u53f0\u5927\u5716\u66f8\u9928", "\u53f0\u5927", "\u53f0\u7063\u5927\u5b78", "\u53f0\u7063\u5927\u5b78\u5716\u66f8\u9928", "1:", "\u53f0\u5927\u4e2d\u570b\u6587\u5b78\u7cfb", "\u53f0\u5927", "\u53f0\u7063\u5927\u5b78", "1:", "\u53f0\u5927", "\u53f0\u7063\u5927\u5b78", "\u5175\u5b78", "1:", "\u81fa\u5927\u7269\u7406", "\u53f0\u5927", "\u53f0\u7063\u5927\u5b78", "1:", "\u53f0\u7063\u5927\u5b78", "\u53f0\u5927", "\u53f0\u7063\u5927\u5b78^\u62db\u6a19", "\u53f0\u7063\u5927\u5b78^\u5de5\u7a0b", "\u62db\u6a19^\u53f0\u5927", "1:", "\u53f0\u5927\u96fb\u6a5f", "\u53f0\u5927", "\u53f0\u7063\u5927\u5b78", "1:", "\u53f0\u5927", "\u53f0\u7063\u5927\u5b78", "\u570b\u7acb\u53f0\u7063\u5927\u5b78", "1:", "\u793e\u6703\u5b78", "\u53f0\u5927\u5716\u66f8\u9928", "\u53f0\u5927", "\u53f0\u7063\u5927\u5b78", "\u5e02\u7acb\u5716\u66f8\u9928", "1:", "\u53f0\u5927", "\u53f0\u5927\u91ab\u5b78\u9662", "\u53f0\u5927\u91ab\u5b78\u7cfb", "\u53f0\u7063\u5927\u5b78", "1:", "\u6642\u5831\u80b2\u6a02", "\u6642\u5831\u80b2\u6a02\u80a1\u4efd\u6709\u9650\u516c\u53f8", "\u6642\u5831", "\u53f0\u5927", "\u53f0\u7063\u5927\u5b78", "\u5927\u5b78\u806f\u62db\u653e\u699c", "\u699c\u55ae", "1:", "\u53f0\u7063\u5927\u5b78", "\u53f0\u5927", "\u6210\u529f\u5927\u5b78", "1:", "\u5716\u66f8", "\u53f0\u5927\u5716\u66f8", "\u53f0\u5927", "\u53f0\u7063\u5927\u5b78", "1:", "\u6930\u6797", "\u53f0\u5927", "\u53f0\u7063\u5927\u5b78", "\u53f0\u7063\u5927\u5b78\u8a08\u7b97\u6a5f\u4e2d\u5fc3", "1:", "\u53f0\u5927", "\u53f0\u7063\u5b78\u5927", "\u53f0\u7063\u5927\u5b78", "\u6bd4\u8cfd", "Cluster", "Name", "Sessions", "in", "Cluster", "\u53f0\u5927__\u53f0\u7063\u5927\u5b78", "10:", "\u53f0\u5927", "\u53f0\u7063\u5927\u5b78"], "regionBoundary": {"x2": 502.0, "y1": 261.0, "x1": 93.0, "y2": 440.0}, "caption": "Table 3. An example of the obtained session clusters.", "page": 13}, {"figType": "Table", "name": "6", "captionBoundary": {"x2": 480.712890625, "y1": 507.82757568359375, "x1": 114.54000091552734, "y2": 515.6995849609375}, "imageText": ["\u5e02\u7acb\u5716\u66f8\u9928", "0.262", "method", "2", "VSM-like", "method", "\u53f0\u5927\u91ab\u5b78\u9662\u5716\u66f8\u9928", "0.278", "Y", "\u699c\u55ae", "0.272", "Y", "\u6642\u5831\u80b2\u6a02", "0.402", "\u5927\u5b78\u806f\u62db\u653e\u699c", "0.402", "Y", "\u6642\u5831\u80b2\u6a02\u80a1\u4efd\u6709\u9650\u516c\u53f8", "0.402", "\u793e\u6703\u5b78", "0.397", "Y", "\u6642\u5831", "0.328", "\u6bd4\u8cfd", "0.312", "\u6930\u6797", "0.305", "Y", "\u53f0\u5927\u91ab\u5b78\u7cfb", "0.475", "Y", "\u53f0\u7063\u5927\u5b78^\u5de5\u7a0b", "0.458", "Y", "\u53f0\u7063\u5927\u5b78^\u62db\u6a19", "0.458", "Y", "\u53f0\u5927\u5716\u66f8", "0.707", "Y", "\u62db\u6a19^\u53f0\u5927", "0.667", "Y", "\u81fa\u5927\u7269\u7406", "0.600", "Y", "\u53f0\u5927\u96fb\u6a5f", "0.600", "Y", "\u53f0\u5927\u4e2d\u570b\u6587\u5b78\u7cfb", "0.600", "Y", "\u53f0\u7063\u5b78\u5927", "0.510", "Y", "Similar", "Query", "Threshold>", "0.25", "related", "\u6210\u529f\u5927\u5b78", "2", "Y", "+\u53f0\u5927", "3", "Y", "\u5716\u66f8\u9928", "3", "Y", "\u53f0\u5927\u91ab\u5b78\u9662", "3", "Y", "\u81fa\u7063\u5927\u5b78", "2", "Y", "\u570b\u7acb\u53f0\u7063\u5927\u5b78", "2", "Y", "\u53f0\u7063\u5927\u5b78\u8a08\u7b97\u6a5f\u4e2d\u5fc3", "2", "Y", "method", "1", "co-occurrence", "\u53f0\u5927", "25", "Y", "\u53f0\u5927\u5716\u66f8\u9928", "5", "Y", "\u53f0\u7063\u5927\u5b78\u5716\u66f8\u9928", "5", "Y", "+\u53f0\u7063\u5927\u5b78", "3", "Y", "Similar", "Query", "Co-occur>", "2", "related", "Search", "\u53f0\u7063\u5927\u5b78", "100", "Query", "Frequency"], "regionBoundary": {"x2": 412.0, "y1": 126.0, "x1": 183.0, "y2": 498.0},