{"raw_detected_boxes": [[], [], [], [{"x2": 573.0, "y1": 585.0, "x1": 218.0, "y2": 758.0}], [], [{"x2": 495.0, "y1": 195.0, "x1": 161.0, "y2": 374.0}, {"x2": 535.0, "y1": 541.0, "x1": 178.0, "y2": 677.0}], [{"x2": 616.0, "y1": 678.0, "x1": 183.0, "y2": 845.0}], [], [], [], [], [{"x2": 665.0, "y1": 324.0, "x1": 133.0, "y2": 439.0}], [], [], [{"x2": 627.0, "y1": 196.0, "x1": 202.0, "y2": 374.0}], [], [], [{"x2": 613.0, "y1": 261.0, "x1": 154.0, "y2": 506.0}], [], [{"x2": 674.0, "y1": 509.0, "x1": 139.0, "y2": 623.0}], [{"x2": 668.0, "y1": 217.0, "x1": 141.0, "y2": 700.0}], [], [], [], [], []], "raw_pdffigures_output": {"regionless-captions": [], "figures": [{"figType": "Figure", "name": "3", "captionBoundary": {"x2": 398.9005126953125, "y1": 549.4496459960938, "x1": 156.60000610351562, "y2": 555.800048828125}, "imageText": ["BNP", "BNP", "VP", "S", "./\u3002", "our/\u6211\u4eec\u7684", "adviser/\u987e\u95ee", "is/\u662f", "That/\u90a3\u4e2a", "old/\u8001", "teacher/\u6559\u5e08", "(b)", "(c)", "[[That/\u90a3\u4e2a", "old/\u8001", "teacher/\u6559\u5e08]BNP", "[is/\u662f", "[our/\u6211\u4eec\u7684", "adviser/\u987e\u95ee]BNP", "]VP", "./\u3002]S"], "regionBoundary": {"x2": 479.2032470703125, "y1": 391.96820068359375, "x1": 120.60005187988281, "y2": 515.60009765625}, "caption": "Figure 3 Bilingual parsing guided by English parsing.", "page": 5}, {"figType": "Figure", "name": "2", "captionBoundary": {"x2": 364.6932373046875, "y1": 324.4495849609375, "x1": 190.79998779296875, "y2": 330.79998779296875}, "imageText": ["adviser/\u987e\u95ee", "(a)", "our/\u6211\u4eec\u7684", "is/\u662f", "teacher/\u6559\u5e08", "./\u3002", "That/\u90a3\u4e2a", "old/\u8001", "(b)", "[[[[[[The/\u90a3\u4e2a", "old/\u8001]", "teacher/\u6559\u5e08]", "is/\u662f]", "our/\u6211\u4eec\u7684]", "adviser/\u987e\u95ee]", "./\u3002]", "."], "regionBoundary": {"x2": 439.79638671875, "y1": 141.0, "x1": 115.19999694824219, "y2": 291.19976806640625}, "caption": "Figure 2 Bilingual parsing with SBTG.", "page": 5}, {"figType": "Figure", "name": "5", "captionBoundary": {"x2": 454.71246337890625, "y1": 308.849609375, "x1": 124.79998779296875, "y2": 315.20001220703125}, "imageText": ["BNP", "the/e/ART", "accordion/\u624b\u98ce\u7434/NN", "VP", "He/\u4ed6/PRP", "PP", "VP", "S", "./\u3002", "afternoon/\u4e0b\u5348/NN", "play/\u62c9/VBP", "in/\u5728/IN"], "regionBoundary": {"x2": 458.3659973144531, "y1": 143.56817626953125, "x1": 144.60000610351562, "y2": 268.4000244140625}, "caption": "Figure 5 A bilingual parsing tree used in translation template acquisition.", "page": 14}, {"figType": "Table", "name": "4", "captionBoundary": {"x2": 313.7839660644531, "y1": 142.64959716796875, "x1": 96.5999755859375, "y2": 149.0}, "imageText": ["Bad", "translations", "were", "produced", "because", "there", "were", "conflicts", "between", "templates.", "This", "You", "don't", "like", "him,", "and", "I", "don't", "either.", "\u4f60\u505a\u4e5f\u559c\u6b22\u5b83\uff0c\u6211\u505a\u4e0d\u4e5f\u4e0d\u559c\u6b22\u3002", "E", "Some", "fish", "jump", "out", "of", "the", "water", "to", "catch", "insects.", "\u4e00\u4e9b\u9c7c\u8df3\u6765\u81ea\u6c34\u6293\u4f4f\u6606\u866b\u3002", "D", "The", "student", "has", "a", "pen.", "\u8fd9\u5b66\u751f\u957f\u4e00\u652f\u94a2\u7b14\u3002", "D", "Will", "you", "tell", "me", "your", "age?", "\u4f60\u613f\u610f\u544a\u8bc9\u6211\u4f60\u7684\u90a3\u4e2a\u65f6\u4ee3\u5417?", "C", "They", "started", "at", "night.", "\u5728\u665a\u4e0a\u4ed6\u4eec\u5f00\u59cb\u3002", "C", "The", "air", "here", "is", "very", "good.", "\u8fd9\u91cc\u7a7a\u6c14\u662f\u5f88\u597d\u3002", "B", "He", "is", "having", "his", "breakfast.", "\u4ed6\u6b63\u5728\u5403\u4ed6\u7684\u65e9\u996d\u3002", "B", "Which", "of", "them", "arrived", "first?", "\u4ed6\u4eec\u4e2d\u54ea\u4e2a\u4eba\u7b2c\u4e00\u4e2a\u5230\u8fbe\u7684?", "A", "The", "singer", "was", "accompanied", "at", "the", "piano", "by", "her", "pupil.", "\u6f14\u5531\u8005\u7531\u5979\u7684\u5b66\u751f\u7528\u94a2\u7434\u4f34\u594f\u3002", "A", "I", "will", "not", "be", "able", "to", "go", "to", "the", "movies", "tomorrow.", "\u6211\u660e\u5929\u4e0d\u80fd\u53bb\u770b\u7535\u5f71\u3002", "A", "English", "Translation", "Grade"], "regionBoundary": {"x2": 487.0, "y1": 154.0, "x1": 96.0, "y2": 389.0}, "caption": "Table 4. Some translation and evaluation grades.", "page": 20}, {"figType": "Figure", "name": "4", "captionBoundary": {"x2": 379.8492126464844, "y1": 656.849609375, "x1": 175.1999969482422, "y2": 663.2000122070312}, "imageText": ["(c)", "X", "eat/\u5403", "less/\u5c11", "bread/\u9762\u5305", "VP", "(b)", "VP", "BVP", "\u9762\u5305", "\u5c11", "\u5403", "\u5403", "\u5c11", "\u9762\u5305", "(a)", "BNP", "VP", "eat", "less", "bread", "\u5982\u679c", "\u4f60", "\u60f3", "\u51cf\u8f7b", "\u4f53\u91cd\uff0c\u6700\u597d", "\u5c11", "\u5403", "\u9762\u5305", "\u3002", "If", "you", "want", "to", "lose", "weight,", "you", "had", "better", "eat", "less", "bread", "."], "regionBoundary": {"x2": 444.0, "y1": 489.5735168457031, "x1": 132.0, "y2": 606.7999877929688}, "caption": "Figure 4 An example of mismatched sub-trees.", "page": 6}, {"figType": "Table", "name": "2", "captionBoundary": {"x2": 348.9000244140625, "y1": 166.049560546875, "x1": 96.60000610351562, "y2": 172.39996337890625}, "imageText": ["Some", "bilingual", "alignment", "results", "based", "on", "E-parsing+C-base", "are", "given", "in", "table", "2.", "The", "[<[We/\u6211\u4eec", "e/\u8fd8\u662f", "had/e", "e/\u5ea6\u8fc7", "e/\u4e86", "<quite/\u76f8\u5f53", "an/\u4e00\u4e2a>X", "enjoyable/\u6109\u5feb\u7684", "holiday/", "\u5047\u65e5]S", ",/\uff0c", "[in", "spite", "of/\u5c3d\u7ba1", "<the/\u5982\u6b64", "weather/\u6c14\u5019>BNP", "]PP", ">S", "./\u3002", "]S", "[[His/\u4ed6\u7684", "punishment/\u5224\u5211]BNP", "<[[was/e", "commuted/\u51cf\u8f7b]VBD", "[to/\u4e3a", "life", "imprisonment/\u65e0", "\u671f\u5f92\u5211]PP", "]X", "[by/\u7531", "[the/e", "judge/\u6cd5\u5b98]BNP", "]PP", ">VP", "./\u3002]S", "[<Will/\u613f\u610f", "you/\u4f60>X", "[tell/\u544a\u8bc9", "me/\u6211", "[your/\u4f60\u7684", "age/\u5e74\u9f84]BNP", "e/\u5417", "]VP", "?/\uff1f", "]SQ", "S[He/\u4ed6", "[will/\u5c06", "<come/\u6765", "[in/\u5728", "[the/e", "afternoon/\u4e0b\u5348]BNP", "]PP", ">VP", "]./\u3002", "]", "[<Mr./\u5148\u751f", "Wu/\u5434>BNP", "<[play/\u62c9", "accordion/\u624b\u98ce\u7434]VP", "[very/\u5f88", "well/\u4f1a]ADVP", ">VP", "./\u3002]S"], "regionBoundary": {"x2": 484.88702392578125, "y1": 177.0, "x1": 96.0, "y2": 326.0}, "caption": "Table 2. Some examples of bilingual structure alignment.", "page": 13}, {"figType": "Figure", "name": "7", "captionBoundary": {"x2": 344.10003662109375, "y1": 399.4495849609375, "x1": 211.80001831054688, "y2": 405.79998779296875}, "imageText": ["English", "morph", "restoration", "and", "POS", "tagging", "Chinese", "sentence", "Translation", "by", "template", "matching", "English", "parsing", "English", "sentence", "Templates", "acquisition", "Structure", "alignment", "Translation", "templates", "Word", "alignment", "English", "parsing", "English", "morph", "restoration", "and", "POS", "tagging", "Chinese", "segment", "and", "POS", "tagging", "Sentence", "aligned", "bilingual", "corpus"], "regionBoundary": {"x2": 441.00347900390625, "y1": 186.0, "x1": 111.0, "y2": 366.0}, "caption": "Figure 7 System Architecture.", "page": 17}, {"figType": "Figure", "name": "1", "captionBoundary": {"x2": 400.1482238769531, "y1": 556.6495971679688, "x1": 156.0, "y2": 563.0}, "imageText": ["./\u3002", "S", "will/e", "start/\u5f00\u59cb", "on/e", "Wondesday/\u661f\u671f\u4e09", "The/e", "game/\u6bd4\u8d5b", "VP", "BVP", "PP", "BNP", "S", "."], "regionBoundary": {"x2": 412.8000183105469, "y1": 420.0, "x1": 154.79995727539062, "y2": 543.7999877929688}, "caption": "Figure 1 Inversion transduction grammar parsing tree.", "page": 3}, {"figType": "Figure", "name": "6", "captionBoundary": {"x2": 349.5, "y1": 504.4494934082031, "x1": 206.3999786376953, "y2": 510.7998962402344},