{"raw_detected_boxes": [[], [], [], [], [], [], [{"x2": 661.0, "y1": 225.0, "x1": 142.0, "y2": 926.0}], [{"x2": 655.0, "y1": 337.0, "x1": 155.0, "y2": 766.0}], [{"x2": 657.0, "y1": 218.0, "x1": 149.0, "y2": 538.0}], [], [], [], [{"x2": 665.0, "y1": 266.0, "x1": 141.0, "y2": 926.0}], [], [{"x2": 617.0, "y1": 238.0, "x1": 176.0, "y2": 435.0}, {"x2": 627.0, "y1": 652.0, "x1": 177.0, "y2": 882.0}], [{"x2": 614.0, "y1": 678.0, "x1": 162.0, "y2": 842.0}], [{"x2": 648.0, "y1": 315.0, "x1": 166.0, "y2": 505.0}], [{"x2": 649.0, "y1": 222.0, "x1": 147.0, "y2": 596.0}], [], [], [{"x2": 665.0, "y1": 670.0, "x1": 145.0, "y2": 943.0}], [], [], [{"x2": 569.0, "y1": 257.0, "x1": 140.0, "y2": 854.0}], [{"x2": 658.0, "y1": 267.0, "x1": 141.0, "y2": 606.0}], [], [], [{"x2": 665.0, "y1": 136.0, "x1": 612.0, "y2": 150.0}], [], [], [{"x2": 667.0, "y1": 701.0, "x1": 152.0, "y2": 919.0}], [{"x2": 589.0, "y1": 621.0, "x1": 227.0, "y2": 917.0}], [], [{"x2": 594.0, "y1": 650.0, "x1": 236.0, "y2": 924.0}], [{"x2": 659.0, "y1": 332.0, "x1": 158.0, "y2": 889.0}], [{"x2": 599.0, "y1": 302.0, "x1": 212.0, "y2": 488.0}], [], [{"x2": 659.0, "y1": 457.0, "x1": 147.0, "y2": 683.0}], [{"x2": 661.0, "y1": 565.0, "x1": 152.0, "y2": 669.0}], [], [], [], [], [], [{"x2": 657.0, "y1": 214.0, "x1": 142.0, "y2": 565.0}], [], [], [{"x2": 649.0, "y1": 203.0, "x1": 193.0, "y2": 360.0}], [], [], [], [{"x2": 647.0, "y1": 330.0, "x1": 134.0, "y2": 677.0}], [], [], [], [], [], [], [], [], [], [], [], [], [], [], [], [], [], [{"x2": 656.0, "y1": 224.0, "x1": 150.0, "y2": 747.0}], [], [], [], [], [{"x2": 654.0, "y1": 209.0, "x1": 149.0, "y2": 363.0}], [], [], [], [], [], [], [], [], [], [], [], [{"x2": 663.0, "y1": 638.0, "x1": 143.0, "y2": 907.0}], [], [{"x2": 643.0, "y1": 249.0, "x1": 160.0, "y2": 397.0}, {"x2": 654.0, "y1": 527.0, "x1": 160.0, "y2": 676.0}], []], "raw_pdffigures_output": {"regionless-captions": [{"figType": "Table", "boundary": {"x2": 466.4515075683594, "y1": 385.76641845703125, "x1": 103.52812957763672, "y2": 392.9248962402344}, "text": "Table 4. Results of the WSD experiment for 445 Chinese un-segmented test sentences.", "name": "4", "page": 38}], "figures": [{"figType": "Table", "name": "3", "captionBoundary": {"x2": 466.43707275390625, "y1": 298.8074035644531, "x1": 103.52812957763672, "y2": 317.5604248046875}, "imageText": ["\u8eca", "/", "LandVehicle|\u8eca", "\u99db", "/", "VehicleGo|\u99db", "Yes", "a", "P.NVEF", "represents", "a", "permissible", "NVEF", "sense-pair.", "\u8eca", "/", "part|\u90e8\u4ef6,%tool|\u7528\u5177,#recreation|\u5a1b\u6a02", "\u884c\u99db", "/", "VehicleGo|\u99db", "No", "\u8eca", "/", "machine|\u6a5f\u5668", "\u884c\u99db", "/", "VehicleGo|\u99db", "No", "\u8eca", "/", "character|\u6587\u5b57,surname|\u59d3,human|\u4eba,ProperName|\u5c08", "\u884c\u99db", "/", "VehicleGo|\u99db", "No", "\u8eca", "/", "LandVehicle|\u8eca", "\u884c\u99db", "/", "VehicleGo|\u99db", "Yes", "\u9019", "/", "time|\u6642\u9593", "\u8eca", "/", "irrigate|\u6f86\u704c", "No", "\u9019", "/", "time|\u6642\u9593", "\u8eca", "/", "cut|\u5207\u524a", "No", "\u9019", "/", "time|\u6642\u9593", "\u884c\u99db", "/", "Go|\u99db", "No", "C.Word", "/", "Noun-sense", "C.Word", "/", "Verb-sense", "P.NVEF", "a"], "regionBoundary": {"x2": 480.0, "y1": 321.8900146484375, "x1": 102.0, "y2": 497.2757263183594}, "caption": "Table 3. Eight possible pairs of NVEF senses found in the Chinese sentence \u201c\u9019\u8f1b\u8eca \u884c\u99db\u9806\u66a2 (This car moves well).\u201d", "page": 37}, {"figType": "Figure", "name": "2", "captionBoundary": {"x2": 433.76025390625, "y1": 658.8178100585938, "x1": 158.02244567871094, "y2": 678.730224609375}, "imageText": [], "regionBoundary": {"x2": 410.0, "y1": 465.8900146484375, "x1": 182.0, "y2": 656.8900146484375}, "caption": "Figure 2 Top 5 possible verb-senses for creating permissible NVEF sense subclasses for the noun-sense \u201cdisease|\u75be\u75c5.\u201d", "page": 33}, {"figType": "Figure", "name": "3", "captionBoundary": {"x2": 433.8351745605469, "y1": 516.7847290039062, "x1": 158.02244567871094, "y2": 548.8714599609375}, "imageText": [], "regionBoundary": {"x2": 474.0, "y1": 237.8900146484375, "x1": 108.0, "y2": 512.8900146484375}, "caption": "Figure 3 Two sentence-NVEF trees for the input Chinese sentences (a) \u201c\u9019\u8f1b\u8eca\u884c\u99db\u9806\u66a2\u201d (a single-NVEF sentence) and (b) \u201c\u8d95\u99ac\u5165\u755c\u6b04\u201d (a multi-NVEF sentence), respectively.", "page": 34}, {"figType": "Figure", "name": "4", "captionBoundary": {"x2": 433.68359375, "y1": 357.3598327636719, "x1": 158.02244567871094, "y2": 377.27227783203125}, "imageText": ["Hownet", "sentence-NVEF", "treesentence", "semi-automatic", "NVEF", "generation", "KR", "tree", "primitive", "NVEF", "sense-pair", "identifier"], "regionBoundary": {"x2": 431.0, "y1": 217.8900146484375, "x1": 149.0, "y2": 351.8900146484375}, "caption": "Figure 4 System overview of the primitive NVEF sense-pair identifier.", "page": 35}, {"figType": "Figure", "name": "1", "captionBoundary": {"x2": 433.3922119140625, "y1": 653.0205078125, "x1": 158.02244567871094, "y2": 685.1072387695312}, "imageText": [], "regionBoundary": {"x2": 418.0, "y1": 442.8900146484375, "x1": 164.0, "y2": 649.8900146484375}, "caption": "Figure 1 An illustration of the KR-tree using \u201c\u4eba\u5de5\u7269 (artifact)\u201d as an example noun-sense subclass. (The English words in parentheses are there for explanatory purposes only.)", "page": 31}, {"figType": "Figure", "name": "5", "captionBoundary": {"x2": 424.5605163574219, "y1": 531.2778930664062, "x1": 158.02244567871094, "y2": 538.4363403320312}, "imageText": ["Hownet", "sentence", "LS-NVWF", "&", "EWL", "checking", "sentence-NVEF", "tree", "semi-automatic", "NVEF", "generation", "KR", "tree", "NVEF", "sense-", "pair", "identifier", "A", "system", "overview", "of", "the", "NVEF", "sense-pair", "identifier", "is", "given", "in", "Fig.", "5."], "regionBoundary": {"x2": 448.0, "y1": 359.5952453613281, "x1": 112.22402954101562, "y2": 525.8900146484375}, "caption": "Figure 5 A system overview of the NVEF sense-pair identifier.", "page": 36}, {"figType": "Table", "name": "1", "captionBoundary": {"x2": 411.3085021972656, "y1": 377.0705261230469, "x1": 103.52812957763672, "y2": 384.22900390625}, "imageText": ["a", "C.Word", "refers", "to", "a", "Chinese", "word;", "E.Word", "refers", "to", "an", "English", "word", "\u8eca", "Che", "Noun", "character|\u6587\u5b57,", "surname|\u59d3,", "human|\u4eba,", "ProperName|\u5c08", "\u8eca", "car", "Noun", "LandVehicle|\u8eca", "\u8eca", "turn", "Verb", "cut|\u5207\u524a", "C.Word", "a", "E.Word", "a", "Part-of-speech", "Sense", "(i.e.", "DEF", "in", "Hownet)"], "regionBoundary": {"x2": 480.0, "y1": 388.8900146484375, "x1": 102.0, "y2": 462.49212646484375}, "caption": "Table 1. Three different senses of the Chinese word \u201c\u8eca(Che/car/turn).\u201d", "page": 30}, {"figType": "Table", "name": "2", "captionBoundary": {"x2": 440.39208984375, "y1": 537.0751953125, "x1": 103.52812957763672, "y2": 555.828125}, "imageText": ["University.)", "a", "Similar", "WordNet", "statistics", "can", "be", "found", "in", "[Voorhees", "1993].", "(WordNet", "is", "a", "trademark", "of", "Princeton", "Maximum", "number", "of", "senses", "per", "Chinese", "word", "27", "14", "24", "Mean", "number", "of", "senses", "per", "Chinese", "word", "1.24", "1.14", "1.23", "Maximum", "number", "of", "Chinese", "words", "per", "sense", "374", "372", "129", "Mean", "number", "of", "Chinese", "words", "per", "sense", "3.8", "3.0", "4.6", "Item", "a", "Total", "Noun", "Verb"], "regionBoundary": {"x2": 480.0, "y1": 560.8900146484375, "x1": 102.0, "y2": 665.396484375}, "caption": "Table 2. Statistics of the number of senses per Chinese word and the number of Chinese words per sense used in Hownet.", "page": 30}]}, "figures": [{"page_width": 0, "caption_boundary": {"x2": 611.6556803385416, "y1": 745.9377712673611, "x1": 143.78906885782877, "y2": 771.9835069444445},