{"raw_detected_boxes": [[], [], [{"x2": 662.0, "y1": 548.0, "x1": 147.0, "y2": 628.0}, {"x2": 667.0, "y1": 788.0, "x1": 145.0, "y2": 914.0}], [{"x2": 601.0, "y1": 619.0, "x1": 221.0, "y2": 922.0}], [], [{"x2": 598.0, "y1": 651.0, "x1": 228.0, "y2": 934.0}], [{"x2": 669.0, "y1": 312.0, "x1": 150.0, "y2": 926.0}], [{"x2": 605.0, "y1": 292.0, "x1": 206.0, "y2": 484.0}], [], [{"x2": 671.0, "y1": 452.0, "x1": 138.0, "y2": 688.0}], [{"x2": 675.0, "y1": 563.0, "x1": 141.0, "y2": 665.0}], [], [], [], [], [], [{"x2": 668.0, "y1": 213.0, "x1": 138.0, "y2": 564.0}], []], "raw_pdffigures_output": {"regionless-captions": [{"figType": "Table", "boundary": {"x2": 472.2118225097656, "y1": 385.6982421875, "x1": 96.60003662109375, "y2": 392.0000305175781}, "text": "Table 4. Results of the WSD experiment for 445 Chinese un-segmented test sentences.", "name": "4", "page": 10}], "figures": [{"figType": "Figure", "name": "2", "captionBoundary": {"x2": 438.3817443847656, "y1": 668.2981567382812, "x1": 153.0, "y2": 687.7999877929688}, "imageText": [], "regionBoundary": {"x2": 413.0, "y1": 467.0, "x1": 178.0, "y2": 665.0}, "caption": "Figure 2 Top 5 possible verb-senses for creating permissible NVEF sense subclasses for the noun-sense \u201cdisease|\u75be\u75c5.\u201d", "page": 5}, {"figType": "Figure", "name": "3", "captionBoundary": {"x2": 438.4444274902344, "y1": 521.2981567382812, "x1": 152.99998474121094, "y2": 553.4000244140625}, "imageText": [], "regionBoundary": {"x2": 480.0, "y1": 231.0, "x1": 102.0, "y2": 516.0}, "caption": "Figure 3 Two sentence-NVEF trees for the input Chinese sentences (a) \u201c\u9019\u8f1b\u8eca\u884c\u99db\u9806\u66a2\u201d (a single-NVEF sentence) and (b) \u201c\u8d95\u99ac\u5165\u755c\u6b04\u201d (a multi-NVEF sentence), respectively.", "page": 6}, {"figType": "Table", "name": "3", "captionBoundary": {"x2": 472.20001220703125, "y1": 295.6982116699219, "x1": 96.60003662109375, "y2": 314.0}, "imageText": ["\u8eca", "/", "LandVehicle|\u8eca", "\u99db", "/", "VehicleGo|\u99db", "Yes", "a", "P.NVEF", "represents", "a", "permissible", "NVEF", "sense-pair.", "\u8eca", "/", "part|\u90e8\u4ef6,%tool|\u7528\u5177,#recreation|\u5a1b\u6a02", "\u884c\u99db", "/", "VehicleGo|\u99db", "No", "\u8eca", "/", "machine|\u6a5f\u5668", "\u884c\u99db", "/", "VehicleGo|\u99db", "No", "\u8eca", "/", "character|\u6587\u5b57,surname|\u59d3,human|\u4eba,ProperName|\u5c08", "\u884c\u99db", "/", "VehicleGo|\u99db", "No", "\u8eca", "/", "LandVehicle|\u8eca", "\u884c\u99db", "/", "VehicleGo|\u99db", "Yes", "\u9019", "/", "time|\u6642\u9593", "\u8eca", "/", "irrigate|\u6f86\u704c", "No", "\u9019", "/", "time|\u6642\u9593", "\u8eca", "/", "cut|\u5207\u524a", "No", "\u9019", "/", "time|\u6642\u9593", "\u884c\u99db", "/", "Go|\u99db", "No", "C.Word", "/", "Noun-sense", "C.Word", "/", "Verb-sense", "P.NVEF", "a"], "regionBoundary": {"x2": 487.0, "y1": 319.0, "x1": 95.0, "y2": 500.0}, "caption": "Table 3. Eight possible pairs of NVEF senses found in the Chinese sentence \u201c\u9019\u8f1b\u8eca \u884c\u99db\u9806\u66a2 (This car moves well).\u201d", "page": 9}, {"figType": "Table", "name": "1", "captionBoundary": {"x2": 414.5439147949219, "y1": 376.6982421875, "x1": 96.5999984741211, "y2": 383.0000305175781}, "imageText": ["a", "C.Word", "refers", "to", "a", "Chinese", "word;", "E.Word", "refers", "to", "an", "English", "word", "\u8eca", "Che", "Noun", "character|\u6587\u5b57,", "surname|\u59d3,", "human|\u4eba,", "ProperName|\u5c08", "\u8eca", "car", "Noun", "LandVehicle|\u8eca", "\u8eca", "turn", "Verb", "cut|\u5207\u524a", "C.Word", "a", "E.Word", "a", "Part-of-speech", "Sense", "(i.e.", "DEF", "in", "Hownet)"], "regionBoundary": {"x2": 487.0, "y1": 388.0, "x1": 95.0, "y2": 464.0}, "caption": "Table 1. Three different senses of the Chinese word \u201c\u8eca(Che/car/turn).\u201d", "page": 2}, {"figType": "Table", "name": "2", "captionBoundary": {"x2": 445.21368408203125, "y1": 542.2981567382812, "x1": 96.5999984741211, "y2": 560.5999755859375}, "imageText": ["University.)", "a", "Similar", "WordNet", "statistics", "can", "be", "found", "in", "[Voorhees", "1993].", "(WordNet", "is", "a", "trademark", "of", "Princeton", "Maximum", "number", "of", "senses", "per", "Chinese", "word", "27", "14", "24", "Mean", "number", "of", "senses", "per", "Chinese", "word", "1.24", "1.14", "1.23", "Maximum", "number", "of", "Chinese", "words", "per", "sense", "374", "372", "129", "Mean", "number", "of", "Chinese", "words", "per", "sense", "3.8", "3.0", "4.6", "Item", "a", "Total", "Noun", "Verb"], "regionBoundary": {"x2": 487.0, "y1": 566.0, "x1": 95.0, "y2": 674.0}, "caption": "Table 2. Statistics of the number of senses per Chinese word and the number of Chinese words per sense used in Hownet.", "page": 2}, {"figType": "Figure", "name": "4", "captionBoundary": {"x2": 438.3009338378906, "y1": 356.2982177734375, "x1": 153.0, "y2": 375.8000183105469}, "imageText": ["Hownet", "sentence-NVEF", "treesentence", "semi-automatic", "NVEF", "generation", "KR", "tree", "primitive", "NVEF", "sense-pair", "identifier"], "regionBoundary": {"x2": 435.0, "y1": 211.0, "x1": 144.0, "y2": 350.0}, "caption": "Figure 4 System overview of the primitive NVEF sense-pair identifier.", "page": 7}, {"figType": "Figure", "name": "1", "captionBoundary": {"x2": 438.0, "y1": 662.2981567382812, "x1": 152.99996948242188, "y2": 694.4000244140625}, "imageText": [], "regionBoundary": {"x2": 422.0, "y1": 444.0, "x1": 160.0, "y2": 658.0}, "caption": "Figure 1 An illustration of the KR-tree using \u201c\u4eba\u5de5\u7269 (artifact)\u201d as an example noun-sense subclass. (The English words in parentheses are there for explanatory purposes only.)", "page": 3}, {"figType": "Figure", "name": "5", "captionBoundary": {"x2": 428.8601989746094, "y1": 536.2981567382812, "x1": 153.0, "y2": 542.5999755859375}, "imageText": ["Hownet", "sentence", "LS-NVWF", "&", "EWL", "checking", "sentence-NVEF", "tree", "semi-automatic", "NVEF", "generation", "KR", "tree", "NVEF", "sense-", "pair", "identifier", "A", "system", "overview", "of", "the", "NVEF", "sense-pair", "identifier", "is", "given", "in", "Fig.", "5."], "regionBoundary": {"x2": 453.0, "y1": 358.70330810546875, "x1": 105.59996032714844, "y2": 529.0}, "caption": "Figure 5 A system overview of the NVEF sense-pair identifier.", "page": 8}]}, "figures": [{"page_width": 0, "caption_boundary": {"x2": 575.7554372151692, "y1": 523.1920030381945, "x1": 134.1666645473904, "y2": 531.9444868299696}, "name": "1", "caption_text": "Table 1. Three different senses of the Chinese word \u201c\u8eca(Che/car/turn).\u201d", "figure_type": "Table", "uri": null, "page_height": 0, "figure_boundary": {"x2": 675.0, "y1": 531.0, "x1": 132.0, "y2": 645.0}, "page": 2, "dpi": 0}, {"page_width": 0, "caption_boundary": {"x2": 618.3523390028212, "y1": 753.1918843587239, "x1": 134.1666645473904, "y2": 778.6110772026909}, "name": "2", "caption_text": "Table 2. Statistics of the number of senses per Chinese word and the number of Chinese words per sense used in Hownet.", "figure_type": "Table", "uri": null, "page_height": 0, "figure_boundary": {"x2": 675.0, "y1": 771.0, "x1": 132.0, "y2": 931.0}, "page": 2, "dpi": 0}, {"page_width": 0, "caption_boundary": {"x2": 608.3333333333333, "y1": 919.8585510253906, "x1": 212.49995761447482, "y2": 964.4444783528645}, "name": "1", "caption_text": "Figure 1 An illustration of the KR-tree using \u201c\u4eba\u5de5\u7269 (artifact)\u201d as an example noun-sense subclass. (The English words in parentheses are there for explanatory purposes only.)", "figure_type": "Figure", "uri": null, "page_height": 0, "figure_boundary": {"x2": 610.0, "y1": 602.0, "x1": 205.0, "y2": 939.0}, "page": 3, "dpi": 0}, {"page_width": 0, "caption_boundary": {"x2": 608.86353386773, "y1": 928.1918843587239, "x1": 212.5, "y2": 955.2777608235676}, "name": "2", "caption_text": "Figure 2 Top 5 possible verb-senses for creating permissible NVEF sense subclasses for the noun-sense \u201cdisease|\u75be\u75c5.\u201d",