{"raw_detected_boxes": [[], [], [], [], [], [{"x2": 663.0, "y1": 900.0, "x1": 146.0, "y2": 963.0}], [{"x2": 663.0, "y1": 185.0, "x1": 136.0, "y2": 560.0}, {"x2": 646.0, "y1": 664.0, "x1": 163.0, "y2": 969.0}], [{"x2": 604.0, "y1": 299.0, "x1": 205.0, "y2": 673.0}, {"x2": 599.0, "y1": 760.0, "x1": 210.0, "y2": 968.0}], [{"x2": 594.0, "y1": 192.0, "x1": 208.0, "y2": 700.0}], [{"x2": 645.0, "y1": 742.0, "x1": 163.0, "y2": 968.0}], [{"x2": 639.0, "y1": 185.0, "x1": 163.0, "y2": 377.0}], [{"x2": 548.0, "y1": 187.0, "x1": 292.0, "y2": 658.0}], [], [], [{"x2": 667.0, "y1": 570.0, "x1": 135.0, "y2": 843.0}], [{"x2": 669.0, "y1": 474.0, "x1": 136.0, "y2": 512.0}], [], [], [], []], "raw_pdffigures_output": {"regionless-captions": [], "figures": [{"figType": "Table", "name": "1", "captionBoundary": {"x2": 484.78900146484375, "y1": 585.65673828125, "x1": 96.41999816894531, "y2": 640.8595581054688}, "imageText": ["civil", "service", "jj", "nn", "hard", "cash", "1562", "496.156856", "rice", "bowl", "nn", "nn", "beef", "steak", "1860", "99.2231161", "Pattern", "Count", "Min", "LLR", "LDOCE", "example", "E-collocation", "Candidate", "Pairs", "Part", "of", "Speech"], "regionBoundary": {"x2": 483.0, "y1": 646.0, "x1": 96.0, "y2": 699.0}, "caption": "Table 1. The initial candidates extracted based on preferred patterns trained on collocations listed in LDOCE ( LDOCE example: the example for the POS pattern in LDOCE; Pattern Count: the number of POS patterns occurring in LDOCE ; Min LLR : the minimal LLR value of every two words in the candidate pairs.)", "page": 5}, {"figType": "Table", "name": "6", "captionBoundary": {"x2": 477.0450134277344, "y1": 381.6557312011719, "x1": 96.42022705078125, "y2": 400.8586730957031}, "imageText": ["Translation", "Count", "Translation", "Prob.", "Translation", "Count", "Translation", "Prob.", "\u4ee3\u50f9", "34", "0.1214", "\u82b1\u9322", "7", "0.025", "\u9322", "31", "0.1107", "\u51fa\u9322", "6", "0.0214", "\u8cbb\u7528", "21", "0.075", "\u79df", "6", "0.0214", "\u4ed8\u8cbb", "16", "0.0571", "\u767c\u7d66", "6", "0.0214", "\uf9b4", "16", "0.0571", "\u4ed8\u51fa", "5", "0.0179", "\u7e73", "16", "0.0571", "\u85aa\u8cc7", "5", "0.0179", "\u652f\u4ed8", "13", "0.0464", "\u4ed8\u9322", "4", "0.0143", "\u7d66", "13", "0.0464", "\u52a0\u85aa", "4", "0.0143", "\u85aa\u6c34", "11", "0.0393", "...", "...", "...", "\u8ca0\u64d4", "9", "0.0321", "\u7a4d\u6b20", "2", "0.0071", "\u8cbb", "9", "0.0321", "\u7e73\u6b3e", "2", "0.0071", "\u7d66\u4ed8", "8", "0.0286"], "regionBoundary": {"x2": 484.0, "y1": 406.0, "x1": 95.0, "y2": 607.0}, "caption": "Table 6. The aligned translations for the English word \u201cpay\u201d and their translation probability.", "page": 14}, {"figType": "Table", "name": "2", "captionBoundary": {"x2": 481.0253601074219, "y1": 453.8968200683594, "x1": 102.0, "y2": 473.0997009277344}, "imageText": ["pay", "cut", "vb", "nn", "take", "action", "313", "8.53341082", "starve", "to", "death", "vb", "to", "nn", "bring", "to", "bay", "26", "7.93262494", "civil", "service", "rice", "jj", "nn", "nn", "high", "water", "mark", "19", "7.88517791", "*service", "rice", "nn", "nn", "beef", "steak", "1860", "7.88517791", "year", "-", "end", "bonus", "nn", "nn", "nn", "tin", "pan", "alley", "12", "15.9977283", "go", "out", "vb", "rp", "bang", "out", "1790", "14.6464925", "performance", "review", "nn", "nn", "beef", "steak", "1860", "13.5716459", "performance", "review", "bonus", "nn", "nn", "nn", "tin", "pan", "alley", "8", "13.5716459", "civil", "service", "jj", "nn", "hard", "cash", "1562", "496.156856", "rice", "bowl", "nn", "nn", "beef", "steak", "1860", "99.2231161", "iron", "rice", "bowl", "nn", "nn", "nn", "tin", "pan", "alley", "8", "66.3654678", "filled", "up", "vbn", "rp", "set", "down", "84", "55.2837871", "economic", "downturn", "jj", "nn", "hard", "cash", "1562", "51.8600979", "*end", "bonus", "nn", "nn", "beef", "steak", "1860", "15.9977283", "Candidate", "Pairs", "Part", "of", "Speech", "LDOCE", "example", "Pattern", "Count", "Min", "LLR", "E-collocation"], "regionBoundary": {"x2": 465.0, "y1": 478.0, "x1": 116.0, "y2": 700.0}, "caption": "Table 2. The candidates of English collocations based on both preferred linguistic patterns and log likelihood ratios.", "page": 6}, {"figType": "Table", "name": "5", "captionBoundary": {"x2": 484.8027648925781, "y1": 495.65673828125, "x1": 96.41999816894531, "y2": 526.859619140625}, "imageText": ["civil", "service", "rice", "\u516c\u5bb6", "\u98ef", "29.08", "0.0378", "economic", "downturn", "\u503c\u6b64", "\u7d93\u6fdf", "\u666f\u6c23", "32.4", "0.4359", "...", "...", "...", "...", "performance", "review", "bonus", "\u8003\u7e3e", "\u734e\uf90a", "30.32", "0.1374", "economic", "downturn", "\u666f\u6c23", "\u4f4e\u8ff7", "29.82", "0.2500", "economic", "downturn", "\u7d93\u6fdf", "\u666f\u6c23", "\u4f4e\u8ff7", "32.4", "0.9359", "year-end", "bonus", "\uf98e\u7d42\u734e\uf90a", "59.21", "0.0700", "rice", "bowl", "\u9435\u98ef\u7897", "77.74", "0.0384", "English", "collocations", "Chinese", "collocations", "LLR", "Collocation", "Translation", "Prob.", "iron", "rice", "bowl", "\u9435\u98ef\u7897", "103.3", "0.0202"], "regionBoundary": {"x2": 464.0, "y1": 532.0, "x1": 117.0, "y2": 701.0}, "caption": "Table 5. The extracted Chinese collocation candidates which are picked out. The shaded collocation pairs are selected by CLASS (Greedy Alignment Linking E).", "page": 9}, {"figType": "Table", "name": "4", "captionBoundary": {"x2": 455.6800842285156, "y1": 522.2967529296875, "x1": 107.58000183105469, "y2": 541.4996337890625}, "imageText": ["\u8003\u7e3e", "\u734e\uf90a", "Na", "Na", "\u751f\u6d3b\u6d25\u8cbc", "429", "36.8090448", "\uf967\u865e", "\u88c1\u54e1", "VJ", "VA", "\u5f15\u8d77\u722d\u5435", "3", "17.568518", "\uf967\u5c11", "\u4eba", "Ed", "Na", "\u672c\u570b\u8a9e", "2", "550.904793", "*\u88ab", "\u8a8d\u70ba", "PP", "VE", "\u5f85\u8003\u616e", "6", "246.823964", "\u666f\u6c23", "\u4f4e\u8ff7", "Na", "VH", "\u8996\uf98a\uf967\uf97c", "97", "79.8159904", "\u7d93\u6fdf", "\u666f\u6c23", "\u4f4e\u8ff7", "Na", "Na", "VH\u5b97\u6559\u4fe1\u4ef0\u81ea\u7531", "3", "47.2912274", "\u7d93\u6fdf", "\u666f\u6c23", "Na", "Na", "\u751f\u6d3b\u6d25\u8cbc", "429", "47.2912274", "\u516c\u5bb6", "\u98ef", "Nc", "Na", "\u5168\u570b\u5927\u9078", "63", "42.6614685", "*\uf967", "\u98fd", "Dc", "VH", "\u6beb\u7121\u56f0\u96e3", "24", "37.3489687", "LDOCE", "example", "Patter", "Count", "Min", "LLR", "C-collocation", "Candidate", "Pairs", "POS"], "regionBoundary": {"x2": 432.0, "y1": 546.0, "x1": 149.0, "y2": 700.0}, "caption": "Table 4. The result of Chinese collocation candidates which are picked out. (The ones which have no Min LLR are singleton phrases.)", "page": 7}, {"figType": "Table", "name": "3", "captionBoundary": {"x2": 473.0133056640625, "y1": 198.17681884765625, "x1": 107.63999938964844, "y2": 205.37969970703125},