{"raw_detected_boxes": [[], [{"x2": 735.0, "y1": 556.0, "x1": 430.0, "y2": 808.0}], [{"x2": 710.0, "y1": 756.0, "x1": 435.0, "y2": 933.0}], [{"x2": 382.0, "y1": 227.0, "x1": 107.0, "y2": 418.0}], []], "raw_pdffigures_output": {"regionless-captions": [], "figures": [{"figType": "Figure", "name": "1", "captionBoundary": {"x2": 519.8275756835938, "y1": 694.3485107421875, "x1": 306.1702880859375, "y2": 710.31640625}, "imageText": [], "regionBoundary": {"x2": 525.0, "y1": 539.8900146484375, "x1": 306.0, "y2": 689.8900146484375}, "caption": "Figure 1: Line accuracy using word tokenised and line based un-tokenised error correction methods", "page": 2}, {"figType": "Table", "name": "1", "captionBoundary": {"x2": 520.3876342773438, "y1": 589.313232421875, "x1": 306.1702880859375, "y2": 605.2811889648438}, "imageText": ["COTS2", "E1-3", "85.6", "75", "74", "COTS2", "Auto", "settings", "Arabic", "63", "11.7", "7.1", "COTS2", "Auto", "settings", "English", "1.5", "0.3", "0", "COTS2", "Auto", "zone", "A2", "33.5", "11.8", "2.4", "COTS2", "Autozone", "Autoset-", "tings", "30.1", "6.9", "1.7", "COTS1", "E1-1", "91.8", "81.9", "78.1", "COTS1-A4", "Autosettings", "74.4", "43.2", "32.9", "COTS1", "E1", "Autosettings", "90.7", "81.1", "77.5", "COTS1-Autozone", "A1", "57.5", "23.7", "19.2", "COTS", "Autozone", "E1", "75.4", "47", "41.9", "COTS1", "Autozone", "Autoset-", "tings", "45.6", "10.6", "1.7", "2", "COTS2", "A2-3", "70.5", "23.7", "12.3", "1", "COTS1-A4-1", "75.3", "43.8", "34.1", "Word", "Line", "acter", "COTS", "system", "Char-"], "regionBoundary": {"x2": 531.0, "y1": 400.8900146484375, "x1": 300.0, "y2": 584.8900146484375}, "caption": "Table 1: Recognition accuracy of Arabic and English script for increasing levels of automation", "page": 1}, {"figType": "Figure", "name": "2", "captionBoundary": {"x2": 283.56585693359375, "y1": 314.5995788574219, "x1": 70.91253662109375, "y2": 330.56744384765625}, "imageText": [], "regionBoundary": {"x2": 289.0, "y1": 158.8900146484375, "x1": 70.0, "y2": 309.8900146484375}, "caption": "Figure 2: Lines correct following un-tokenised user-interactive error correction", "page": 3}]}, "figures": [{"page_width": 0, "caption_boundary": {"x2": 722.7606031629774, "y1": 818.4906005859375, "x1": 425.23651123046875, "y2": 840.6683180067274}, "name": "1", "caption_text": "Table 1: Recognition accuracy of Arabic and English script for increasing levels of automation", "figure_type": "Table", "uri": null, "page_height": 0, "figure_boundary": {"x2": 737.0, "y1": 556.0, "x1": 417.0, "y2": 825.0}, "page": 1, "dpi": 0}, {"page_width": 0, "caption_boundary": {"x2": 721.9827440049913, "y1": 964.3729315863715, "x1": 425.23651123046875, "y2": 986.5505642361111}, "name": "1", "caption_text": "Figure 1: Line accuracy using word tokenised and line based un-tokenised error correction methods", "figure_type": "Figure", "uri": null, "page_height": 0, "figure_boundary": {"x2": 710.0, "y1": 750.0, "x1": 425.0, "y2": 950.0}, "page": 2, "dpi": 0}, {"page_width": 0, "caption_boundary": {"x2": 393.84146796332465, "y1": 436.943859524197, "x1": 98.48963419596353, "y2": 459.12144978841144}, "name": "2", "caption_text": "Figure 2: Lines correct following un-tokenised user-interactive error correction", "figure_type": "Figure", "uri": null, "page_height": 0, "figure_boundary": {"x2": 399.0, "y1": 221.0, "x1": 98.0, "y2": 435.0}, "page": 3, "dpi": 0}], "error": null, "pdf": "/work/host-output/a954aebf11d3a5d1a4734e34c4206e761d7840da/U14-1014.pdf", "dpi": 100}