{"raw_detected_boxes": [[], [], [{"x2": 396.0, "y1": 88.0, "x1": 99.0, "y2": 201.0}], [{"x2": 394.0, "y1": 91.0, "x1": 104.0, "y2": 479.0}], [{"x2": 375.0, "y1": 90.0, "x1": 133.0, "y2": 200.0}], [], [], []], "raw_pdffigures_output": {"regionless-captions": [], "figures": [{"figType": "Figure", "name": "1", "captionBoundary": {"x2": 290.2886047363281, "y1": 271.84771728515625, "x1": 71.98860168457031, "y2": 346.7632141113281}, "imageText": ["Target", "label", "sequence:", "1.", "t\u02b0", "i", "g", "o", "m", "i", "d\u0291", "o", "t\u02b0", "i", "\u0251", "\u0281", "o", "d\u0291", "o", "t", "s", "\u026f", "m", "v\u0329", "2.", "\u02e9\u02e5", "\u02e7", "\u02e7", "\u02e5", "\u02e9\u02e5", "\u02e9", "\u02e7", "\u02e9", "\u02e9", "\u02e9", "3.", "t\u02b0", "i", "\u02e9\u02e5", "g", "o", "\u02e7", "m", "i", "\u02e7", "d", "\u0291", "o", "\u02e5", "t\u02b0", "i", "\u02e9\u02e5", "\u0251", "\u02e9", "\u0281", "o", "\u02e7", "d\u0291", "o", "\u02e9", "t", "s", "\u026f", "\u02e9", "m", "v\u0329", "\u02e9", "/t\u02b0i\u02e9\u02e5", "|", "go\u02e7mi\u02e7-d\u0291o\u02e5", "|", "t\u02b0i\u02e9\u02e5,", "\u0251\u02e9\u0281o\u02e7", "d\u0291o\u02e9", "ts\u026f\u02e9", "|", "mv\u0329\u02e9.", "|/", "Quant", "\u00e0", "la", "s\u0153ur,", "elle", "demeurait", "\u00e0", "la", "maison,", "dit-on.", "As", "for", "the", "sister,", "she", "stayed", "at", "home.", "\u800c\u59b9\u59b9\u5462\uff0c\u7559\u5728\u5bb6\u91cc\u3002", "0", "sec", "2.7", "sec"], "regionBoundary": {"x2": 291.0, "y1": 63.8900146484375, "x1": 71.0, "y2": 263.8900146484375}, "caption": "Figure 1: A sentence from the Na corpus. Top to bottom: spectrogram with F0 in blue; waveform; phonemic transcription; English, French and Chinese translations; target label sequences: 1. phonemes only, 2. tones only, 3. phonemes and tones together.", "page": 2}, {"figType": "Figure", "name": "3", "captionBoundary": {"x2": 290.28857421875, "y1": 155.4619140625, "x1": 71.98860168457031, "y2": 189.725341796875}, "imageText": ["M", "L", "H", "LH", "MH", "M", "0", "69.8", "18.6", "7.4", "4.2", "L", "77", "0", "14.6", "6.1", "2.3", "H", "56.1", "27.3", "0", "10.6", "6.1", "LH", "38.6", "31.8", "25", "0", "4.5", "MH", "41.4", "22.4", "17.2", "19", "0"], "regionBoundary": {"x2": 274.0, "y1": 65.10741424560547, "x1": 94.86974334716797, "y2": 144.8900146484375}, "caption": "Figure 3: Confusion matrix showing the rates of substitution errors between tones (as a percentage, normalized per row).", "page": 4}, {"figType": "Figure", "name": "2", "captionBoundary": {"x2": 290.29949951171875, "y1": 353.341796875, "x1": 71.98860168457031, "y2": 414.70660400390625}, "imageText": ["\u21d2", "\u21d2", "\u21d2", "\u21d2", "\u21d2", "\u21d2", "\u21d2", "\u21d2", "Training", "minutes", "1", "0.8", "0.6", "0.4", "12.3", "24.6", "49.2", "0.2", "TE", "R", "Training", "minutes", "1", "0.8", "0.6", "0.4", "10", "100", "0.2", "Chatino", "0.6", "0.5", "0.4", "0.3", "0.2", "12.3", "24.6", "49.2", "0.1", "Na", "0.5", "0.6", "PE", "R", "0.4", "0.3", "0.2", "10", "100", "0.1"], "regionBoundary": {"x2": 284.0, "y1": 66.83745574951172, "x1": 77.0, "y2": 345.8900146484375}, "caption": "Figure 2: Phoneme error rate (PER) and tone error rate (TER) on test sets as training data is scaled for Na (left) and Chatino (right). The legend entries are formatted as \u27e8 \u27e9 \u21d2 \u27e8 \u27e9 to indicate input features to themodel and output target labels.", "page": 3}]}, "figures": [{"page_width": 0, "caption_boundary": {"x2": 403.1786176893446, "y1": 377.56627400716144, "x1": 99.98416900634766, "y2": 481.6155751546224}, "name": "1", "caption_text": "Figure 1: A sentence from the Na corpus. Top to bottom: spectrogram with F0 in blue; waveform; phonemic transcription; English, French and Chinese translations; target label sequences: 1. phonemes only, 2. tones only, 3. phonemes and tones together.", "figure_type": "Figure", "uri": null, "page_height": 0, "figure_boundary": {"x2": 404.0, "y1": 88.0, "x1": 99.0, "y2": 218.0}, "page": 2, "dpi": 0}, {"page_width": 0, "caption_boundary": {"x2": 403.1937493218316, "y1": 490.75249565972223, "x1": 99.98416900634766, "y2": 575.9813944498698}, "name": "2", "caption_text": "Figure 2: Phoneme error rate (PER) and tone error rate (TER) on test sets as training data is scaled for Na (left) and Chatino (right). The legend entries are formatted as \u27e8 \u27e9 \u21d2 \u27e8 \u27e9 to indicate input features to themodel and output target labels.", "figure_type": "Figure", "uri": null, "page_height": 0, "figure_boundary": {"x2": 403.0, "y1": 91.0, "x1": 101.0, "y2": 496.0}, "page": 3, "dpi": 0}, {"page_width": 0, "caption_boundary": {"x2": 403.17857530381946, "y1": 215.91932508680554, "x1": 99.98416900634766, "y2": 263.50741916232636}, "name": "3", "caption_text": "Figure 3: Confusion matrix showing the rates of substitution errors between tones (as a percentage, normalized per row).", "figure_type": "Figure", "uri": null, "page_height": 0, "figure_boundary": {"x2": 380.0, "y1": 90.0, "x1": 133.0, "y2": 217.0}, "page": 4, "dpi": 0}], "error": null, "pdf": "/work/host-output/473a08cffa0f0bb191b56b1c188e2dd36b39e57b/U17-1006.pdf", "dpi": 100}