{"raw_detected_boxes": [[], [], [], [], [{"x2": 493.0, "y1": 98.0, "x1": 107.0, "y2": 396.0}], [], [], [{"x2": 473.0, "y1": 101.0, "x1": 90.0, "y2": 331.0}], [], [{"x2": 439.0, "y1": 110.0, "x1": 124.0, "y2": 345.0}], [{"x2": 510.0, "y1": 98.0, "x1": 88.0, "y2": 241.0}], [], [{"x2": 512.0, "y1": 98.0, "x1": 86.0, "y2": 173.0}, {"x2": 508.0, "y1": 212.0, "x1": 90.0, "y2": 314.0}], [], [], []], "raw_pdffigures_output": {"regionless-captions": [], "figures": [{"figType": "Table", "name": "4", "captionBoundary": {"x2": 324.76556396484375, "y1": 181.52154541015625, "x1": 108.86920166015625, "y2": 185.14300537109375}, "imageText": ["Baseline", "0.112", "0.946", "0.197", "0.144", "0.855", "0.241", "Identity", "0.983", "1.000", "0.991", "0.855", "1.000", "0.921", "Subsumption", "0.688", "0.985", "0.804", "0.685", "0.900", "0.773", "Elaboration", "0.650", "0.952", "0.768", "0.644", "0.902", "0.737", "Overlap", "0.776", "0.652", "0.703", "0.740", "0.694", "0.715", "Change", "of", "Topics", "0.553", "0.701", "0.614", "0.611", "0.593", "0.597", "Description", "0.797", "0.947", "0.853", "0.818", "0.856", "0.828", "No", "Relations", "0.969", "0.556", "0.697", "0.985", "0.652", "0.782", "Precision", "Recall", "F-measure", "Precision", "Recall", "F-measure", "Relations", "DUC\u20192001", "DUC\u20192002"], "regionBoundary": {"x2": 372.0, "y1": 70.2760009765625, "x1": 62.0, "y2": 173.2760009765625}, "caption": "TABLE 4 \u2013 Evaluation result for classification of discourse relations", "page": 10}, {"figType": "Figure", "name": "1", "captionBoundary": {"x2": 301.708984375, "y1": 262.185546875, "x1": 103.62419128417969, "y2": 265.8070068359375}, "imageText": ["(d)", "SUB", "OVE", "S4", "\u2026", "\u2026", "\u2026", "\u2026", "GROUP", "A_B", "ELA", "S7", "ID", "S6", "ELA", "S5", "S1S3", "(c)", "\u2026", "\u2026", "\u2026", "\u2026", "\u2026", "GROUP", "A", "GROUP", "B", "ELA", "S7", "ID", "S6", "OVE", "DES", "ELA", "SUB", "S5", "S1S3", "S4", "S2", "\u2026", "(b)", "\u2026", "\u2026", "\u2026", "\u2026", "OVE", "DES", "ELA", "SUB", "S5", "S1S3", "S4", "S2", "\u2026", "(a)", "\u2026", "\u2026", "\u2026", "\u2026", "OVE", "DES", "ELA", "SUB", "S5", "S1S3", "S4", "S2"], "regionBoundary": {"x2": 317.1692199707031, "y1": 76.2760009765625, "x1": 87.44142150878906, "y2": 249.2760009765625}, "caption": "FIGURE 1 \u2013 Clustering algorithm based on discourse relations.", "page": 9}, {"figType": "Table", "name": "6", "captionBoundary": {"x2": 283.2562561035156, "y1": 234.53753662109375, "x1": 150.2659912109375, "y2": 238.15899658203125}, "imageText": ["K-Means", "0.577", "0.898", "0.702", "0.603", "0.885", "0.716", "Method1", "(ID,", "SUB,", "ELA)", "0.805", "0.590", "0.678", "0.750", "0.533", "0.623", "Method2", "(ID,", "SUB,", "ELA,OVE)", "0.783", "0.758", "0.770", "0.779", "0.752", "0.766", "measure", "F-", "measure", "Precision", "Recall", "Precision", "Recall", "F-", "DUC\u20192001", "DUC\u20192002", "Clustering", "Method"], "regionBoundary": {"x2": 372.0, "y1": 152.2760009765625, "x1": 62.0, "y2": 226.2760009765625}, "caption": "TABLE 6 \u2013 Evaluation result for pair-wise", "page": 12}, {"figType": "Table", "name": "5", "captionBoundary": {"x2": 329.1336669921875, "y1": 133.04150390625, "x1": 104.26119995117188, "y2": 136.6629638671875}, "imageText": ["K-Means", "7.271", "209.111", "0.512", "6.991", "154.511", "0.510", "Method1", "(ID,", "SUB,", "ELA)", "4.181", "308.153", "0.628", "3.624", "214.762", "0.639", "Method2", "(ID,", "SUB,", "ELA,OVE)", "4.599", "397.237", "0.652", "3.927", "257.118", "0.636", "SC", "Average", "BSS", "Average", "SSE", "Average", "SC", "Average", "SSB", "Average", "SSE", "Clustering", "Method", "Average", "DUC\u20192001", "DUC\u20192002"], "regionBoundary": {"x2": 372.0, "y1": 70.2760009765625, "x1": 62.0, "y2": 124.2760009765625}, "caption": "TABLE 5 \u2013Evaluation result for cohesion and separation of the clusters", "page": 12}, {"figType": "Table", "name": "3", "captionBoundary": {"x2": 278.94866943359375, "y1": 246.24951171875, "x1": 126.27699279785156, "y2": 249.8709716796875}, "imageText": ["PERCENT", "-", "-", "MONEY", "1", "Money", "(e.g.", "money,", "cash,", "funds)", "Natural", "features", "(e.g.", "spring,", "fall)", "DATE", "2", "Calenderic_unit", "(e.g.", "winter,", "spring,", "summer)", "Location", "_in", "_time", "(e.g.", "time)", "TIME", "2", "Calenderic_unit", "(e.g.", "morning,", "evening,", "noon,", "eve)", "Relational_natural_features", "(e.g.", "lake,", "mountain)", "LOCATION", "12", "Locale", "(e.g.", "earth,", "region,", "site,", "gzone,", "place)", "Organization", "(e.g.", "governent", ",", "agency,", "comittee)", "ORGANIZATION", "9", "Bussiness", "(e.g.", "company,", "corporation,", "firm)", "People_by_vocation", "(e.g.", "police_officer,", "journalist)", "PERSON", "9", "People", "(e.g.", "person,", "lady,", "boy,", "man,", "woman)", "Frames", "Frame", "Examples", "No.", "FrameNet", "NER", "Class"], "regionBoundary": {"x2": 342.0, "y1": 70.2760009765625, "x1": 63.0, "y2": 238.2760009765625}, "caption": "TABLE 3 \u2013 Information adopted from FrameNet", "page": 7}, {"figType": "Table", "name": "1", "captionBoundary": {"x2": 282.7824401855469, "y1": 177.77752685546875, "x1": 150.64999389648438, "y2": 181.39898681640625}, "imageText": ["-", "No", "Relations", "Identity,", "Paraphrase,", "Modality,", "Attribution", "Identity", "Subsumption,", "Indirect", "Speech,", "Citation", "Subsumption", "Elaboration,", "Follow-up", "Elaboration", "Overlap,", "Fulfillment", "Overlap", "Change", "of", "Perspective,", "Contradiction,", "Reader", "Profile", "Change", "of", "Topics", "Description,", "Historical", "Background,", "Description", "Translation,", "Summary", "-", "Relations", "by", "CST", "Relations", "by", "System"], "regionBoundary": {"x2": 341.0, "y1": 70.2760009765625, "x1": 92.0, "y2": 169.2760009765625}, "caption": "TABLE 1 \u2013 Combination of CST relations", "page": 4}, {"figType": "Table", "name": "2", "captionBoundary": {"x2": 289.7463073730469, "y1": 293.76953125, "x1": 143.83399963378906, "y2": 297.3909912109375}, "imageText": ["No", "Relations", "No", "relation", "exits", "between", "S1", "and", "S2.", "mentioned", "in", "S2.", "Elaboration", "S1", "elaborates", "or", "provide", "more", "information", "given", "generally", "in", "S2.", "Overlap", "S1", "and", "S2", "provides", "partial", "overlapping", "information", "Change", "of", "Topics", "S1", "and", "S2", "provide", "different", "facts", "about", "the", "same", "entity.", "Description", "S1", "gives", "historical", "or", "present", "description", "about", "any", "entity", "information", "not", "in", "S2", "Identity", "S1", "and", "S2", "contain", "the", "same", "information", "Subsumption", "S1", "contains", "all", "information", "in", "S2,", "plus", "other", "additional", "Relations", "Definition"], "regionBoundary": {"x2": 359.0, "y1": 187.2760009765625, "x1": 75.0, "y2": 285.2760009765625}, "caption": "TABLE 2 \u2013 Redefinition of discourse relations", "page": 4}]}, "figures": [{"page_width": 0, "caption_boundary": {"x2": 392.7533891465929, "y1": 246.91323174370658, "x1": 209.23610263400607, "y2": 251.94303724500867}, "name": "1", "caption_text": "TABLE 1 \u2013 Combination of CST relations", "figure_type": "Table", "uri": null, "page_height": 0, "figure_boundary": {"x2": 499.0, "y1": 98.0, "x1": 104.0, "y2": 408.0}, "page": 4, "dpi": 0}, {"page_width": 0, "caption_boundary": {"x2": 387.42870754665796, "y1": 342.0132107204861, "x1": 175.38471221923828, "y2": 347.0430162217882}, "name": "3", "caption_text": "TABLE 3 \u2013 Information adopted from FrameNet", "figure_type": "Table", "uri": null, "page_height": 0, "figure_boundary": {"x2": 475.0, "y1": 98.0, "x1": 88.0, "y2": 343.0}, "page": 7, "dpi": 0}, {"page_width": 0, "caption_boundary": {"x2": 419.04025607638886, "y1": 364.14659288194446, "x1": 143.922487894694, "y2": 369.1763983832465}, "name": "1", "caption_text": "FIGURE 1 \u2013 Clustering algorithm based on discourse relations.",