{"raw_detected_boxes": [[], [], [{"x2": 357.0, "y1": 46.0, "x1": 171.0, "y2": 168.0}], [], [], [{"x2": 703.0, "y1": 73.0, "x1": 468.0, "y2": 244.0}], [{"x2": 423.0, "y1": 62.0, "x1": 115.0, "y2": 271.0}, {"x2": 417.0, "y1": 350.0, "x1": 115.0, "y2": 557.0}], []], "raw_pdffigures_output": {"regionless-captions": [{"figType": "Figure", "boundary": {"x2": 282.3115234375, "y1": 133.0319061279297, "x1": 105.46097564697266, "y2": 138.591064453125}, "text": "Figure 1: Graphical representation of a PFA.", "name": "1", "page": 2}], "figures": [{"figType": "Figure", "name": "2", "captionBoundary": {"x2": 548.5624389648438, "y1": 186.67185974121094, "x1": 321.7010192871094, "y2": 204.23101806640625}, "imageText": ["0.0", "0.0", "0.0", "0.0", "0.0", ">", "0.0"], "regionBoundary": {"x2": 515.0, "y1": 43.0, "x1": 335.0, "y2": 186.67185974121094}, "caption": "Figure 2: The topology of an automaton with 3 levels and multiplicity 2", "page": 5}, {"figType": "Figure", "name": "4", "captionBoundary": {"x2": 270.16217041015625, "y1": 426.5518493652344, "x1": 115.4209976196289, "y2": 432.1109924316406}, "imageText": ["Most", "probable", "path", "Consensus", "string", "vs.", "most", "probable", "path", "discrepancy", "Consensus", "string", "probability", "ro", "r", "e", "er", "at", "iv", "R", "el", "1e-08", "1e-07", "1e-06", "1e-05", "1e-04", "1e-03", "1e-02", "1e-01", "1e+00", "100", "%", "80", "%", "60", "%", "40", "%", "20", "%", "0", "%"], "regionBoundary": {"x2": 310.4934387207031, "y1": 247.00927734375, "x1": 85.72129821777344, "y2": 399.69598388671875}, "caption": "Figure 4: Most probable path accuracy", "page": 6}, {"figType": "Figure", "name": "3", "captionBoundary": {"x2": 307.525146484375, "y1": 217.8718719482422, "x1": 80.5009994506836, "y2": 223.4310302734375}, "imageText": ["automata", "2/popt", "1/p2opt", "Checking", "priority", "queue", "bound", "1", "popt", "ns", "rt", "io", "in", "se", "1e+00", "1e+01", "1e+02", "1e+03", "1e+04", "1e+05", "1e+06", "1e+07", "1e+08", "1e+16", "1e+14", "1e+12", "1e+10", "1e+08", "1e+06", "1e+04", "1e+02", "1e+00"], "regionBoundary": {"x2": 310.4934387207031, "y1": 37.51318359375, "x1": 85.72129821777344, "y2": 193.31988525390625}, "caption": "Figure 3: Number of insertions made in the priority queue", "page": 6}]}, "figures": [{"page_width": 0, "caption_boundary": {"x2": 392.09933810763886, "y1": 184.76653628879123, "x1": 146.473577287462, "y2": 192.48758951822916}, "name": "1", "caption_text": "Figure 1: Graphical representation of a PFA.", "figure_type": "Figure", "uri": null, "page_height": 0, "figure_boundary": {"x2": 374.0, "y1": 35.0, "x1": 155.0, "y2": 185.0}, "page": 2, "dpi": 0}, {"page_width": 0, "caption_boundary": {"x2": 761.8922763400608, "y1": 259.26647186279297, "x1": 446.8069712320963, "y2": 283.6541917588976}, "name": "2", "caption_text": "Figure 2: The topology of an automaton with 3 levels and multiplicity 2", "figure_type": "Figure", "uri": null, "page_height": 0, "figure_boundary": {"x2": 720.0, "y1": 73.0, "x1": 451.0, "y2": 261.0}, "page": 5, "dpi": 0}, {"page_width": 0, "caption_boundary": {"x2": 427.11825900607636, "y1": 302.59982215033637, "x1": 111.80694368150499, "y2": 310.3208753797743}, "name": "3", "caption_text": "Figure 3: Number of insertions made in the priority queue", "figure_type": "Figure", "uri": null, "page_height": 0, "figure_boundary": {"x2": 431.0, "y1": 51.0, "x1": 115.0, "y2": 271.0}, "page": 6, "dpi": 0}, {"page_width": 0, "caption_boundary": {"x2": 375.2252366807726, "y1": 592.4331241183811, "x1": 160.30694113837347, "y2": 600.1541561550564}, "name": "4", "caption_text": "Figure 4: Most probable path accuracy", "figure_type": "Figure", "uri": null, "page_height": 0, "figure_boundary": {"x2": 431.0, "y1": 342.0, "x1": 115.0, "y2": 557.0}, "page": 6, "dpi": 0}], "error": null, "pdf": "/work/host-output/e33e4f77442d0819e843e33211b3770d38d8e4e0/W13-1801.pdf", "dpi": 100}