{"raw_detected_boxes": [[], [], [], [{"x2": 709.0, "y1": 198.0, "x1": 448.0, "y2": 489.0}], [{"x2": 718.0, "y1": 98.0, "x1": 445.0, "y2": 314.0}], [], [{"x2": 391.0, "y1": 97.0, "x1": 118.0, "y2": 314.0}], [{"x2": 373.0, "y1": 86.0, "x1": 128.0, "y2": 475.0}], [{"x2": 736.0, "y1": 88.0, "x1": 105.0, "y2": 435.0}], [{"x2": 707.0, "y1": 103.0, "x1": 121.0, "y2": 310.0}], [], []], "raw_pdffigures_output": {"regionless-captions": [], "figures": [{"figType": "Figure", "name": "2", "captionBoundary": {"x2": 290.2702941894531, "y1": 250.3343048095703, "x1": 72.0009994506836, "y2": 270.4560546875}, "imageText": ["TGT", "PE", "labelled", "as", "PE", "TGT", "PE", "labelled", "as", "RT", "R", "H", "TE", "Sentences", "1", "0.9", "0.8", "0.7", "0.6", "0.5", "0.4", "0.3", "0.2", "0.1", "0", "200", "400", "600", "800", "1000", "1200", "1400", "1600", "1800", "2000", "0"], "regionBoundary": {"x2": 288.0, "y1": 69.8900146484375, "x1": 87.54928588867188, "y2": 226.392578125}, "caption": "Figure 2: TGT-PE classification in post-editings and rewritings.", "page": 6}, {"figType": "Figure", "name": "4", "captionBoundary": {"x2": 525.5443115234375, "y1": 250.97230529785156, "x1": 303.3059997558594, "y2": 257.5450439453125}, "imageText": ["R", "R", "FD", "d", "FP", "gh", "te", "W", "ei", "Training", "Set", "Size", "0.52", "0.47", "0.42", "0.37", "0.32", "0", "0.1", "0.2", "0.3", "0.4", "0.5", "0.6", "0.7", "0.8", "0.9", "1"], "regionBoundary": {"x2": 509.0, "y1": 74.42210388183594, "x1": 319.6609802246094, "y2": 224.2330322265625}, "caption": "Figure 4: Learning curve for WMT-13 HTER 0.75.", "page": 9}, {"figType": "Figure", "name": "3", "captionBoundary": {"x2": 294.2392883300781, "y1": 250.97230529785156, "x1": 72.0009994506836, "y2": 257.5450439453125}, "imageText": ["R", "R", "FD", "d", "FP", "gh", "te", "W", "ei", "Training", "Set", "Size", "0.5", "0.48", "0.46", "0.44", "0.42", "0.4", "0.38", "0", "0.2", "0.4", "0.6", "0.8", "1", "0.36"], "regionBoundary": {"x2": 278.0, "y1": 80.07225036621094, "x1": 88.35597229003906, "y2": 224.90338134765625}, "caption": "Figure 3: Learning curve for WMT-13 HTER 0.60.", "page": 9}, {"figType": "Table", "name": "2", "captionBoundary": {"x2": 290.2702331542969, "y1": 362.7143249511719, "x1": 72.0009994506836, "y2": 409.93408203125}, "imageText": ["5", "594", "206", "6", "659", "141", "7", "698", "102", "8", "727", "73", "4.16\u2217", "517", "283", "4.50", "554", "246", "WMT-13", "Task", "1.3", "PET", "Positive", "Negative", "4", "499", "301", "WMT-13", "Task", "1.3", "HTER", "Positive", "Negative", "0.45", "582", "218", "0.5", "622", "178", "0.55", "695", "105", "0.6", "724", "76", "0.65", "748", "52", "0.70", "763", "37", "0.75", "773", "27", "0.45", "289", "133", "0.5", "319", "103", "0.55", "352", "70", "0.6", "371", "51", "0.65", "386", "36", "0.70", "398", "24", "0.75", "406", "16", "Test", "instances", "WMT-12", "HTER", "Positive", "Negative"], "regionBoundary": {"x2": 270.0, "y1": 62.8900146484375, "x1": 92.0, "y2": 345.8900146484375}, "caption": "Table 2: Number of positive and negative instances for each partition of the WMT-12 test set and WMT-13 training set. \u201c*\u201d: Average PET computed on all the instances in the WMT-13 dataset.", "page": 7}, {"figType": "Table", "name": "1", "captionBoundary": {"x2": 525.546142578125, "y1": 371.9253234863281, "x1": 307.2770080566406, "y2": 392.04705810546875}, "imageText": ["Human", "scores", "(HS)", "Positive", "Negative", "1-X-X", "1,736", "96", "2-2-2", "1,719", "113", "2-2-X", "1,612", "220", "2-3-3", "1,457", "375", "3-3-3", "1,360", "472", "HTER", "scores", "(HTER)", "Positive", "Negative", "0.75", "1,798", "34", "0.7", "1,786", "46", "0.65", "1,756", "76", "0.6", "1,708", "124", "0.55", "1,653", "179", "0.5", "1,531", "301", "0.45", "1,420", "412", "2", "1,719", "113", "2.5", "1,475", "357", "3", "1,194", "638", "Training", "instances", "Average", "effort", "scores", "(AES)", "Positive", "Negative"], "regionBoundary": {"x2": 510.0, "y1": 142.8900146484375, "x1": 323.0, "y2": 355.8900146484375}, "caption": "Table 1: Number of positive/negative instances for each partition of the WMT-12 training set.", "page": 3}, {"figType": "Table", "name": "3", "captionBoundary": {"x2": 525.547607421875, "y1": 327.9132995605469, "x1": 72.00198364257812, "y2": 361.58502197265625}, "imageText": ["PE", "T", "4", "0.37", "0.3", "0.31", "0.3", "0.3", "0.3", "0.4", "4.16", "0.37", "0.3", "0.31", "0.3", "0.3", "0.3", "0.4", "4.5", "0.37", "0.3", "0.31", "0.3", "0.3", "0.3", "0.4", "5", "0.38", "0.31", "0.31", "0.3", "0.3", "0.31", "0.41", "6", "0.41", "0.31", "0.31", "0.3", "0.3", "0.31", "0.43", "7", "0.42", "0.31", "0.31", "0.3", "0.3", "0.31", "0.44", "8", "0.4", "0.31", "0.31", "0.3", "0.3", "0.31", "0.43", "T-", "13", ":W", "M", "Te", "st", "0.5", "0.34", "0.31", "0.31", "0.3", "0.3", "0.31", "0.42", "0.55", "0.35", "0.31", "0.31", "0.3", "0.3", "0.31", "0.48", "0.6", "0.35", "0.31", "0.31", "0.3", "0.3", "0.31", "0.51", "0.65", "0.36", "0.3", "0.3", "0.3", "0.3", "0.3", "0.54", "0.7", "0.39", "0.3", "0.3", "0.3", "0.3", "0.3", "0.56", "0.75", "0.38", "0.3", "0.3", "0.3", "0.3", "0.3", "0.59", "E", "R", "0.45", "0.33", "0.31", "0.31", "0.3", "0.3", "0.31", "0.4", "H", "T", "T-", "13", ":W", "M", "Te", "st", "0.5", "0.35", "0.3", "0.3", "0.3", "0.3", "0.3", "0.44", "0.55", "0.37", "0.3", "0.3", "0.3", "0.3", "0.3", "0.48", "0.6", "0.37", "0.3", "0.3", "0.3", "0.3", "0.3", "0.49", "0.65", "0.35", "0.3", "0.3", "0.3", "0.3", "0.3", "0.47", "0.7", "0.35", "0.3", "0.3", "0.3", "0.3", "0.3", "0.45", "0.75", "0.33", "0.3", "0.3", "0.3", "0.3", "0.3", "0.49", "E", "R", "0.45", "0.35", "0.3", "0.3", "0.3", "0.3", "0.3", "0.41", "H", "T", "T-", "12", ":W", "M", "Te", "st", "AES", "HS", "HS", "HS", "HTER", "HTER", "Weighted", "Training:", "WMT-12", "Separations", "Accuracy", "3", "2-2-X", "2-3-3", "3-3-3", "0.5", "0.6", "AA", "PE", "T", "4", "0.61", "0.68", "0.68", "0.69", "0.69", "0.68", "0.58", "4.16", "0.61", "0.67", "0.67", "0.67", "0.67", "0.67", "0.56", "4.5", "0.58", "0.65", "0.64", "0.65", "0.65", "0.65", "0.54", "5", "0.55", "0.63", "0.62", "0.63", "0.63", "0.62", "0.51", "6", "0.49", "0.58", "0.58", "0.58", "0.58", "0.58", "0.45", "7", "0.45", "0.55", "0.55", "0.56", "0.56", "0.55", "0.43", "8", "0.45", "0.54", "0.54", "0.54", "0.54", "0.54", "0.41", "T-", "13", ":W", "M", "Te", "st", "0.5", "0.57", "0.6", "0.6", "0.61", "0.61", "0.6", "0.5", "0.55", "0.51", "0.56", "0.56", "0.57", "0.57", "0.56", "0.41", "0.6", "0.49", "0.54", "0.54", "0.55", "0.55", "0.54", "0.37", "0.65", "0.47", "0.53", "0.53", "0.53", "0.53", "0.53", "0.33", "0.7", "0.44", "0.52", "0.52", "0.52", "0.52", "0.52", "0.29", "0.75", "0.44", "0.52", "0.52", "0.52", "0.52", "0.52", "0.28", "E", "R", "0.45", "0.59", "0.63", "0.63", "0.64", "0.64", "0.63", "0.54", "H", "T", "T-", "13", ":W", "M", "Te", "st", "Weighted", "Training:", "WMT-12", "Separations", "FPR-FDR", "3", "2-2-X", "2-3-3", "3-3-3", "0.5", "0.6", "AA", "AES", "HS", "HS", "HS", "HTER", "HTER", "Te", "st", ":W", "M", "T-", "12", "H", "T", "E", "R", "0.45", "0.61", "0.66", "0.66", "0.66", "0.66", "0.66", "0.55", "0.5", "0.57", "0.62", "0.62", "0.62", "0.62", "0.62", "0.49", "0.55", "0.52", "0.58", "0.58", "0.58", "0.58", "0.58", "0.42", "0.6", "0.5", "0.56", "0.56", "0.56", "0.56", "0.56", "0.4", "0.65", "0.5", "0.54", "0.54", "0.54", "0.54", "0.54", "0.39", "0.7", "0.49", "0.53", "0.53", "0.53", "0.53", "0.53", "0.39", "0.75", "0.49", "0.52", "0.52", "0.52", "0.52", "0.52", "0.35"], "regionBoundary": {"x2": 531.0, "y1": 62.8900146484375, "x1": 74.0, "y2": 315.8900146484375}, "caption": "Table 3: Weighted FPR-FDR (left table) and weighted Accuracy (right table) obtained by the binary QE classifiers trained on different separations of the WMT-12 training set. Several arbitrary partitions of the WMT-12 Test set and WMT-13 Training set are considered.", "page": 8}, {"figType": "Figure", "name": "1", "captionBoundary": {"x2": 525.546142578125, "y1": 250.3343048095703,