{"raw_detected_boxes": [[], [], [], [{"x2": 390.0, "y1": 96.0, "x1": 102.0, "y2": 521.0}], [{"x2": 730.0, "y1": 352.0, "x1": 429.0, "y2": 542.0}], [{"x2": 402.0, "y1": 509.0, "x1": 101.0, "y2": 654.0}], []], "raw_pdffigures_output": {"regionless-captions": [], "figures": [{"figType": "Figure", "name": "3", "captionBoundary": {"x2": 290.3117370605469, "y1": 493.4255065917969, "x1": 72.07610321044922, "y2": 514.12841796875}, "imageText": [], "regionBoundary": {"x2": 291.0, "y1": 365.88970947265625, "x1": 72.0, "y2": 472.88970947265625}, "caption": "Figure 3: The Supply Request Map of #99japan.", "page": 5}, {"figType": "Figure", "name": "2", "captionBoundary": {"x2": 525.5397338867188, "y1": 411.7882995605469, "x1": 307.3171081542969, "y2": 432.50213623046875}, "imageText": [], "regionBoundary": {"x2": 526.0, "y1": 252.88970947265625, "x1": 307.0, "y2": 390.88970947265625}, "caption": "Figure 2: Changes in the Number of Accesses Our Site Extracting Rescue Requests.", "page": 4}, {"figType": "Figure", "name": "1", "captionBoundary": {"x2": 290.3128967285156, "y1": 401.88031005859375, "x1": 72.07610321044922, "y2": 422.5941467285156}, "imageText": ["+", "+", "+", "+", "#j", "j", "helpme", "#j", "i", "helpme", "#hinan", "#jishin", "#jisin", "#tunami", "#311sppt", "#311care", "#311sien", "#itaisousaku", "99japan", "#anpi", "#aitai", "#Funbaro", "#hope4japan", "#prayforjapan", "#ganbappe", "#save", "busshi", "#save", "volunteer", "#save", "gienkin", "#save", "kids", "#saigai", "#shinsai", "#tasukeai", "#fukkou", "#fukko", "#save", "miyagi", "#save", "fukushima", "#save", "iwate", "#save", "aomori", "#save", "ibaraki", "#save", "chiba", "#save", "nagano", "#save", "sendai", "#save", "ishinomaki", "#save", "iwaki", "#ishinomaki", "#shiogama", "#rikuzentakata"], "regionBoundary": {"x2": 291.0, "y1": 65.88970947265625, "x1": 72.0, "y2": 380.88970947265625}, "caption": "Figure 1: Search Words to Extract Rescue Requests", "page": 3}]}, "figures": [{"page_width": 0, "caption_boundary": {"x2": 403.2123565673828, "y1": 558.1670973036024, "x1": 100.10569890340169, "y2": 586.9363149007161}, "name": "1", "caption_text": "Figure 1: Search Words to Extract Rescue Requests", "figure_type": "Figure", "uri": null, "page_height": 0, "figure_boundary": {"x2": 404.0, "y1": 92.0, "x1": 100.0, "y2": 529.0}, "page": 3, "dpi": 0}, {"page_width": 0, "caption_boundary": {"x2": 729.9162970648871, "y1": 571.9281938340929, "x1": 426.8293168809679, "y2": 600.6974114312065}, "name": "2", "caption_text": "Figure 2: Changes in the Number of Accesses Our Site Extracting Rescue Requests.", "figure_type": "Figure", "uri": null, "page_height": 0, "figure_boundary": {"x2": 730.0, "y1": 335.0, "x1": 427.0, "y2": 542.0}, "page": 4, "dpi": 0}, {"page_width": 0, "caption_boundary": {"x2": 403.2107459174262, "y1": 685.3132035997179, "x1": 100.10569890340169, "y2": 714.0672471788195}, "name": "3", "caption_text": "Figure 3: The Supply Request Map of #99japan.", "figure_type": "Figure", "uri": null, "page_height": 0, "figure_boundary": {"x2": 403.0, "y1": 509.0, "x1": 100.0, "y2": 655.0}, "page": 5, "dpi": 0}], "error": null, "pdf": "/work/host-output/3e5007cec66526ab2bd94f7d7e1d26d9807795de/W13-4503.pdf", "dpi": 100}