{"raw_detected_boxes": [[], [{"x2": 403.0, "y1": 869.0, "x1": 100.0, "y2": 1031.0}], [{"x2": 400.0, "y1": 372.0, "x1": 100.0, "y2": 542.0}, {"x2": 726.0, "y1": 784.0, "x1": 428.0, "y2": 926.0}], [], []], "raw_pdffigures_output": {"regionless-captions": [], "figures": [{"figType": "Figure", "name": "2", "captionBoundary": {"x2": 249.1810302734375, "y1": 401.8832702636719, "x1": 113.08999633789062, "y2": 408.45599365234375}, "imageText": [], "regionBoundary": {"x2": 291.0, "y1": 267.8900146484375, "x1": 72.0, "y2": 390.8900146484375}, "caption": "Figure 2: The 9 selected tasks .", "page": 2}, {"figType": "Figure", "name": "1", "captionBoundary": {"x2": 282.2961120605469, "y1": 754.0302734375, "x1": 79.97599792480469, "y2": 760.60302734375}, "imageText": [], "regionBoundary": {"x2": 291.0, "y1": 621.8900146484375, "x1": 72.0, "y2": 742.8900146484375}, "caption": "Figure 1: Snapshot of the GRUVE web-client.", "page": 1}]}, "figures": [{"page_width": 0, "caption_boundary": {"x2": 392.0779334174262, "y1": 1047.2642686631943, "x1": 111.07777489556206, "y2": 1056.393093532986}, "name": "1", "caption_text": "Figure 1: Snapshot of the GRUVE web-client.", "figure_type": "Figure", "uri": null, "page_height": 0, "figure_boundary": {"x2": 403.0, "y1": 864.0, "x1": 100.0, "y2": 1048.0}, "page": 1, "dpi": 0}, {"page_width": 0, "caption_boundary": {"x2": 346.0847642686632, "y1": 558.1712086995442, "x1": 157.06943935818143, "y2": 567.2999911838108}, "name": "2", "caption_text": "Figure 2: The 9 selected tasks .", "figure_type": "Figure", "uri": null, "page_height": 0, "figure_boundary": {"x2": 403.0, "y1": 372.0, "x1": 100.0, "y2": 559.0}, "page": 2, "dpi": 0}], "error": null, "pdf": "/work/host-output/0702b7ff478823263eed55bf11a327d2e307c10d/W14-0205.pdf", "dpi": 100}