{"raw_detected_boxes": [[], [], [{"x2": 728.0, "y1": 88.0, "x1": 100.0, "y2": 292.0}], [], [{"x2": 391.0, "y1": 311.0, "x1": 109.0, "y2": 529.0}], [{"x2": 617.0, "y1": 107.0, "x1": 208.0, "y2": 504.0}], [{"x2": 618.0, "y1": 105.0, "x1": 208.0, "y2": 504.0}, {"x2": 374.0, "y1": 669.0, "x1": 107.0, "y2": 931.0}], [{"x2": 724.0, "y1": 224.0, "x1": 100.0, "y2": 711.0}], [], []], "raw_pdffigures_output": {"regionless-captions": [], "figures": [{"figType": "Figure", "name": "2", "captionBoundary": {"x2": 525.5467529296875, "y1": 388.15228271484375, "x1": 72.00100708007812, "y2": 408.2749938964844}, "imageText": ["0.8", "0.8", "1", "1", "0.9", "0.9", "0.9", "0.6", "1", "0.7", "0.8", "0.9", "0.9", "0.9", "0.9", "0.9", "1", "0.8", "0.9", "0.9", "1", "0.9", "0.9", "0.9", "0.9", "0.9", "1", "1", "0.8", "1", "1", "1", "1", "1", "0.7", "1", "0.9", "0.6", "1", "0.8", "0.7", "0.9", "1", "0.9", "0.9", "1", "0.9", "1", "0.9", "1", "1", "1", "1", "1", "1", "0.8", "0.6", "0.9", "0.7", "0.8", "0.9", "0.9", "0.8", "0.8", "0.8", "1", "0.8", "1", "1", "0.7", "0.9", "0.7", "1", "0.9", "1", "0.7", "1", "0.7", "1", "0.9", "0.9", "0.9", "0.9", "0.9", "1", "1", "1", "0.9", "1", "0.8", "0.8", "1", "0.8", "0.9", "0.8", "1", "1", "0.9", "1", "1", "1", "1", "1", "1", "1", "0.9", "0.8", "1", "0.8", "0.9", "1", "0.9", "1", "0.9", "1", "0.9", "0.8", "1", "1", "0.9", "1", "1", "0.9", "1", "1", "1", "1", "1", "1", "1", "1", "0.9", "0.8", "0.8", "1", "1", "0.9", "0.9", "1", "0.8", "1", "0.9", "1", "0.9", "1", "0.8", "1", "0.8", "1", "0.9", "1", "1", "1", "1", "0.9", "1", "0.9", "1", "1", "1", "1", "1", "1", "0.9", "0.7", "0.8", "0.9", "0.9", "0.7", "1", "1", "0.9", "1", "0.9", "0.9", "0.9", "1", "0.9", "1", "0.9", "1", "0.9", "0.9", "1", "1", "0.8", "1", "1", "0.9", "1", "Doyle", "Stoker", "Darwin", "Dickens", "Hardy", "Wodehouse", "Poe", "Munro", "Melville", "Grey", "Lang", "Davis", "James", "Bower", "Irving", "Wells", "Alger", "Austen", "Twain", "Hawthorne", "ne", "th", "or", "Ha", "w", "M", "un", "ro", "M", "el", "vi", "lle", "G", "re", "y", "La", "ng", "Da", "vi", "s", "Ja", "m", "es", "Bo", "w", "er", "Irv", "in", "g", "W", "el", "ls", "Al", "ge", "r", "Au", "st", "en", "Tw", "ai", "n", "se", "Po", "e", "eh", "ou", "W", "od", "Do", "yl", "e", "St", "ok", "er", "Da", "rw", "in", "Di", "ck", "en", "s", "Ha", "rd", "y"], "regionBoundary": {"x2": 446.1107177734375, "y1": 77.12122344970703, "x1": 150.194580078125, "y2": 363.9217224121094}, "caption": "Figure 2: Accuracy rate (from 0 to 1) in the pairwise classification using the frequency of the 20 most frequent words.", "page": 5}, {"figType": "Figure", "name": "4", "captionBoundary": {"x2": 290.2702941894531, "y1": 697.4542236328125, "x1": 72.00100708007812, "y2": 731.1259765625}, "imageText": [], "regionBoundary": {"x2": 291.0, "y1": 461.8900146484375, "x1": 72.0, "y2": 680.8900146484375}, "caption": "Figure 4: PCA of the books written by Charles Darwin, Thomas Hardy, Edgar Allan Poe, and Mark Twain.", "page": 6}, {"figType": "Figure", "name": "3", "captionBoundary": {"x2": 525.546630859375, "y1": 388.15228271484375, "x1": 72.00100708007812, "y2": 408.2749938964844}, "imageText": ["0.8", "1", "0.6", "0.8", "0.5", "0.8", "0.6", "0.6", "0.8", "0.8", "0.7", "0.7", "0.5", "0.9", "0.8", "0.9", "0.5", "0.5", "0.9", "0.8", "1", "1", "1", "0.9", "0.9", "1", "0.9", "1", "0.9", "0.7", "0.8", "0.9", "0.8", "0.6", "0.6", "0.9", "0.8", "0.8", "1", "0.8", "0.8", "0.7", "1", "1", "0.9", "1", "0.9", "0.9", "0.9", "0.9", "1", "0.9", "1", "0.8", "1", "0.6", "0.5", "0.9", "0.7", "0.7", "0.8", "0.5", "0.8", "0.5", "0.9", "1", "1", "1", "0.8", "1", "1", "0.8", "1", "1", "0.9", "1", "1", "1", "0.8", "0.8", "1", "0.9", "0.8", "0.9", "1", "1", "0.9", "1", "1", "1", "1", "0.6", "0.8", "0.9", "0.9", "0.9", "1", "0.8", "1", "0.9", "1", "1", "0.5", "1", "0.5", "0.8", "0.2", "0.8", "0.7", "0.7", "0.6", "0.2", "0.9", "0.7", "0.8", "0.9", "0.2", "0.9", "0.9", "0.6", "0.5", "0.3", "0.9", "0.5", "0.7", "0.9", "1", "1", "0.6", "0.9", "1", "0.9", "1", "0.9", "1", "0.6", "0.8", "0.8", "1", "0.9", "0.7", "0.9", "1", "1", "0.7", "1", "1", "0.6", "1", "1", "1", "0.9", "0.6", "0.4", "0.6", "0.9", "0.4", "0.7", "0.2", "1", "0.9", "0.9", "0.5", "1", "0.8", "0.7", "0.9", "1", "0.7", "0.6", "0.8", "0.5", "0.5", "0.8", "0.7", "0.6", "0.8", "0.4", "0.9", "0.6", "1", "0.7", "0.2", "1", "1", "0.7", "0.4", "0.9", "0.5", "0.8", "Doyle", "Stoker", "Darwin", "Dickens", "Hardy", "Wodehouse", "Poe", "Munro", "Melville", "Grey", "Lang", "Davis", "James", "Bower", "Irving", "Wells", "Alger", "Austen", "Twain", "Hawthorne", "ne", "th", "or", "Ha", "w", "M", "un", "ro", "M", "el", "vi", "lle", "G", "re", "y", "La", "ng", "Da", "vi", "s", "Ja", "m", "es", "Bo", "w", "er", "Irv", "in", "g", "W", "el", "ls", "Al", "ge", "r", "Au", "st", "en", "Tw", "ai", "n", "se", "Po", "e", "eh", "ou", "W", "od", "Do", "yl", "e", "St", "ok", "er", "Da", "rw", "in", "Di", "ck", "en", "s", "Ha", "rd", "y"], "regionBoundary": {"x2": 446.1107177734375, "y1": 77.12122344970703, "x1": 150.194580078125, "y2": 363.9217224121094}, "caption": "Figure 3: Accuracy rate (from 0 to 1) in the pairwise classification using network features extracted from mesoscopic networks.", "page": 6}, {"figType": "Figure", "name": "1", "captionBoundary": {"x2": 525.5491943359375, "y1": 227.1563262939453, "x1": 72.00099182128906, "y2": 315.02410888671875}, "imageText": ["(e)", "Network", "(unweighted)", "t\ufb01df(p5+p6,T)", "t\ufb01df(p4+p5,T)", "t\ufb01df(p3+p4,T)", "t\ufb01df(p2+p3,T)", "t\ufb01df(p1+p2,T)", "(a)", "(b)", "(c)", "(d)", "tf-idf", "p5", "+", "p6", "p4", "+", "p5", "p3", "+", "p4", "p2", "+", "p3", "p1", "+", "p2", "Windows", "of", "paragraphs", "p6", "p5", "p4", "p3", "p2", "p1", "Bla", "bla", "bla", "bla", "bla", "bla", "bla", "bla", "bla", "bla", "bla", "bla", "bla", "bla", "bla", "bla", "bla", "bla.", "Bla", "bla", "bla", "bla", "bla", "bla", "bla", "bla", "bla", "bla", "bla", "bla", "bla", "bla", "bla", "bla", "bla", "bla.", "Bla", "bla", "bla", "bla", "bla", "bla", "bla", "bla", "bla", "bla", "bla", "bla", "bla", "bla", "bla", "bla", "bla", "bla.", "Bla", "bla", "bla", "bla", "bla", "bla", "bla", "bla", "bla", "bla", "bla", "bla", "bla", "bla", "bla", "bla", "bla", "bla.", "Bla", "bla", "bla", "bla", "bla", "bla", "bla", "bla", "bla", "bla", "bla", "bla", "bla", "bla", "bla", "bla", "bla", "bla.", "bla", "bla", "bla", "bla", "bla", "bla", "bla", "bla", "bla", "bla", "bla", "bla", "bla", "bla.", "Text", "(T)", "Network", "(weighted)", "Bla", "bla", "bla", "bla"], "regionBoundary": {"x2": 526.0885009765625, "y1": 62.587074279785156, "x1": 72.0, "y2": 209.37933349609375}, "caption": "Figure 1: Illustration of the mesoscopic approach proposed by de Arruda et al. (2017). First, the text T is divided into subsequent paragraphs (a). Overlapping windows with \u2206 = 2 paragraphs are shown in (b). Then, the tf-idf map is computed for all windows (c). Each pair of nodes (windows) i and j is now connected by an edge, weighted by the cosine similarity between their respective tf-idf maps (d). Next, in the network pruning phase, the edges with the lowest weights are removed until the network reaches a given average degree \u3008k\u3009. The network in (e) illustrates the obtained unweighted mesoscopic network with \u3008k\u3009 = 2.", "page": 2}, {"figType": "Figure", "name": "5", "captionBoundary": {"x2": 525.5467529296875, "y1": 533.13427734375, "x1": 72.00090789794922, "y2": 661.6500244140625}, "imageText": ["N", "1", "2", "3", "4", "5", "0", "Tw", "ai", "n", "Po", "e", "Ha", "rd", "y", "Da", "rw", "in"], "regionBoundary": {"x2": 526.1424560546875, "y1": 160.8900146484375, "x1": 77.85111999511719, "y2": 516.0487060546875},