{"raw_detected_boxes": [[], [], [{"x2": 667.0, "y1": 174.0, "x1": 162.0, "y2": 507.0}, {"x2": 656.0, "y1": 725.0, "x1": 167.0, "y2": 892.0}], [{"x2": 665.0, "y1": 266.0, "x1": 154.0, "y2": 507.0}, {"x2": 668.0, "y1": 646.0, "x1": 159.0, "y2": 869.0}], [{"x2": 713.0, "y1": 137.0, "x1": 150.0, "y2": 874.0}], [{"x2": 667.0, "y1": 340.0, "x1": 168.0, "y2": 663.0}, {"x2": 659.0, "y1": 725.0, "x1": 166.0, "y2": 935.0}], [{"x2": 694.0, "y1": 317.0, "x1": 155.0, "y2": 632.0}], [{"x2": 680.0, "y1": 162.0, "x1": 152.0, "y2": 477.0}]], "raw_pdffigures_output": {"regionless-captions": [], "figures": [{"figType": "Figure", "name": "6", "captionBoundary": {"x2": 489.7774353027344, "y1": 487.1319885253906, "x1": 104.13432312011719, "y2": 502.7769470214844}, "imageText": ["new", "(11_12/11_12)", "3E-3M", "SNODE", "(Word)", "(0_1+8_9,0_1+7_8)", "(1_2,1_2)", "(2_3,lah)", "(3_4,2_3)", "(5_6,6_7)", "(6_7,4_5)", "(7_8,3_4)", "(9_10,8_9)", "(11_12,12_13)", "(12_13,10_11)", "(13_14,9_10)", "(14_15,13_14)", "(16_17,14_16)", "STREE", "(Phrase)", "(0_17,0_16)", "(1_3+4_8,1_2-lah+3_7)", "(1_8,1_3-lah+3_7)", "(4_8,3_7)", "(5_6,5_7)", "(9_17,8_16)", "(10_14,9_13)", "(11_12,11_13)", "(14_17,13_16)", "(15_17,14_16)", "Translation", "Units", ":", "\u201cADD\u201d", "(10_11/10_11)", "celup", "___16", "yang", "____12", "yang", "_____6", "tanda", "_____4", "\u201cADD\u201d", "______5", "sesuai", "______7", "{ia}lah", "(+2_3/1_7)", "baru", "(12_13/11_13)", "sesuai", "(6_7/5_7)", "\u201cADD\u201d", "(4_5/4_5)", "tanda", "(3_4/3_4)", "ini", "(1_2+/1_2)", "pada", "___14", "baru", "____13", "batang", "____15", "bukanlah", "_______3", "paras", "____10", "ini", "___2", "tandakan", "_______9", ",", "_8", "\u201cADD\u201d", "_____11", "Kalau", "0____1", "3M", "batang", "celup", "(14_16/14_16)", "paras", "(9_10/9_13)", "pada", "(13_14/13_16)", "bukan", "(2_3+/1_7)", "tandakan", "(8_9/8_16)", "Kalau_,(0_1+7_8/0_16)", "on", "__15", "\u201cADD\u201d", "____13", "level", "____14", "the", "__16", "dipstick", "_____17", "the", "___5", "the", "___11", "correct", "______6", "not", "___4", "this", "___2", "is", "__3", "\u201cADD\u201d", "_____7", "mark", "___10", "mark", "____8", ",", "_9", "new", "___12", "If", "0_1", "3E", "is", "[V](2_3/1_3+4_8)-2E", "the", "[Det]-1E", "(15_16/15_16)", "dipstick", "[N](16_17/15_17)-1E", "on", "[P](14_15/14_17)-1E", "(12_13/12_13)", "the", "[Det]-1E", "(10_11/10_11)", "\u201cADD\u201d", "level", "[N](13_14/10_14)-1E", "(6_7/6_7)", "the", "[Det]", "-2E", "(4_5/4_5)", "\u201cADD\u201d", "[Adj]-1E", "mark", "[N](7_8/4_8)-2E", "correct", "[Adj]-2E", "(5_6/5_6)", "this", "[Pron]-2E", "(1_2/1_2)", "not", "[Adv](3_4/1_8)-1E", "mark", "[V]", "(9_10/9_17)-1E", "If_,", "[Conj](0_1+8_9/0_17)-1E"], "regionBoundary": {"x2": 480.0, "y1": 242.9580078125, "x1": 115.0, "y2": 479.9580078125}, "caption": "Figure 6: An example annotation between source sentence 3E and target sentence 3M after going through the correction done by the linguist on the improper annotations produced by the MT system.", "page": 5}, {"figType": "Figure", "name": "7", "captionBoundary": {"x2": 481.02020263671875, "y1": 673.971923828125, "x1": 112.70624542236328, "y2": 689.6168823242188}, "imageText": [], "regionBoundary": {"x2": 481.0, "y1": 511.9580078125, "x1": 114.0, "y2": 667.9580078125}, "caption": "Figure 7: A shared forest structure constructed based on the representation structures of source sentence 1E, 2E and 3E with its words Index", "page": 5}, {"figType": "Figure", "name": "8", "captionBoundary": {"x2": 478.7777099609375, "y1": 471.7401123046875, "x1": 115.44258117675781, "y2": 476.09771728515625}, "imageText": ["Target", "text", "+", "annotations", "&", "Adjustment", "Confirmation", "Linguists", "Re-annotate", "the", "edited", "parts", "text)", "(source", "(target", "text)", "English", "Malay", "Domain", "Experts", "(Check", "semantical", "mistakes)", "Edited", "parts", "are", "recorded", "text)", "(source", "(target", "text)", "English", "Malay", "Translators", "(Check", "syntactical", "mistakes)", "Edited", "parts", "are", "recorded", "New", "Source", "text", "Machine", "Translation", "(source", "text)", "(target", "text)", "English", "Malay", "Learning", "to", "Translate", "(target", "text)", "(source", "text)", "English", "Malay", "Learning", "tools", "Annotation", "for", "transaltion", "units", "Annotated", "with", "Structural", "interpretation", "text)", "(source", "(target", "text)", "English", "Malay", "Linguists", "(target", "text)", "(source", "text)", "Postedit", "English", "Malay", "Syntactically", "Well", "form", "Semantically", "Well", "form", "Domain", "Experts", "(Lecturer)", "Sample", "Source", "text", "text)", "(target", "(source", "text)", "Translators", "(with", "a", "degree", "in", "transaltion", "program)", "English", "Malay", "Technical", "texts", "translation", ":", "-", "Computer", "Science", "-", "Physic", "-Chemistry", "etc.", "Problem"], "regionBoundary": {"x2": 504.0, "y1": 225.42587280273438, "x1": 107.15658569335938, "y2": 457.5849304199219}, "caption": "Figure 8: An overview of the implementation for the \u201clearn-to-translate\u201d S-SSTC-based model", "page": 6}, {"figType": "Figure", "name": "1", "captionBoundary": {"x2": 483.3866271972656, "y1": 372.1586608886719, "x1": 110.63500213623047, "y2": 376.5162658691406}, "imageText": ["(0_1+10_11,0_1+8_9)", "(2_3,2_3)", "(3_4,1_2)", "(4_5,4_5)", "(5_6,3_4)", "(6_7,5_6)", "(8_9,7_8)", "(9_10,6_7)", "(11_12,9_10)", "(13_14,12_13)", "(14_15,10_11)", "(15_16,13_14)", "(17_18,14_16)", "SNODE", "(Word)", "STREE", "(Phrase)", "(0_18,0_16)", "(1_4,1_3)", "(1_5+6_10,1_3+4_8)", "(1_10,1_8)", "(6_10,5_8)", "(7_10,6_8)", "(11_18,9_16)", "(12_15,10_13)", "(15_18,13_16)", "(16_18,14_16)", "Translation", "Units", ":", "batang", "14____", "sebenar", "12_____", "pada", "13____", "celup", "15___16", "berada", "4_____", "parasnya", "10________", "pada", "5____", "tidak", "3____", "paras", "1____", "minyak", "2_____", "tanda", "6____", "tandakan", "9______", "\u201cADD\u201d", "7____", ",", "8_", "yang", "11____", "Kalau", "0____", "1M", "berada", "(4_5/1_3+4_8)", "batang", "celup", "(14_16/14_16)", "pada", "(13_14/13_16)", "sebenar", "(12_13/11_13)", "paras", "(10_11/10_13)", "\u201cADD\u201d", "(7_8/7_8)", "tanda", "(6_7/6_8)", "minyak", "(2_3/2_3)", "paras(1_2/1_3)", "pada", "(5_6/5_8)", "tandakan", "(9_10/9_16)", "tidak", "(3_4/1_8)", "Kalau_,(0_1+8_9/0_16)", "level", "__15", "the", "__13", "actual", "____14", "on", "__16", "dipstick", "_____18", "the", "__17", "is", "__5", ",", "_11", "not", "__6", "level", "___4", "the", "__2", "oil", "__3", "at", "__7", "mark", "___10", "the", "___8", "\u201cADD\u201d", "____9", "mark", "___12", "If", "0_1", "1E", "is", "[V](4_5/1_5+6_10)", "the", "[Det]", "(16_17/16_17)", "dipstick", "[N](17_18/16_18)", "on", "[P](15_16/15_18)", "actual", "[Adj]", "(13_14/13_14)", "the", "[Det]", "(12_13/12_13)", "level", "[N](14_15/12_15)", "\u201cADD\u201d", "[Adj]", "(8_9/8_9)", "the", "[Det]", "(7_8/7_8)", "mark", "[N](9_10/7_10)", "the", "[Det]", "(1_2/1_2)", "oil[Adj]", "(2_3/2_3)", "level", "[N](3_4/1_4)", "at", "[P](6_7/6_10)", "not", "[Adv](5_6/1_10)", "mark", "[V]", "(11_12/11_18)", "If_,", "[Conj](0_1+10_11/0_18)"], "regionBoundary": {"x2": 480.0, "y1": 121.9580078125, "x1": 115.0, "y2": 364.9580078125}, "caption": "Figure 1: An example pair of English - Malay SSTCs and the corresponding translation elements", "page": 2}, {"figType": "Figure", "name": "2", "captionBoundary": {"x2": 461.90380859375, "y1": 639.40673828125, "x1": 131.8605499267578, "y2": 643.7643432617188},