{"raw_detected_boxes": [[], [], [], [{"x2": 378.0, "y1": 146.0, "x1": 123.0, "y2": 303.0}], [{"x2": 395.0, "y1": 151.0, "x1": 97.0, "y2": 646.0}], [{"x2": 663.0, "y1": 150.0, "x1": 164.0, "y2": 896.0}], [], [], []], "raw_pdffigures_output": {"regionless-captions": [], "figures": [{"figType": "Table", "name": "2", "captionBoundary": {"x2": 525.0401611328125, "y1": 656.2861328125, "x1": 70.00238037109375, "y2": 696.9911499023438}, "imageText": ["self", "source", "target", "gold", "lex", "delex", "l20", "single", "best", "multi", "best", "ar", "80", "80", "70", "58", "he:50", "got:49", "pl:48", "sla:45", "rom:45", "bg", "84", "88", "84", "51", "sl:73", "cs:72", "hr:70", "sla:76", "ine:71", "cs", "81", "80", "73", "55", "hr:62", "bg:60", "sl:60", "sla:61", "ine:60", "cu", "87", "83", "77", "60", "got:73", "grc1:69", "la1:57", "ger:68", "ine:67", "da", "84", "78", "72", "54", "no:63", "bg:61", "sv:59", "ger:66", "ine:66", "de", "81", "75", "67", "51", "sv:54", "sl:53", "bg:53", "sla:59", "ger:57", "el", "80", "80", "73", "60", "hr:59", "sl:59", "ro:51", "sla:63", "ine:62", "en", "84", "81", "71", "56", "sv:55", "de:54", "fr:52", "all:58", "ger:58", "es", "76", "81", "72", "59", "it:68", "fr:65", "ro:54", "rom:70", "ine:69", "et", "88", "82", "78", "53", "\ufb01:65", "hu:64", "pl:63", "agl:75", "all:64", "eu", "78", "73", "66", "53", "hu:45", "hi:41", "et:39", "sla:44", "ine:43", "fa", "83", "80", "68", "55", "grc1:47", "he:46", "sl:45", "sla:49", "all:44", "\ufb01", "78", "74", "65", "42", "da:49", "\ufb011:47", "et:45", "all:52", "agl:51", "\ufb011", "73", "69", "65", "45", "\ufb01:54", "la:49", "et:44", "all:48", "ine:47", "fr", "81", "80", "73", "59", "es:66", "it:65", "bg:57", "rom:67", "all:65", "ga", "78", "73", "70", "58", "he:57", "id:53", "ro:51", "all:57", "rom:56", "got", "82", "77", "73", "58", "cu:67", "grc1:66", "la1:54", "sla:66", "all:62", "grc", "72", "68", "59", "45", "grc1:50", "got:49", "la:47", "all:47", "ine:47", "grc1", "74", "72", "67", "33", "got:62", "grc:52", "la1:49", "sla:57", "ine:56", "he", "84", "81", "76", "59", "id:55", "es:54", "ro:51", "rom:57", "all:57", "hi", "91", "89", "82", "60", "ta:55", "hu:53", "et:43", "agl:56", "all:47", "hr", "83", "77", "72", "51", "sl:57", "cs:55", "bg:54", "sla:61", "ine:60", "hu", "79", "74", "70", "62", "sv:54", "bg:53", "et:47", "sla:54", "all:53", "id", "82", "79", "70", "58", "hr:57", "he:54", "bg:48", "sla:57", "rom:53", "it", "87", "86", "79", "64", "es:74", "fr:72", "ro:59", "rom:76", "all:73", "la", "62", "55", "47", "31", "grc1:54", "cu:52", "la1:51", "all:53", "sla:52", "la1", "72", "69", "58", "43", "grc1:56", "got:56", "cu:54", "sla:50", "all:49", "la2", "72", "71", "65", "38", "la:44", "pl:44", "hr:44", "sla:47", "ine:47", "nl", "73", "71", "68", "53", "de:52", "pt:52", "el:52", "ine:54", "all:53", "no", "87", "84", "72", "42", "sv:61", "hr:61", "bg:60", "ine:66", "ger:66", "pl", "87", "83", "78", "62", "sl:69", "hr:67", "bg:63", "sla:73", "all:69", "pt", "78", "84", "76", "67", "it:69", "es:69", "fr:66", "all:68", "rom:68", "ro", "76", "66", "62", "53", "it:59", "id:58", "es:56", "rom:62", "ine:61", "sl", "88", "83", "79", "56", "cs:70", "hr:65", "bg:62", "sla:75", "ine:69", "sv", "86", "81", "73", "49", "no:64", "da:63", "en:62", "ger:69", "ine:65", "ta", "80", "66", "63", "50", "hi:46", "hu:44", "eu:40", "agl:50", "all:48"], "regionBoundary": {"x2": 482.0, "y1": 106.0, "x1": 116.0, "y2": 645.0}, "caption": "Table 2: Unlabeled attachment score of delexicalized parsers on the UD 1.2 test data. Gold-standard tags were used in the \u201cgold\u201d column, and tags predicted by UDPipe everywhere else. The \u201cgold\u201d, \u201clex\u201d and \u201cl20\u201d columns are lexicalized. Parsers in \u201cl20\u201d are trained on 20 labeled sentences; highlighted figures indicate languages where the delexicalized parser did worse than \u201cl20\u201d.", "page": 5}, {"figType": "Table", "name": "1", "captionBoundary": {"x2": 290.5179443359375, "y1": 480.7159118652344, "x1": 70.00241088867188, "y2": 614.409423828125}, "imageText": ["source", "target", "base", "self", "all", "ine", "ger", "rom", "sla", "agl", "c7", "bg", "37", "87", "57", "58", "61", "56", "67", "45", "50", "cs", "42", "82", "60", "59", "52", "46", "63", "45", "54", "da", "30", "83", "63", "67", "70", "58", "48", "42", "55", "de", "30", "83", "58", "60", "63", "58", "46", "39", "51", "el", "36", "88", "62", "62", "51", "54", "51", "40", "55", "en", "30", "81", "56", "58", "62", "54", "49", "48", "52", "es", "31", "89", "69", "72", "72", "79", "56", "40", "61", "et", "49", "73", "51", "48", "47", "37", "47", "51", "45", "eu", "42", "78", "52", "45", "41", "40", "42", "46", "44", "fa", "48", "89", "47", "39", "34", "27", "47", "42", "42", "\ufb01", "41", "74", "49", "49", "46", "42", "49", "49", "43", "\ufb011", "35", "73", "46", "47", "40", "36", "42", "48", "41", "fr", "33", "89", "73", "73", "63", "78", "52", "41", "65", "ga", "38", "84", "58", "56", "57", "51", "49", "45", "57", "he", "38", "81", "42", "37", "34", "29", "39", "34", "38", "hi", "30", "85", "51", "45", "50", "43", "46", "35", "48", "hr", "41", "84", "56", "60", "51", "41", "65", "49", "52", "hu", "37", "79", "51", "49", "55", "51", "43", "37", "46", "id", "42", "82", "50", "47", "42", "41", "47", "42", "44", "it", "34", "86", "58", "51", "56", "74", "53", "38", "55", "la", "30", "74", "49", "39", "34", "26", "40", "43", "43", "la1", "20", "79", "35", "28", "23", "17", "33", "22", "29", "la2", "37", "89", "50", "47", "44", "39", "52", "53", "50", "nl", "28", "83", "62", "61", "65", "60", "44", "44", "61", "no", "29", "87", "66", "65", "70", "56", "48", "44", "49", "pl", "45", "80", "60", "59", "48", "47", "64", "46", "53", "pt", "36", "89", "67", "67", "62", "75", "60", "40", "51", "ro", "36", "75", "58", "56", "47", "55", "50", "39", "51", "sl", "36", "78", "62", "60", "52", "45", "62", "45", "53", "sv", "30", "80", "65", "68", "71", "53", "53", "46", "59", "ta", "42", "69", "37", "33", "30", "25", "35", "36", "32"], "regionBoundary": {"x2": 291.0, "y1": 107.0, "x1": 70.0, "y2": 470.0}, "caption": "Table 1: POS tagging accuracy using the SVM classifier, measured on UD 1.2 development data. The \u201cbase\u201d column shows baseline results. The \u201cself\u201d column contains results of a classifier trained on the target language. In the remaining columns the target language was always excluded from the source language set. Various combinations of source languages were tested: all, IndoEuropean, Germanic, Romance, Slavic, a mix of agglutinating languages, and the \u201cc7\u201d combination from (Yu et al., 2016) (but UD 1.2 does not contain Catalan and Turkish, so our mix contains a maximum of 5 languages, minus the source: bg, de, el, hi, hu).", "page": 4}, {"figType": "Figure", "name": "1", "captionBoundary": {"x2": 290.5179138183594, "y1": 234.45880126953125, "x1": 70.00250244140625, "y2": 251.91790771484375}, "imageText": ["case", "nmod", "advmod", "case", "nmod", "advmod", "aux", "nsubj", "Nikdy", "nebyla", "v", "Soulu", "She", "has", "never", "been", "to", "Seoul", "PRON", "AUX", "ADV", "VERB", "ADP", "PROPN"], "regionBoundary": {"x2": 272.2034912109375, "y1": 106.0, "x1": 88.30978393554688, "y2": 219.0}, "caption": "Figure 1: English and Czech sentence with equivalent meaning and shared dependencies.", "page": 3}]}, "figures": [{"page_width": 0, "caption_boundary": {"x2": 403.49710252549914, "y1": 325.6372239854601, "x1": 97.22569783528645, "y2": 349.88598293728296}, "name": "1", "caption_text": "Figure 1: English and Czech sentence with equivalent meaning and shared dependencies.", "figure_type": "Figure", "uri": null, "page_height": 0, "figure_boundary": {"x2": 378.0, "y1": 146.0, "x1": 123.0, "y2": 304.0}, "page": 3, "dpi": 0}, {"page_width": 0, "caption_boundary": {"x2": 403.4971449110243, "y1": 667.6609887017144, "x1": 97.22557067871094, "y2": 853.346421983507}, "name": "1",