{"raw_detected_boxes": [[], [], [], [], [], [{"x2": 656.0, "y1": 432.0, "x1": 430.0, "y2": 530.0}], [{"x2": 706.0, "y1": 301.0, "x1": 444.0, "y2": 594.0}, {"x2": 375.0, "y1": 357.0, "x1": 108.0, "y2": 637.0}], [], []], "raw_pdffigures_output": {"regionless-captions": [], "figures": [{"figType": "Figure", "name": "1", "captionBoundary": {"x2": 478.6797790527344, "y1": 443.79150390625, "x1": 350.8505859375, "y2": 449.627685546875}, "imageText": ["Bill", "\u23a6", "\u23a4", "FEC", "{", "[SEM", "b]", "}", "NP", "\u23a1", "\u23a3", "SEM", "b", "Sue", "\u23a6", "\u23a4", "FEC", "{", "[SEM", "s]", "}", "NP", "\u23a1", "\u23a3", "SEM", "s", "\u23a5", "\u23a5", "\u23a5", "\u23a5", "\u23a5", "\u23a5", "\u23a5", "\u23a5", "\u23a5", "\u23a6", "\u23a4", "SEM", "love(s,", "b)", "\u23a5\u23a5\u23a5\u23a5\u23a5", "\u23a6", "\u23a4", "Q", "\u03bby.\u03bbx.love\u2032(x,", "y)", "\u23aa\u23aa\u23ad", "\u23ab", "\u23aa\u23aa\u23ac", "[", "SEM", "s", "]", ",", "[", "SEM", "b", "]", "[", "SEM", "m", "]", ",", "[", "SEM", "p", "]", "\u23aa\u23aa\u23a9", "\u23a7", "\u23aa\u23aa\u23a8", "\u23a2\u23a2\u23a2\u23a2\u23a2", "\u23a3", "FEC", "\u23a1", "\u23a2", "\u23a2", "\u23a2", "\u23a2", "\u23a2", "\u23a2", "\u23a2", "\u23a2", "\u23a2", "\u23a3", "MAX-QUD", "\u23a1"], "regionBoundary": {"x2": 512.4243774414062, "y1": 209.5915985107422, "x1": 317.099365234375, "y2": 428.39068603515625}, "caption": "Figure 1: Gapped clause Sue Bill", "page": 6}]}, "figures": [{"page_width": 0, "caption_boundary": {"x2": 664.8330264621311, "y1": 616.3770887586805, "x1": 487.29248046875, "y2": 624.482896592882}, "name": "1", "caption_text": "Figure 1: Gapped clause Sue Bill", "figure_type": "Figure", "uri": null, "page_height": 0, "figure_boundary": {"x2": 707.0, "y1": 298.0, "x1": 444.0, "y2": 596.0}, "page": 6, "dpi": 0}], "error": null, "pdf": "/work/host-output/8e9411a3eca77eb9fcdc0714a8812316a56755c6/Y16-2028.pdf", "dpi": 100}